order_id,order_date,customer_id,region,customer_type,product_id,product_name,category,quantity,unit_price,discount_pct,revenue,cost,profit
O000001,2024-01-01,C0219,North,Retail,P0013,Backpack,Apparel,2,282.71,0.15,480.61,401.48,79.13
O000002,2024-01-01,C0310,South,Wholesale,P0008,Cookware Set,Home & Kitchen,4,144.8,0.0,579.2,276.36,302.84
O000003,2024-01-01,C0167,South,Retail,P0010,Coffee Maker,Home & Kitchen,2,276.64,0.05,525.62,410.84,114.78
O000004,2024-01-01,C0177,South,Online,P0001,Wireless Earbuds,Electronics,5,46.85,0.05,222.54,120.9,101.64
O000005,2024-01-01,C0229,North,Wholesale,P0007,Blender,Home & Kitchen,6,121.55,0.0,729.3,532.56,196.74
O000006,2024-01-01,C0352,West,Retail,P0016,Ergonomic Chair,Office Supplies,3,85.32,0.15,217.57,154.29,63.28
O000007,2024-01-02,C0211,South,Wholesale,P0014,Sunglasses,Apparel,4,226.65,0.15,770.61,475.84,294.77
O000008,2024-01-02,C0072,East,Retail,P0005,Laptop Stand,Electronics,2,108.18,0.15,183.91,129.82,54.09
O000009,2024-01-02,C0273,South,Wholesale,P0018,Notebook Set,Office Supplies,7,171.61,0.05,1141.21,598.99,542.22
O000010,2024-01-02,C0055,North,Retail,P0019,Desk Organizer,Office Supplies,1,260.68,0.0,260.68,170.95,89.73
O000011,2024-01-02,C0313,North,Retail,P0014,Sunglasses,Apparel,1,226.65,0.05,215.32,118.96,96.36
O000012,2024-01-02,C0240,South,Retail,P0005,Laptop Stand,Electronics,3,108.18,0.15,275.86,194.73,81.13
O000013,2024-01-03,C0378,East,Online,P0016,Ergonomic Chair,Office Supplies,5,85.32,0.0,426.6,257.15,169.45
O000014,2024-01-03,C0066,South,Retail,P0017,Standing Desk,Office Supplies,1,143.29,0.0,143.29,86.95,56.34
O000015,2024-01-03,C0373,West,Wholesale,P0009,Vacuum Cleaner,Home & Kitchen,1,86.66,0.05,82.33,53.24,29.09
O000016,2024-01-03,C0246,East,Retail,P0008,Cookware Set,Home & Kitchen,7,144.8,0.15,861.56,483.63,377.93
O000017,2024-01-03,C0229,North,Wholesale,P0014,Sunglasses,Apparel,1,226.65,0.1,203.98,118.96,85.02
O000018,2024-01-03,C0047,West,Retail,P0002,Smart Watch,Electronics,3,189.4,0.0,568.2,302.82,265.38
O000019,2024-01-03,C0280,North,Retail,P0001,Wireless Earbuds,Electronics,7,46.85,0.0,327.95,169.26,158.69
O000020,2024-01-04,C0304,South,Online,P0018,Notebook Set,Office Supplies,3,171.61,0.1,463.35,256.71,206.64
O000021,2024-01-04,C0046,North,Online,P0020,Monitor Arm,Office Supplies,3,193.94,0.1,523.64,388.2,135.44
O000022,2024-01-04,C0107,East,Retail,P0008,Cookware Set,Home & Kitchen,2,144.8,0.2,231.68,138.18,93.5
O000023,2024-01-04,C0165,East,Retail,P0006,Air Fryer,Home & Kitchen,6,298.69,0.1,1612.93,912.0,700.93
O000024,2024-01-04,C0304,South,Online,P0003,Bluetooth Speaker,Electronics,4,365.93,0.0,1463.72,861.32,602.4
O000025,2024-01-04,C0144,North,Retail,P0015,Wallet,Apparel,3,245.76,0.0,737.28,449.49,287.79
O000026,2024-01-05,C0395,West,Wholesale,P0005,Laptop Stand,Electronics,7,108.18,0.0,757.26,454.37,302.89
O000027,2024-01-05,C0092,East,Retail,P0014,Sunglasses,Apparel,6,226.65,0.0,1359.9,713.76,646.14
O000028,2024-01-06,C0036,South,Retail,P0015,Wallet,Apparel,6,245.76,0.0,1474.56,898.98,575.58
O000029,2024-01-06,C0244,East,Online,P0009,Vacuum Cleaner,Home & Kitchen,7,86.66,0.0,606.62,372.68,233.94
O000030,2024-01-06,C0303,West,Retail,P0009,Vacuum Cleaner,Home & Kitchen,3,86.66,0.0,259.98,159.72,100.26
O000031,2024-01-07,C0091,South,Retail,P0018,Notebook Set,Office Supplies,4,171.61,0.0,686.44,342.28,344.16
O000032,2024-01-07,C0254,West,Retail,P0014,Sunglasses,Apparel,6,226.65,0.15,1155.92,713.76,442.16
O000033,2024-01-08,C0302,North,Online,P0012,Denim Jacket,Apparel,1,97.06,0.05,92.21,56.82,35.39
O000034,2024-01-08,C0146,West,Wholesale,P0013,Backpack,Apparel,2,282.71,0.0,565.42,401.48,163.94
O000035,2024-01-08,C0173,South,Online,P0019,Desk Organizer,Office Supplies,1,260.68,0.0,260.68,170.95,89.73
O000036,2024-01-08,C0152,East,Online,P0004,Power Bank,Electronics,2,156.84,0.1,282.31,228.48,53.83
O000037,2024-01-09,C0151,West,Wholesale,P0009,Vacuum Cleaner,Home & Kitchen,3,86.66,0.05,246.98,159.72,87.26
O000038,2024-01-09,C0054,North,Retail,P0003,Bluetooth Speaker,Electronics,7,365.93,0.15,2177.28,1507.31,669.97
O000039,2024-01-09,C0112,North,Online,P0009,Vacuum Cleaner,Home & Kitchen,7,86.66,0.0,606.62,372.68,233.94
O000040,2024-01-09,C0209,South,Online,P0013,Backpack,Apparel,1,282.71,0.0,282.71,200.74,81.97
O000041,2024-01-09,C0236,North,Retail,P0010,Coffee Maker,Home & Kitchen,3,276.64,0.05,788.42,616.26,172.16
O000042,2024-01-09,C0156,West,Retail,P0004,Power Bank,Electronics,4,156.84,0.2,501.89,456.96,44.93
O000043,2024-01-09,C0032,West,Retail,P0013,Backpack,Apparel,5,282.71,0.0,1413.55,1003.7,409.85
O000044,2024-01-10,C0398,West,Retail,P0016,Ergonomic Chair,Office Supplies,3,85.32,0.15,217.57,154.29,63.28
O000045,2024-01-10,C0237,South,Online,P0017,Standing Desk,Office Supplies,1,143.29,0.0,143.29,86.95,56.34
O000046,2024-01-10,C0151,West,Wholesale,P0002,Smart Watch,Electronics,7,189.4,0.05,1259.51,706.58,552.93
O000047,2024-01-10,C0357,North,Retail,P0014,Sunglasses,Apparel,6,226.65,0.15,1155.92,713.76,442.16
O000048,2024-01-10,C0381,North,Retail,P0018,Notebook Set,Office Supplies,1,171.61,0.05,163.03,85.57,77.46
O000049,2024-01-10,C0052,North,Retail,P0001,Wireless Earbuds,Electronics,3,46.85,0.0,140.55,72.54,68.01
O000050,2024-01-11,C0192,West,Online,P0015,Wallet,Apparel,7,245.76,0.05,1634.3,1048.81,585.49
O000051,2024-01-11,C0380,West,Wholesale,P0006,Air Fryer,Home & Kitchen,7,298.69,0.1,1881.75,1064.0,817.75
O000052,2024-01-11,C0231,West,Wholesale,P0007,Blender,Home & Kitchen,3,121.55,0.0,364.65,266.28,98.37
O000053,2024-01-12,C0182,South,Retail,P0008,Cookware Set,Home & Kitchen,7,144.8,0.0,1013.6,483.63,529.97
O000054,2024-01-12,C0087,South,Wholesale,P0015,Wallet,Apparel,5,245.76,0.15,1044.48,749.15,295.33
O000055,2024-01-12,C0259,North,Retail,P0009,Vacuum Cleaner,Home & Kitchen,2,86.66,0.0,173.32,106.48,66.84
O000056,2024-01-12,C0029,West,Online,P0001,Wireless Earbuds,Electronics,4,46.85,0.05,178.03,96.72,81.31
O000057,2024-01-12,C0006,South,Retail,P0017,Standing Desk,Office Supplies,7,143.29,0.05,952.88,608.65,344.23
O000058,2024-01-12,C0238,West,Wholesale,P0015,Wallet,Apparel,5,245.76,0.05,1167.36,749.15,418.21
O000059,2024-01-13,C0324,North,Retail,P0005,Laptop Stand,Electronics,2,108.18,0.05,205.54,129.82,75.72
O000060,2024-01-13,C0126,North,Retail,P0007,Blender,Home & Kitchen,5,121.55,0.05,577.36,443.8,133.56
O000061,2024-01-13,C0284,North,Wholesale,P0008,Cookware Set,Home & Kitchen,7,144.8,0.0,1013.6,483.63,529.97
O000062,2024-01-14,C0212,West,Online,P0005,Laptop Stand,Electronics,2,108.18,0.05,205.54,129.82,75.72
O000063,2024-01-14,C0168,South,Retail,P0002,Smart Watch,Electronics,2,189.4,0.0,378.8,201.88,176.92
O000064,2024-01-14,C0141,North,Online,P0002,Smart Watch,Electronics,6,189.4,0.1,1022.76,605.64,417.12
O000065,2024-01-14,C0034,West,Online,P0016,Ergonomic Chair,Office Supplies,5,85.32,0.15,362.61,257.15,105.46
O000066,2024-01-14,C0270,East,Online,P0006,Air Fryer,Home & Kitchen,2,298.69,0.05,567.51,304.0,263.51
O000067,2024-01-15,C0296,North,Wholesale,P0014,Sunglasses,Apparel,7,226.65,0.1,1427.9,832.72,595.18
O000068,2024-01-15,C0028,South,Wholesale,P0002,Smart Watch,Electronics,3,189.4,0.15,482.97,302.82,180.15
O000069,2024-01-15,C0056,North,Wholesale,P0009,Vacuum Cleaner,Home & Kitchen,7,86.66,0.05,576.29,372.68,203.61
O000070,2024-01-15,C0161,North,Online,P0011,Running Shoes,Apparel,2,291.03,0.15,494.75,270.64,224.11
O000071,2024-01-15,C0251,East,Online,P0009,Vacuum Cleaner,Home & Kitchen,2,86.66,0.05,164.65,106.48,58.17
O000072,2024-01-15,C0144,North,Retail,P0019,Desk Organizer,Office Supplies,7,260.68,0.0,1824.76,1196.65,628.11
O000073,2024-01-15,C0277,North,Retail,P0010,Coffee Maker,Home & Kitchen,4,276.64,0.1,995.9,821.68,174.22
O000074,2024-01-16,C0326,North,Wholesale,P0012,Denim Jacket,Apparel,5,97.06,0.1,436.77,284.1,152.67
O000075,2024-01-16,C0126,North,Retail,P0017,Standing Desk,Office Supplies,4,143.29,0.05,544.5,347.8,196.7
O000076,2024-01-16,C0194,North,Online,P0003,Bluetooth Speaker,Electronics,5,365.93,0.1,1646.69,1076.65,570.04
O000077,2024-01-16,C0086,West,Online,P0002,Smart Watch,Electronics,3,189.4,0.0,568.2,302.82,265.38
O000078,2024-01-16,C0089,West,Wholesale,P0001,Wireless Earbuds,Electronics,6,46.85,0.0,281.1,145.08,136.02
O000079,2024-01-16,C0379,West,Online,P0002,Smart Watch,Electronics,1,189.4,0.0,189.4,100.94,88.46
O000080,2024-01-16,C0307,North,Online,P0016,Ergonomic Chair,Office Supplies,6,85.32,0.1,460.73,308.58,152.15
O000081,2024-01-17,C0224,South,Wholesale,P0016,Ergonomic Chair,Office Supplies,6,85.32,0.0,511.92,308.58,203.34
O000082,2024-01-17,C0303,West,Retail,P0008,Cookware Set,Home & Kitchen,7,144.8,0.15,861.56,483.63,377.93
O000083,2024-01-17,C0270,East,Online,P0017,Standing Desk,Office Supplies,3,143.29,0.0,429.87,260.85,169.02
O000084,2024-01-17,C0242,North,Online,P0015,Wallet,Apparel,3,245.76,0.1,663.55,449.49,214.06
O000085,2024-01-17,C0224,South,Wholesale,P0004,Power Bank,Electronics,7,156.84,0.1,988.09,799.68,188.41
O000086,2024-01-18,C0185,North,Retail,P0010,Coffee Maker,Home & Kitchen,5,276.64,0.0,1383.2,1027.1,356.1
O000087,2024-01-18,C0241,East,Retail,P0020,Monitor Arm,Office Supplies,5,193.94,0.0,969.7,647.0,322.7
O000088,2024-01-18,C0375,East,Retail,P0003,Bluetooth Speaker,Electronics,4,365.93,0.0,1463.72,861.32,602.4
O000089,2024-01-18,C0390,West,Online,P0004,Power Bank,Electronics,3,156.84,0.0,470.52,342.72,127.8
O000090,2024-01-19,C0010,East,Online,P0014,Sunglasses,Apparel,5,226.65,0.05,1076.59,594.8,481.79
O000091,2024-01-19,C0361,West,Retail,P0016,Ergonomic Chair,Office Supplies,5,85.32,0.05,405.27,257.15,148.12
O000092,2024-01-19,C0348,North,Wholesale,P0017,Standing Desk,Office Supplies,1,143.29,0.2,114.63,86.95,27.68
O000093,2024-01-19,C0113,South,Retail,P0012,Denim Jacket,Apparel,4,97.06,0.05,368.83,227.28,141.55
O000094,2024-01-19,C0119,South,Online,P0012,Denim Jacket,Apparel,2,97.06,0.0,194.12,113.64,80.48
O000095,2024-01-19,C0326,North,Wholesale,P0006,Air Fryer,Home & Kitchen,3,298.69,0.0,896.07,456.0,440.07
O000096,2024-01-19,C0365,North,Retail,P0010,Coffee Maker,Home & Kitchen,6,276.64,0.15,1410.86,1232.52,178.34
O000097,2024-01-19,C0014,West,Online,P0003,Bluetooth Speaker,Electronics,3,365.93,0.05,1042.9,645.99,396.91
O000098,2024-01-19,C0294,West,Retail,P0004,Power Bank,Electronics,1,156.84,0.1,141.16,114.24,26.92
O000099,2024-01-19,C0090,West,Retail,P0010,Coffee Maker,Home & Kitchen,3,276.64,0.0,829.92,616.26,213.66
O000100,2024-01-19,C0313,North,Retail,P0010,Coffee Maker,Home & Kitchen,2,276.64,0.0,553.28,410.84,142.44
O000101,2024-01-20,C0196,South,Online,P0006,Air Fryer,Home & Kitchen,7,298.69,0.05,1986.29,1064.0,922.29
O000102,2024-01-20,C0115,West,Wholesale,P0009,Vacuum Cleaner,Home & Kitchen,2,86.66,0.0,173.32,106.48,66.84
O000103,2024-01-20,C0333,South,Online,P0013,Backpack,Apparel,6,282.71,0.0,1696.26,1204.44,491.82
O000104,2024-01-20,C0170,North,Wholesale,P0007,Blender,Home & Kitchen,1,121.55,0.05,115.47,88.76,26.71
O000105,2024-01-21,C0235,South,Wholesale,P0008,Cookware Set,Home & Kitchen,3,144.8,0.15,369.24,207.27,161.97
O000106,2024-01-21,C0020,South,Retail,P0002,Smart Watch,Electronics,4,189.4,0.05,719.72,403.76,315.96
O000107,2024-01-21,C0290,North,Online,P0004,Power Bank,Electronics,5,156.84,0.0,784.2,571.2,213.0
O000108,2024-01-21,C0374,West,Retail,P0001,Wireless Earbuds,Electronics,4,46.85,0.0,187.4,96.72,90.68
O000109,2024-01-21,C0290,North,Online,P0020,Monitor Arm,Office Supplies,4,193.94,0.0,775.76,517.6,258.16
O000110,2024-01-21,C0033,East,Online,P0019,Desk Organizer,Office Supplies,2,260.68,0.1,469.22,341.9,127.32
O000111,2024-01-21,C0384,West,Online,P0010,Coffee Maker,Home & Kitchen,1,276.64,0.0,276.64,205.42,71.22
O000112,2024-01-21,C0140,South,Online,P0002,Smart Watch,Electronics,4,189.4,0.0,757.6,403.76,353.84
O000113,2024-01-22,C0108,North,Online,P0008,Cookware Set,Home & Kitchen,3,144.8,0.1,390.96,207.27,183.69
O000114,2024-01-22,C0282,South,Wholesale,P0006,Air Fryer,Home & Kitchen,4,298.69,0.15,1015.55,608.0,407.55
O000115,2024-01-23,C0224,South,Wholesale,P0004,Power Bank,Electronics,2,156.84,0.0,313.68,228.48,85.2
O000116,2024-01-23,C0221,West,Online,P0012,Denim Jacket,Apparel,1,97.06,0.0,97.06,56.82,40.24
O000117,2024-01-23,C0356,North,Wholesale,P0014,Sunglasses,Apparel,3,226.65,0.0,679.95,356.88,323.07
O000118,2024-01-23,C0091,South,Retail,P0015,Wallet,Apparel,4,245.76,0.0,983.04,599.32,383.72
O000119,2024-01-24,C0366,East,Online,P0002,Smart Watch,Electronics,2,189.4,0.0,378.8,201.88,176.92
O000120,2024-01-24,C0307,North,Online,P0020,Monitor Arm,Office Supplies,2,193.94,0.0,387.88,258.8,129.08
O000121,2024-01-24,C0090,West,Retail,P0008,Cookware Set,Home & Kitchen,6,144.8,0.1,781.92,414.54,367.38
O000122,2024-01-24,C0231,West,Wholesale,P0010,Coffee Maker,Home & Kitchen,2,276.64,0.0,553.28,410.84,142.44
O000123,2024-01-24,C0288,West,Online,P0004,Power Bank,Electronics,1,156.84,0.2,125.47,114.24,11.23
O000124,2024-01-24,C0358,East,Online,P0013,Backpack,Apparel,3,282.71,0.0,848.13,602.22,245.91
O000125,2024-01-25,C0052,North,Retail,P0015,Wallet,Apparel,4,245.76,0.0,983.04,599.32,383.72
O000126,2024-01-25,C0136,South,Online,P0017,Standing Desk,Office Supplies,4,143.29,0.0,573.16,347.8,225.36
O000127,2024-01-25,C0279,North,Retail,P0015,Wallet,Apparel,2,245.76,0.1,442.37,299.66,142.71
O000128,2024-01-25,C0041,North,Wholesale,P0009,Vacuum Cleaner,Home & Kitchen,3,86.66,0.05,246.98,159.72,87.26
O000129,2024-01-25,C0216,North,Retail,P0009,Vacuum Cleaner,Home & Kitchen,6,86.66,0.05,493.96,319.44,174.52
O000130,2024-01-25,C0123,West,Retail,P0011,Running Shoes,Apparel,6,291.03,0.0,1746.18,811.92,934.26
O000131,2024-01-25,C0106,West,Retail,P0008,Cookware Set,Home & Kitchen,1,144.8,0.15,123.08,69.09,53.99
O000132,2024-01-26,C0128,West,Retail,P0010,Coffee Maker,Home & Kitchen,2,276.64,0.0,553.28,410.84,142.44
O000133,2024-01-26,C0109,East,Online,P0019,Desk Organizer,Office Supplies,7,260.68,0.15,1551.05,1196.65,354.4
O000134,2024-01-26,C0112,North,Online,P0012,Denim Jacket,Apparel,3,97.06,0.05,276.62,170.46,106.16
O000135,2024-01-27,C0390,West,Online,P0014,Sunglasses,Apparel,4,226.65,0.0,906.6,475.84,430.76
O000136,2024-01-27,C0126,North,Retail,P0004,Power Bank,Electronics,2,156.84,0.05,298.0,228.48,69.52
O000137,2024-01-27,C0236,North,Retail,P0012,Denim Jacket,Apparel,3,97.06,0.1,262.06,170.46,91.6
O000138,2024-01-27,C0342,North,Wholesale,P0016,Ergonomic Chair,Office Supplies,5,85.32,0.0,426.6,257.15,169.45
O000139,2024-01-27,C0299,North,Retail,P0020,Monitor Arm,Office Supplies,3,193.94,0.05,552.73,388.2,164.53
O000140,2024-01-28,C0075,West,Online,P0015,Wallet,Apparel,3,245.76,0.1,663.55,449.49,214.06
O000141,2024-01-28,C0082,West,Online,P0018,Notebook Set,Office Supplies,5,171.61,0.0,858.05,427.85,430.2
O000142,2024-01-28,C0395,West,Wholesale,P0004,Power Bank,Electronics,5,156.84,0.1,705.78,571.2,134.58
O000143,2024-01-28,C0383,West,Retail,P0011,Running Shoes,Apparel,5,291.03,0.05,1382.39,676.6,705.79
O000144,2024-01-28,C0224,South,Wholesale,P0020,Monitor Arm,Office Supplies,4,193.94,0.15,659.4,517.6,141.8
O000145,2024-01-29,C0231,West,Wholesale,P0003,Bluetooth Speaker,Electronics,4,365.93,0.15,1244.16,861.32,382.84
O000146,2024-01-29,C0115,West,Wholesale,P0003,Bluetooth Speaker,Electronics,7,365.93,0.0,2561.51,1507.31,1054.2
O000147,2024-01-29,C0126,North,Retail,P0019,Desk Organizer,Office Supplies,6,260.68,0.15,1329.47,1025.7,303.77
O000148,2024-01-29,C0391,South,Online,P0017,Standing Desk,Office Supplies,3,143.29,0.2,343.9,260.85,83.05
O000149,2024-01-29,C0261,South,Wholesale,P0001,Wireless Earbuds,Electronics,7,46.85,0.1,295.15,169.26,125.89
O000150,2024-01-29,C0126,North,Retail,P0010,Coffee Maker,Home & Kitchen,7,276.64,0.0,1936.48,1437.94,498.54
O000151,2024-01-29,C0299,North,Retail,P0019,Desk Organizer,Office Supplies,1,260.68,0.05,247.65,170.95,76.7
O000152,2024-01-30,C0389,West,Online,P0009,Vacuum Cleaner,Home & Kitchen,5,86.66,0.0,433.3,266.2,167.1
O000153,2024-01-30,C0386,North,Online,P0001,Wireless Earbuds,Electronics,5,46.85,0.05,222.54,120.9,101.64
O000154,2024-01-30,C0017,South,Wholesale,P0006,Air Fryer,Home & Kitchen,5,298.69,0.0,1493.45,760.0,733.45
O000155,2024-01-30,C0148,North,Online,P0013,Backpack,Apparel,7,282.71,0.05,1880.02,1405.18,474.84
O000156,2024-01-30,C0012,North,Retail,P0003,Bluetooth Speaker,Electronics,5,365.93,0.0,1829.65,1076.65,753.0
O000157,2024-01-31,C0348,North,Wholesale,P0007,Blender,Home & Kitchen,7,121.55,0.15,723.22,621.32,101.9
O000158,2024-01-31,C0298,West,Retail,P0005,Laptop Stand,Electronics,5,108.18,0.1,486.81,324.55,162.26
O000159,2024-01-31,C0060,West,Retail,P0018,Notebook Set,Office Supplies,5,171.61,0.05,815.15,427.85,387.3
O000160,2024-01-31,C0361,West,Retail,P0014,Sunglasses,Apparel,3,226.65,0.0,679.95,356.88,323.07
O000161,2024-01-31,C0091,South,Retail,P0001,Wireless Earbuds,Electronics,7,46.85,0.1,295.15,169.26,125.89
O000162,2024-02-01,C0227,West,Retail,P0010,Coffee Maker,Home & Kitchen,5,276.64,0.05,1314.04,1027.1,286.94
O000163,2024-02-01,C0076,North,Retail,P0005,Laptop Stand,Electronics,2,108.18,0.0,216.36,129.82,86.54
O000164,2024-02-01,C0384,West,Online,P0015,Wallet,Apparel,2,245.76,0.0,491.52,299.66,191.86
O000165,2024-02-01,C0059,East,Online,P0014,Sunglasses,Apparel,4,226.65,0.05,861.27,475.84,385.43
O000166,2024-02-02,C0361,West,Retail,P0008,Cookware Set,Home & Kitchen,2,144.8,0.15,246.16,138.18,107.98
O000167,2024-02-03,C0400,South,Online,P0010,Coffee Maker,Home & Kitchen,6,276.64,0.0,1659.84,1232.52,427.32
O000168,2024-02-03,C0030,North,Online,P0005,Laptop Stand,Electronics,1,108.18,0.0,108.18,64.91,43.27
O000169,2024-02-03,C0283,West,Retail,P0001,Wireless Earbuds,Electronics,6,46.85,0.05,267.04,145.08,121.96
O000170,2024-02-03,C0397,North,Wholesale,P0002,Smart Watch,Electronics,2,189.4,0.15,321.98,201.88,120.1
O000171,2024-02-03,C0383,West,Retail,P0009,Vacuum Cleaner,Home & Kitchen,2,86.66,0.1,155.99,106.48,49.51
O000172,2024-02-04,C0141,North,Online,P0017,Standing Desk,Office Supplies,5,143.29,0.1,644.8,434.75,210.05
O000173,2024-02-04,C0325,West,Wholesale,P0005,Laptop Stand,Electronics,3,108.18,0.15,275.86,194.73,81.13
O000174,2024-02-04,C0307,North,Online,P0001,Wireless Earbuds,Electronics,7,46.85,0.1,295.15,169.26,125.89
O000175,2024-02-04,C0277,North,Retail,P0019,Desk Organizer,Office Supplies,4,260.68,0.05,990.58,683.8,306.78
O000176,2024-02-05,C0387,East,Retail,P0007,Blender,Home & Kitchen,4,121.55,0.1,437.58,355.04,82.54
O000177,2024-02-05,C0156,West,Retail,P0017,Standing Desk,Office Supplies,2,143.29,0.15,243.59,173.9,69.69
O000178,2024-02-05,C0230,East,Retail,P0008,Cookware Set,Home & Kitchen,4,144.8,0.0,579.2,276.36,302.84
O000179,2024-02-05,C0276,South,Wholesale,P0014,Sunglasses,Apparel,6,226.65,0.1,1223.91,713.76,510.15
O000180,2024-02-06,C0157,East,Online,P0004,Power Bank,Electronics,3,156.84,0.0,470.52,342.72,127.8
O000181,2024-02-06,C0218,East,Retail,P0011,Running Shoes,Apparel,5,291.03,0.1,1309.64,676.6,633.04
O000182,2024-02-07,C0171,East,Retail,P0016,Ergonomic Chair,Office Supplies,1,85.32,0.0,85.32,51.43,33.89
O000183,2024-02-07,C0146,West,Wholesale,P0012,Denim Jacket,Apparel,5,97.06,0.0,485.3,284.1,201.2
O000184,2024-02-07,C0359,North,Retail,P0006,Air Fryer,Home & Kitchen,3,298.69,0.0,896.07,456.0,440.07
O000185,2024-02-07,C0326,North,Wholesale,P0002,Smart Watch,Electronics,5,189.4,0.0,947.0,504.7,442.3
O000186,2024-02-07,C0057,East,Retail,P0004,Power Bank,Electronics,6,156.84,0.0,941.04,685.44,255.6
O000187,2024-02-08,C0149,North,Online,P0008,Cookware Set,Home & Kitchen,1,144.8,0.05,137.56,69.09,68.47
O000188,2024-02-08,C0311,North,Online,P0002,Smart Watch,Electronics,4,189.4,0.0,757.6,403.76,353.84
O000189,2024-02-08,C0123,West,Retail,P0020,Monitor Arm,Office Supplies,3,193.94,0.1,523.64,388.2,135.44
O000190,2024-02-09,C0095,East,Online,P0011,Running Shoes,Apparel,2,291.03,0.0,582.06,270.64,311.42
O000191,2024-02-09,C0065,North,Retail,P0019,Desk Organizer,Office Supplies,2,260.68,0.0,521.36,341.9,179.46
O000192,2024-02-10,C0100,East,Retail,P0019,Desk Organizer,Office Supplies,5,260.68,0.0,1303.4,854.75,448.65
O000193,2024-02-10,C0331,North,Online,P0004,Power Bank,Electronics,4,156.84,0.0,627.36,456.96,170.4
O000194,2024-02-10,C0394,West,Retail,P0009,Vacuum Cleaner,Home & Kitchen,6,86.66,0.1,467.96,319.44,148.52
O000195,2024-02-10,C0345,East,Retail,P0007,Blender,Home & Kitchen,4,121.55,0.1,437.58,355.04,82.54
O000196,2024-02-11,C0176,South,Online,P0002,Smart Watch,Electronics,3,189.4,0.0,568.2,302.82,265.38
O000197,2024-02-11,C0314,East,Retail,P0003,Bluetooth Speaker,Electronics,3,365.93,0.0,1097.79,645.99,451.8
O000198,2024-02-11,C0064,East,Online,P0002,Smart Watch,Electronics,1,189.4,0.05,179.93,100.94,78.99
O000199,2024-02-11,C0308,East,Retail,P0019,Desk Organizer,Office Supplies,4,260.68,0.0,1042.72,683.8,358.92
O000200,2024-02-12,C0334,South,Retail,P0006,Air Fryer,Home & Kitchen,6,298.69,0.0,1792.14,912.0,880.14
O000201,2024-02-12,C0080,East,Wholesale,P0020,Monitor Arm,Office Supplies,4,193.94,0.0,775.76,517.6,258.16
O000202,2024-02-13,C0292,East,Retail,P0020,Monitor Arm,Office Supplies,4,193.94,0.05,736.97,517.6,219.37
O000203,2024-02-13,C0394,West,Retail,P0015,Wallet,Apparel,1,245.76,0.15,208.9,149.83,59.07
O000204,2024-02-13,C0286,West,Online,P0018,Notebook Set,Office Supplies,2,171.61,0.0,343.22,171.14,172.08
O000205,2024-02-13,C0379,West,Online,P0013,Backpack,Apparel,6,282.71,0.0,1696.26,1204.44,491.82
O000206,2024-02-13,C0367,South,Online,P0016,Ergonomic Chair,Office Supplies,5,85.32,0.05,405.27,257.15,148.12
O000207,2024-02-14,C0179,East,Retail,P0007,Blender,Home & Kitchen,6,121.55,0.15,619.9,532.56,87.34
O000208,2024-02-14,C0140,South,Online,P0012,Denim Jacket,Apparel,2,97.06,0.0,194.12,113.64,80.48
O000209,2024-02-15,C0141,North,Online,P0001,Wireless Earbuds,Electronics,2,46.85,0.0,93.7,48.36,45.34
O000210,2024-02-15,C0395,West,Wholesale,P0008,Cookware Set,Home & Kitchen,6,144.8,0.05,825.36,414.54,410.82
O000211,2024-02-15,C0062,West,Wholesale,P0008,Cookware Set,Home & Kitchen,1,144.8,0.0,144.8,69.09,75.71
O000212,2024-02-15,C0388,South,Retail,P0005,Laptop Stand,Electronics,2,108.18,0.15,183.91,129.82,54.09
O000213,2024-02-16,C0154,West,Retail,P0001,Wireless Earbuds,Electronics,5,46.85,0.05,222.54,120.9,101.64
O000214,2024-02-16,C0029,West,Online,P0001,Wireless Earbuds,Electronics,5,46.85,0.05,222.54,120.9,101.64
O000215,2024-02-17,C0234,North,Retail,P0020,Monitor Arm,Office Supplies,3,193.94,0.15,494.55,388.2,106.35
O000216,2024-02-17,C0245,West,Wholesale,P0009,Vacuum Cleaner,Home & Kitchen,2,86.66,0.1,155.99,106.48,49.51
O000217,2024-02-17,C0095,East,Online,P0006,Air Fryer,Home & Kitchen,2,298.69,0.05,567.51,304.0,263.51
O000218,2024-02-17,C0084,East,Online,P0015,Wallet,Apparel,4,245.76,0.0,983.04,599.32,383.72
O000219,2024-02-17,C0332,North,Wholesale,P0003,Bluetooth Speaker,Electronics,4,365.93,0.2,1170.98,861.32,309.66
O000220,2024-02-17,C0181,West,Wholesale,P0002,Smart Watch,Electronics,5,189.4,0.05,899.65,504.7,394.95
O000221,2024-02-18,C0100,East,Retail,P0011,Running Shoes,Apparel,6,291.03,0.1,1571.56,811.92,759.64
O000222,2024-02-18,C0073,North,Retail,P0017,Standing Desk,Office Supplies,5,143.29,0.0,716.45,434.75,281.7
O000223,2024-02-18,C0050,East,Online,P0007,Blender,Home & Kitchen,2,121.55,0.05,230.94,177.52,53.42
O000224,2024-02-18,C0396,South,Retail,P0010,Coffee Maker,Home & Kitchen,2,276.64,0.1,497.95,410.84,87.11
O000225,2024-02-18,C0345,East,Retail,P0020,Monitor Arm,Office Supplies,4,193.94,0.05,736.97,517.6,219.37
O000226,2024-02-18,C0261,South,Wholesale,P0001,Wireless Earbuds,Electronics,4,46.85,0.05,178.03,96.72,81.31
O000227,2024-02-18,C0321,South,Retail,P0017,Standing Desk,Office Supplies,7,143.29,0.0,1003.03,608.65,394.38
O000228,2024-02-18,C0357,North,Retail,P0009,Vacuum Cleaner,Home & Kitchen,5,86.66,0.0,433.3,266.2,167.1
O000229,2024-02-19,C0090,West,Retail,P0014,Sunglasses,Apparel,3,226.65,0.0,679.95,356.88,323.07
O000230,2024-02-19,C0065,North,Retail,P0004,Power Bank,Electronics,5,156.84,0.05,744.99,571.2,173.79
O000231,2024-02-19,C0080,East,Wholesale,P0001,Wireless Earbuds,Electronics,3,46.85,0.0,140.55,72.54,68.01
O000232,2024-02-20,C0178,South,Online,P0001,Wireless Earbuds,Electronics,2,46.85,0.2,74.96,48.36,26.6
O000233,2024-02-20,C0304,South,Online,P0016,Ergonomic Chair,Office Supplies,7,85.32,0.15,507.65,360.01,147.64
O000234,2024-02-20,C0041,North,Wholesale,P0012,Denim Jacket,Apparel,6,97.06,0.0,582.36,340.92,241.44
O000235,2024-02-20,C0032,West,Retail,P0011,Running Shoes,Apparel,2,291.03,0.1,523.85,270.64,253.21
O000236,2024-02-20,C0236,North,Retail,P0001,Wireless Earbuds,Electronics,7,46.85,0.05,311.55,169.26,142.29
O000237,2024-02-21,C0067,West,Retail,P0003,Bluetooth Speaker,Electronics,6,365.93,0.0,2195.58,1291.98,903.6
O000238,2024-02-21,C0147,North,Online,P0011,Running Shoes,Apparel,2,291.03,0.05,552.96,270.64,282.32
O000239,2024-02-21,C0070,North,Wholesale,P0003,Bluetooth Speaker,Electronics,7,365.93,0.1,2305.36,1507.31,798.05
O000240,2024-02-21,C0265,South,Retail,P0019,Desk Organizer,Office Supplies,2,260.68,0.05,495.29,341.9,153.39
O000241,2024-02-21,C0011,West,Online,P0016,Ergonomic Chair,Office Supplies,1,85.32,0.0,85.32,51.43,33.89
O000242,2024-02-22,C0100,East,Retail,P0001,Wireless Earbuds,Electronics,6,46.85,0.05,267.04,145.08,121.96
O000243,2024-02-22,C0185,North,Retail,P0013,Backpack,Apparel,7,282.71,0.05,1880.02,1405.18,474.84
O000244,2024-02-22,C0309,West,Retail,P0016,Ergonomic Chair,Office Supplies,6,85.32,0.0,511.92,308.58,203.34
O000245,2024-02-22,C0381,North,Retail,P0001,Wireless Earbuds,Electronics,3,46.85,0.05,133.52,72.54,60.98
O000246,2024-02-22,C0296,North,Wholesale,P0007,Blender,Home & Kitchen,6,121.55,0.0,729.3,532.56,196.74
O000247,2024-02-22,C0114,West,Retail,P0020,Monitor Arm,Office Supplies,6,193.94,0.0,1163.64,776.4,387.24
O000248,2024-02-22,C0375,East,Retail,P0018,Notebook Set,Office Supplies,5,171.61,0.1,772.25,427.85,344.4
O000249,2024-02-23,C0273,South,Wholesale,P0018,Notebook Set,Office Supplies,4,171.61,0.05,652.12,342.28,309.84
O000250,2024-02-23,C0215,North,Retail,P0004,Power Bank,Electronics,1,156.84,0.0,156.84,114.24,42.6
O000251,2024-02-23,C0061,North,Online,P0016,Ergonomic Chair,Office Supplies,4,85.32,0.0,341.28,205.72,135.56
O000252,2024-02-23,C0015,West,Wholesale,P0016,Ergonomic Chair,Office Supplies,7,85.32,0.0,597.24,360.01,237.23
O000253,2024-02-25,C0243,West,Wholesale,P0001,Wireless Earbuds,Electronics,7,46.85,0.0,327.95,169.26,158.69
O000254,2024-02-25,C0122,East,Retail,P0019,Desk Organizer,Office Supplies,2,260.68,0.05,495.29,341.9,153.39
O000255,2024-02-25,C0083,East,Retail,P0017,Standing Desk,Office Supplies,7,143.29,0.15,852.58,608.65,243.93
O000256,2024-02-25,C0251,East,Online,P0009,Vacuum Cleaner,Home & Kitchen,4,86.66,0.0,346.64,212.96,133.68
O000257,2024-02-25,C0373,West,Wholesale,P0020,Monitor Arm,Office Supplies,1,193.94,0.2,155.15,129.4,25.75
O000258,2024-02-25,C0376,North,Online,P0018,Notebook Set,Office Supplies,7,171.61,0.0,1201.27,598.99,602.28
O000259,2024-02-26,C0163,West,Retail,P0004,Power Bank,Electronics,5,156.84,0.05,744.99,571.2,173.79
O000260,2024-02-26,C0339,West,Retail,P0002,Smart Watch,Electronics,3,189.4,0.0,568.2,302.82,265.38
O000261,2024-02-26,C0169,South,Online,P0009,Vacuum Cleaner,Home & Kitchen,6,86.66,0.15,441.97,319.44,122.53
O000262,2024-02-26,C0208,West,Online,P0018,Notebook Set,Office Supplies,1,171.61,0.1,154.45,85.57,68.88
O000263,2024-02-27,C0045,West,Retail,P0013,Backpack,Apparel,7,282.71,0.05,1880.02,1405.18,474.84
O000264,2024-02-27,C0098,West,Wholesale,P0013,Backpack,Apparel,6,282.71,0.0,1696.26,1204.44,491.82
O000265,2024-02-27,C0023,West,Wholesale,P0005,Laptop Stand,Electronics,4,108.18,0.0,432.72,259.64,173.08
O000266,2024-02-27,C0315,East,Online,P0015,Wallet,Apparel,2,245.76,0.0,491.52,299.66,191.86
O000267,2024-02-27,C0235,South,Wholesale,P0003,Bluetooth Speaker,Electronics,1,365.93,0.05,347.63,215.33,132.3
O000268,2024-02-27,C0262,North,Retail,P0014,Sunglasses,Apparel,7,226.65,0.05,1507.22,832.72,674.5
O000269,2024-02-28,C0125,North,Retail,P0009,Vacuum Cleaner,Home & Kitchen,5,86.66,0.05,411.63,266.2,145.43
O000270,2024-02-28,C0197,East,Retail,P0017,Standing Desk,Office Supplies,2,143.29,0.0,286.58,173.9,112.68
O000271,2024-02-28,C0202,North,Wholesale,P0010,Coffee Maker,Home & Kitchen,7,276.64,0.0,1936.48,1437.94,498.54
O000272,2024-02-28,C0380,West,Wholesale,P0013,Backpack,Apparel,3,282.71,0.0,848.13,602.22,245.91
O000273,2024-02-28,C0250,South,Online,P0006,Air Fryer,Home & Kitchen,6,298.69,0.05,1702.53,912.0,790.53
O000274,2024-02-29,C0397,North,Wholesale,P0010,Coffee Maker,Home & Kitchen,4,276.64,0.0,1106.56,821.68,284.88
O000275,2024-02-29,C0370,North,Wholesale,P0005,Laptop Stand,Electronics,4,108.18,0.0,432.72,259.64,173.08
O000276,2024-02-29,C0149,North,Online,P0004,Power Bank,Electronics,4,156.84,0.05,595.99,456.96,139.03
O000277,2024-02-29,C0016,West,Retail,P0014,Sunglasses,Apparel,5,226.65,0.05,1076.59,594.8,481.79
O000278,2024-02-29,C0183,West,Retail,P0016,Ergonomic Chair,Office Supplies,1,85.32,0.0,85.32,51.43,33.89
O000279,2024-02-29,C0233,North,Online,P0016,Ergonomic Chair,Office Supplies,6,85.32,0.0,511.92,308.58,203.34
O000280,2024-02-29,C0256,North,Retail,P0013,Backpack,Apparel,1,282.71,0.05,268.57,200.74,67.83
O000281,2024-02-29,C0032,West,Retail,P0017,Standing Desk,Office Supplies,3,143.29,0.2,343.9,260.85,83.05
O000282,2024-02-29,C0360,East,Online,P0016,Ergonomic Chair,Office Supplies,5,85.32,0.0,426.6,257.15,169.45
O000283,2024-02-29,C0175,West,Wholesale,P0019,Desk Organizer,Office Supplies,7,260.68,0.0,1824.76,1196.65,628.11
O000284,2024-03-01,C0030,North,Online,P0004,Power Bank,Electronics,4,156.84,0.15,533.26,456.96,76.3
O000285,2024-03-01,C0192,West,Online,P0019,Desk Organizer,Office Supplies,3,260.68,0.0,782.04,512.85,269.19
O000286,2024-03-01,C0060,West,Retail,P0014,Sunglasses,Apparel,2,226.65,0.1,407.97,237.92,170.05
O000287,2024-03-01,C0270,East,Online,P0006,Air Fryer,Home & Kitchen,6,298.69,0.2,1433.71,912.0,521.71
O000288,2024-03-01,C0186,East,Online,P0007,Blender,Home & Kitchen,3,121.55,0.0,364.65,266.28,98.37
O000289,2024-03-01,C0217,West,Online,P0013,Backpack,Apparel,5,282.71,0.05,1342.87,1003.7,339.17
O000290,2024-03-01,C0104,South,Online,P0012,Denim Jacket,Apparel,6,97.06,0.2,465.89,340.92,124.97
O000291,2024-03-02,C0355,West,Wholesale,P0004,Power Bank,Electronics,6,156.84,0.15,799.88,685.44,114.44
O000292,2024-03-02,C0007,East,Wholesale,P0001,Wireless Earbuds,Electronics,4,46.85,0.05,178.03,96.72,81.31
O000293,2024-03-02,C0066,South,Retail,P0007,Blender,Home & Kitchen,2,121.55,0.0,243.1,177.52,65.58
O000294,2024-03-02,C0349,East,Wholesale,P0005,Laptop Stand,Electronics,6,108.18,0.05,616.63,389.46,227.17
O000295,2024-03-02,C0072,East,Retail,P0015,Wallet,Apparel,6,245.76,0.0,1474.56,898.98,575.58
O000296,2024-03-02,C0102,West,Online,P0009,Vacuum Cleaner,Home & Kitchen,1,86.66,0.0,86.66,53.24,33.42
O000297,2024-03-02,C0327,South,Online,P0019,Desk Organizer,Office Supplies,1,260.68,0.0,260.68,170.95,89.73
O000298,2024-03-02,C0375,East,Retail,P0011,Running Shoes,Apparel,3,291.03,0.1,785.78,405.96,379.82
O000299,2024-03-02,C0081,West,Retail,P0017,Standing Desk,Office Supplies,6,143.29,0.1,773.77,521.7,252.07
O000300,2024-03-03,C0259,North,Retail,P0018,Notebook Set,Office Supplies,5,171.61,0.05,815.15,427.85,387.3
O000301,2024-03-03,C0285,South,Retail,P0014,Sunglasses,Apparel,3,226.65,0.0,679.95,356.88,323.07
O000302,2024-03-03,C0272,West,Retail,P0001,Wireless Earbuds,Electronics,2,46.85,0.05,89.02,48.36,40.66
O000303,2024-03-03,C0283,West,Retail,P0010,Coffee Maker,Home & Kitchen,5,276.64,0.15,1175.72,1027.1,148.62
O000304,2024-03-03,C0030,North,Online,P0001,Wireless Earbuds,Electronics,7,46.85,0.0,327.95,169.26,158.69
O000305,2024-03-03,C0301,East,Retail,P0006,Air Fryer,Home & Kitchen,2,298.69,0.0,597.38,304.0,293.38
O000306,2024-03-04,C0104,South,Online,P0018,Notebook Set,Office Supplies,5,171.61,0.2,686.44,427.85,258.59
O000307,2024-03-04,C0047,West,Retail,P0009,Vacuum Cleaner,Home & Kitchen,5,86.66,0.0,433.3,266.2,167.1
O000308,2024-03-04,C0041,North,Wholesale,P0018,Notebook Set,Office Supplies,3,171.61,0.05,489.09,256.71,232.38
O000309,2024-03-04,C0209,South,Online,P0010,Coffee Maker,Home & Kitchen,5,276.64,0.0,1383.2,1027.1,356.1
O000310,2024-03-04,C0315,East,Online,P0004,Power Bank,Electronics,1,156.84,0.1,141.16,114.24,26.92
O000311,2024-03-05,C0351,East,Online,P0011,Running Shoes,Apparel,7,291.03,0.2,1629.77,947.24,682.53
O000312,2024-03-05,C0219,North,Retail,P0003,Bluetooth Speaker,Electronics,7,365.93,0.0,2561.51,1507.31,1054.2
O000313,2024-03-05,C0309,West,Retail,P0004,Power Bank,Electronics,2,156.84,0.05,298.0,228.48,69.52
O000314,2024-03-05,C0369,South,Retail,P0018,Notebook Set,Office Supplies,6,171.61,0.0,1029.66,513.42,516.24
O000315,2024-03-05,C0080,East,Wholesale,P0018,Notebook Set,Office Supplies,6,171.61,0.05,978.18,513.42,464.76
O000316,2024-03-06,C0385,East,Retail,P0012,Denim Jacket,Apparel,1,97.06,0.0,97.06,56.82,40.24
O000317,2024-03-06,C0029,West,Online,P0013,Backpack,Apparel,4,282.71,0.0,1130.84,802.96,327.88
O000318,2024-03-06,C0400,South,Online,P0011,Running Shoes,Apparel,3,291.03,0.0,873.09,405.96,467.13
O000319,2024-03-06,C0199,West,Retail,P0005,Laptop Stand,Electronics,6,108.18,0.05,616.63,389.46,227.17
O000320,2024-03-06,C0205,South,Wholesale,P0009,Vacuum Cleaner,Home & Kitchen,1,86.66,0.0,86.66,53.24,33.42
O000321,2024-03-06,C0264,South,Retail,P0002,Smart Watch,Electronics,4,189.4,0.15,643.96,403.76,240.2
O000322,2024-03-06,C0026,West,Online,P0006,Air Fryer,Home & Kitchen,7,298.69,0.0,2090.83,1064.0,1026.83
O000323,2024-03-06,C0084,East,Online,P0018,Notebook Set,Office Supplies,5,171.61,0.0,858.05,427.85,430.2
O000324,2024-03-06,C0214,South,Retail,P0018,Notebook Set,Office Supplies,7,171.61,0.0,1201.27,598.99,602.28
O000325,2024-03-06,C0359,North,Retail,P0019,Desk Organizer,Office Supplies,5,260.68,0.15,1107.89,854.75,253.14
O000326,2024-03-06,C0364,West,Retail,P0012,Denim Jacket,Apparel,7,97.06,0.15,577.51,397.74,179.77
O000327,2024-03-07,C0348,North,Wholesale,P0005,Laptop Stand,Electronics,1,108.18,0.05,102.77,64.91,37.86
O000328,2024-03-07,C0333,South,Online,P0004,Power Bank,Electronics,5,156.84,0.0,784.2,571.2,213.0
O000329,2024-03-07,C0376,North,Online,P0014,Sunglasses,Apparel,6,226.65,0.05,1291.9,713.76,578.14
O000330,2024-03-07,C0170,North,Wholesale,P0005,Laptop Stand,Electronics,7,108.18,0.1,681.53,454.37,227.16
O000331,2024-03-08,C0097,West,Retail,P0001,Wireless Earbuds,Electronics,3,46.85,0.1,126.5,72.54,53.96
O000332,2024-03-08,C0251,East,Online,P0003,Bluetooth Speaker,Electronics,4,365.93,0.1,1317.35,861.32,456.03
O000333,2024-03-08,C0009,North,Online,P0006,Air Fryer,Home & Kitchen,3,298.69,0.1,806.46,456.0,350.46
O000334,2024-03-08,C0055,North,Retail,P0013,Backpack,Apparel,7,282.71,0.0,1978.97,1405.18,573.79
O000335,2024-03-09,C0118,South,Retail,P0001,Wireless Earbuds,Electronics,5,46.85,0.0,234.25,120.9,113.35
O000336,2024-03-09,C0143,North,Wholesale,P0004,Power Bank,Electronics,5,156.84,0.1,705.78,571.2,134.58
O000337,2024-03-09,C0203,West,Online,P0014,Sunglasses,Apparel,5,226.65,0.1,1019.92,594.8,425.12
O000338,2024-03-09,C0065,North,Retail,P0014,Sunglasses,Apparel,6,226.65,0.15,1155.92,713.76,442.16
O000339,2024-03-09,C0223,West,Wholesale,P0002,Smart Watch,Electronics,7,189.4,0.1,1193.22,706.58,486.64
O000340,2024-03-09,C0008,South,Retail,P0003,Bluetooth Speaker,Electronics,7,365.93,0.05,2433.43,1507.31,926.12
O000341,2024-03-10,C0126,North,Retail,P0020,Monitor Arm,Office Supplies,2,193.94,0.1,349.09,258.8,90.29
O000342,2024-03-10,C0308,East,Retail,P0006,Air Fryer,Home & Kitchen,7,298.69,0.0,2090.83,1064.0,1026.83
O000343,2024-03-10,C0352,West,Retail,P0014,Sunglasses,Apparel,5,226.65,0.05,1076.59,594.8,481.79
O000344,2024-03-10,C0205,South,Wholesale,P0004,Power Bank,Electronics,1,156.84,0.0,156.84,114.24,42.6
O000345,2024-03-10,C0349,East,Wholesale,P0003,Bluetooth Speaker,Electronics,2,365.93,0.0,731.86,430.66,301.2
O000346,2024-03-11,C0225,South,Wholesale,P0020,Monitor Arm,Office Supplies,5,193.94,0.0,969.7,647.0,322.7
O000347,2024-03-11,C0006,South,Retail,P0020,Monitor Arm,Office Supplies,1,193.94,0.0,193.94,129.4,64.54
O000348,2024-03-11,C0015,West,Wholesale,P0006,Air Fryer,Home & Kitchen,1,298.69,0.05,283.76,152.0,131.76
O000349,2024-03-11,C0394,West,Retail,P0001,Wireless Earbuds,Electronics,5,46.85,0.05,222.54,120.9,101.64
O000350,2024-03-11,C0149,North,Online,P0012,Denim Jacket,Apparel,7,97.06,0.0,679.42,397.74,281.68
O000351,2024-03-12,C0334,South,Retail,P0012,Denim Jacket,Apparel,4,97.06,0.15,330.0,227.28,102.72
O000352,2024-03-12,C0118,South,Retail,P0013,Backpack,Apparel,1,282.71,0.0,282.71,200.74,81.97
O000353,2024-03-12,C0122,East,Retail,P0003,Bluetooth Speaker,Electronics,4,365.93,0.0,1463.72,861.32,602.4
O000354,2024-03-13,C0297,East,Online,P0004,Power Bank,Electronics,5,156.84,0.1,705.78,571.2,134.58
O000355,2024-03-13,C0150,North,Retail,P0014,Sunglasses,Apparel,2,226.65,0.0,453.3,237.92,215.38
O000356,2024-03-13,C0033,East,Online,P0016,Ergonomic Chair,Office Supplies,4,85.32,0.05,324.22,205.72,118.5
O000357,2024-03-13,C0113,South,Retail,P0017,Standing Desk,Office Supplies,2,143.29,0.0,286.58,173.9,112.68
O000358,2024-03-13,C0151,West,Wholesale,P0005,Laptop Stand,Electronics,7,108.18,0.0,757.26,454.37,302.89
O000359,2024-03-14,C0208,West,Online,P0018,Notebook Set,Office Supplies,5,171.61,0.1,772.25,427.85,344.4
O000360,2024-03-14,C0394,West,Retail,P0004,Power Bank,Electronics,1,156.84,0.0,156.84,114.24,42.6
O000361,2024-03-14,C0075,West,Online,P0003,Bluetooth Speaker,Electronics,1,365.93,0.0,365.93,215.33,150.6
O000362,2024-03-14,C0345,East,Retail,P0005,Laptop Stand,Electronics,4,108.18,0.0,432.72,259.64,173.08
O000363,2024-03-14,C0268,West,Retail,P0020,Monitor Arm,Office Supplies,4,193.94,0.0,775.76,517.6,258.16
O000364,2024-03-15,C0117,North,Online,P0001,Wireless Earbuds,Electronics,4,46.85,0.0,187.4,96.72,90.68
O000365,2024-03-15,C0122,East,Retail,P0018,Notebook Set,Office Supplies,2,171.61,0.0,343.22,171.14,172.08
O000366,2024-03-15,C0295,South,Online,P0007,Blender,Home & Kitchen,7,121.55,0.0,850.85,621.32,229.53
O000367,2024-03-15,C0104,South,Online,P0020,Monitor Arm,Office Supplies,4,193.94,0.05,736.97,517.6,219.37
O000368,2024-03-15,C0187,West,Online,P0008,Cookware Set,Home & Kitchen,7,144.8,0.0,1013.6,483.63,529.97
O000369,2024-03-15,C0112,North,Online,P0004,Power Bank,Electronics,7,156.84,0.0,1097.88,799.68,298.2
O000370,2024-03-15,C0008,South,Retail,P0012,Denim Jacket,Apparel,7,97.06,0.05,645.45,397.74,247.71
O000371,2024-03-16,C0058,North,Retail,P0009,Vacuum Cleaner,Home & Kitchen,1,86.66,0.0,86.66,53.24,33.42
O000372,2024-03-16,C0034,West,Online,P0013,Backpack,Apparel,6,282.71,0.05,1611.45,1204.44,407.01
O000373,2024-03-16,C0005,North,Online,P0018,Notebook Set,Office Supplies,1,171.61,0.1,154.45,85.57,68.88
O000374,2024-03-16,C0351,East,Online,P0017,Standing Desk,Office Supplies,1,143.29,0.0,143.29,86.95,56.34
O000375,2024-03-16,C0087,South,Wholesale,P0014,Sunglasses,Apparel,2,226.65,0.0,453.3,237.92,215.38
O000376,2024-03-16,C0216,North,Retail,P0003,Bluetooth Speaker,Electronics,2,365.93,0.1,658.67,430.66,228.01
O000377,2024-03-16,C0297,East,Online,P0006,Air Fryer,Home & Kitchen,5,298.69,0.05,1418.78,760.0,658.78
O000378,2024-03-17,C0081,West,Retail,P0005,Laptop Stand,Electronics,2,108.18,0.1,194.72,129.82,64.9
O000379,2024-03-17,C0394,West,Retail,P0019,Desk Organizer,Office Supplies,7,260.68,0.0,1824.76,1196.65,628.11
O000380,2024-03-17,C0252,West,Retail,P0009,Vacuum Cleaner,Home & Kitchen,4,86.66,0.05,329.31,212.96,116.35
O000381,2024-03-17,C0036,South,Retail,P0020,Monitor Arm,Office Supplies,4,193.94,0.1,698.18,517.6,180.58
O000382,2024-03-17,C0091,South,Retail,P0006,Air Fryer,Home & Kitchen,2,298.69,0.0,597.38,304.0,293.38
O000383,2024-03-18,C0184,West,Online,P0005,Laptop Stand,Electronics,3,108.18,0.1,292.09,194.73,97.36
O000384,2024-03-18,C0158,East,Retail,P0002,Smart Watch,Electronics,4,189.4,0.0,757.6,403.76,353.84
O000385,2024-03-18,C0016,West,Retail,P0020,Monitor Arm,Office Supplies,6,193.94,0.0,1163.64,776.4,387.24
O000386,2024-03-18,C0284,North,Wholesale,P0005,Laptop Stand,Electronics,6,108.18,0.05,616.63,389.46,227.17
O000387,2024-03-18,C0241,East,Retail,P0012,Denim Jacket,Apparel,2,97.06,0.0,194.12,113.64,80.48
O000388,2024-03-18,C0177,South,Online,P0011,Running Shoes,Apparel,2,291.03,0.1,523.85,270.64,253.21
O000389,2024-03-18,C0049,West,Retail,P0007,Blender,Home & Kitchen,6,121.55,0.1,656.37,532.56,123.81
O000390,2024-03-18,C0374,West,Retail,P0004,Power Bank,Electronics,5,156.84,0.05,744.99,571.2,173.79
O000391,2024-03-18,C0036,South,Retail,P0003,Bluetooth Speaker,Electronics,3,365.93,0.05,1042.9,645.99,396.91
O000392,2024-03-18,C0313,North,Retail,P0011,Running Shoes,Apparel,4,291.03,0.0,1164.12,541.28,622.84
O000393,2024-03-18,C0205,South,Wholesale,P0007,Blender,Home & Kitchen,1,121.55,0.1,109.4,88.76,20.64
O000394,2024-03-19,C0148,North,Online,P0020,Monitor Arm,Office Supplies,1,193.94,0.0,193.94,129.4,64.54
O000395,2024-03-19,C0121,North,Online,P0020,Monitor Arm,Office Supplies,5,193.94,0.1,872.73,647.0,225.73
O000396,2024-03-19,C0015,West,Wholesale,P0014,Sunglasses,Apparel,5,226.65,0.0,1133.25,594.8,538.45
O000397,2024-03-20,C0068,East,Retail,P0016,Ergonomic Chair,Office Supplies,3,85.32,0.1,230.36,154.29,76.07
O000398,2024-03-20,C0082,West,Online,P0017,Standing Desk,Office Supplies,5,143.29,0.05,680.63,434.75,245.88
O000399,2024-03-20,C0275,East,Online,P0003,Bluetooth Speaker,Electronics,7,365.93,0.0,2561.51,1507.31,1054.2
O000400,2024-03-20,C0138,East,Retail,P0019,Desk Organizer,Office Supplies,1,260.68,0.05,247.65,170.95,76.7
O000401,2024-03-21,C0298,West,Retail,P0002,Smart Watch,Electronics,1,189.4,0.05,179.93,100.94,78.99
O000402,2024-03-21,C0273,South,Wholesale,P0005,Laptop Stand,Electronics,6,108.18,0.0,649.08,389.46,259.62
O000403,2024-03-21,C0198,South,Online,P0002,Smart Watch,Electronics,3,189.4,0.0,568.2,302.82,265.38
O000404,2024-03-21,C0042,North,Online,P0017,Standing Desk,Office Supplies,2,143.29,0.0,286.58,173.9,112.68
O000405,2024-03-22,C0082,West,Online,P0011,Running Shoes,Apparel,5,291.03,0.0,1455.15,676.6,778.55
O000406,2024-03-22,C0053,West,Retail,P0019,Desk Organizer,Office Supplies,2,260.68,0.1,469.22,341.9,127.32
O000407,2024-03-22,C0387,East,Retail,P0003,Bluetooth Speaker,Electronics,6,365.93,0.15,1866.24,1291.98,574.26
O000408,2024-03-22,C0149,North,Online,P0009,Vacuum Cleaner,Home & Kitchen,6,86.66,0.05,493.96,319.44,174.52
O000409,2024-03-22,C0350,East,Online,P0019,Desk Organizer,Office Supplies,2,260.68,0.1,469.22,341.9,127.32
O000410,2024-03-22,C0005,North,Online,P0019,Desk Organizer,Office Supplies,3,260.68,0.05,742.94,512.85,230.09
O000411,2024-03-22,C0030,North,Online,P0006,Air Fryer,Home & Kitchen,3,298.69,0.15,761.66,456.0,305.66
O000412,2024-03-22,C0124,East,Wholesale,P0018,Notebook Set,Office Supplies,7,171.61,0.1,1081.14,598.99,482.15
O000413,2024-03-22,C0385,East,Retail,P0016,Ergonomic Chair,Office Supplies,7,85.32,0.0,597.24,360.01,237.23
O000414,2024-03-23,C0096,East,Retail,P0020,Monitor Arm,Office Supplies,4,193.94,0.2,620.61,517.6,103.01
O000415,2024-03-23,C0280,North,Retail,P0016,Ergonomic Chair,Office Supplies,6,85.32,0.2,409.54,308.58,100.96
O000416,2024-03-23,C0321,South,Retail,P0019,Desk Organizer,Office Supplies,7,260.68,0.15,1551.05,1196.65,354.4
O000417,2024-03-23,C0200,North,Retail,P0004,Power Bank,Electronics,5,156.84,0.0,784.2,571.2,213.0
O000418,2024-03-24,C0106,West,Retail,P0016,Ergonomic Chair,Office Supplies,4,85.32,0.1,307.15,205.72,101.43
O000419,2024-03-24,C0125,North,Retail,P0014,Sunglasses,Apparel,7,226.65,0.0,1586.55,832.72,753.83
O000420,2024-03-24,C0049,West,Retail,P0016,Ergonomic Chair,Office Supplies,2,85.32,0.05,162.11,102.86,59.25
O000421,2024-03-24,C0256,North,Retail,P0003,Bluetooth Speaker,Electronics,1,365.93,0.0,365.93,215.33,150.6
O000422,2024-03-24,C0212,West,Online,P0003,Bluetooth Speaker,Electronics,4,365.93,0.05,1390.53,861.32,529.21
O000423,2024-03-25,C0079,West,Retail,P0011,Running Shoes,Apparel,7,291.03,0.0,2037.21,947.24,1089.97
O000424,2024-03-25,C0165,East,Retail,P0017,Standing Desk,Office Supplies,6,143.29,0.05,816.75,521.7,295.05
O000425,2024-03-25,C0015,West,Wholesale,P0015,Wallet,Apparel,7,245.76,0.05,1634.3,1048.81,585.49
O000426,2024-03-25,C0135,West,Wholesale,P0002,Smart Watch,Electronics,4,189.4,0.15,643.96,403.76,240.2
O000427,2024-03-25,C0318,South,Retail,P0005,Laptop Stand,Electronics,2,108.18,0.2,173.09,129.82,43.27
O000428,2024-03-25,C0359,North,Retail,P0018,Notebook Set,Office Supplies,7,171.61,0.15,1021.08,598.99,422.09
O000429,2024-03-25,C0045,West,Retail,P0005,Laptop Stand,Electronics,3,108.18,0.0,324.54,194.73,129.81
O000430,2024-03-25,C0100,East,Retail,P0005,Laptop Stand,Electronics,5,108.18,0.0,540.9,324.55,216.35
O000431,2024-03-25,C0156,West,Retail,P0006,Air Fryer,Home & Kitchen,2,298.69,0.0,597.38,304.0,293.38
O000432,2024-03-26,C0376,North,Online,P0020,Monitor Arm,Office Supplies,1,193.94,0.2,155.15,129.4,25.75
O000433,2024-03-26,C0139,South,Wholesale,P0007,Blender,Home & Kitchen,6,121.55,0.1,656.37,532.56,123.81
O000434,2024-03-26,C0377,South,Retail,P0016,Ergonomic Chair,Office Supplies,2,85.32,0.0,170.64,102.86,67.78
O000435,2024-03-26,C0166,South,Wholesale,P0011,Running Shoes,Apparel,6,291.03,0.1,1571.56,811.92,759.64
O000436,2024-03-26,C0060,West,Retail,P0018,Notebook Set,Office Supplies,6,171.61,0.2,823.73,513.42,310.31
O000437,2024-03-26,C0262,North,Retail,P0004,Power Bank,Electronics,2,156.84,0.2,250.94,228.48,22.46
O000438,2024-03-27,C0235,South,Wholesale,P0016,Ergonomic Chair,Office Supplies,2,85.32,0.0,170.64,102.86,67.78
O000439,2024-03-27,C0123,West,Retail,P0016,Ergonomic Chair,Office Supplies,2,85.32,0.05,162.11,102.86,59.25
O000440,2024-03-27,C0287,North,Wholesale,P0017,Standing Desk,Office Supplies,5,143.29,0.0,716.45,434.75,281.7
O000441,2024-03-27,C0353,West,Wholesale,P0020,Monitor Arm,Office Supplies,3,193.94,0.2,465.46,388.2,77.26
O000442,2024-03-27,C0027,North,Online,P0013,Backpack,Apparel,7,282.71,0.0,1978.97,1405.18,573.79
O000443,2024-03-28,C0185,North,Retail,P0002,Smart Watch,Electronics,4,189.4,0.05,719.72,403.76,315.96
O000444,2024-03-28,C0043,West,Retail,P0014,Sunglasses,Apparel,5,226.65,0.1,1019.92,594.8,425.12
O000445,2024-03-28,C0150,North,Retail,P0018,Notebook Set,Office Supplies,6,171.61,0.05,978.18,513.42,464.76
O000446,2024-03-28,C0072,East,Retail,P0010,Coffee Maker,Home & Kitchen,2,276.64,0.05,525.62,410.84,114.78
O000447,2024-03-29,C0386,North,Online,P0006,Air Fryer,Home & Kitchen,4,298.69,0.05,1135.02,608.0,527.02
O000448,2024-03-29,C0054,North,Retail,P0010,Coffee Maker,Home & Kitchen,5,276.64,0.1,1244.88,1027.1,217.78
O000449,2024-03-29,C0393,North,Retail,P0015,Wallet,Apparel,6,245.76,0.0,1474.56,898.98,575.58
O000450,2024-03-29,C0016,West,Retail,P0008,Cookware Set,Home & Kitchen,2,144.8,0.0,289.6,138.18,151.42
O000451,2024-03-29,C0184,West,Online,P0014,Sunglasses,Apparel,2,226.65,0.0,453.3,237.92,215.38
O000452,2024-03-29,C0168,South,Retail,P0019,Desk Organizer,Office Supplies,4,260.68,0.05,990.58,683.8,306.78
O000453,2024-03-29,C0239,West,Online,P0002,Smart Watch,Electronics,7,189.4,0.05,1259.51,706.58,552.93
O000454,2024-03-29,C0102,West,Online,P0006,Air Fryer,Home & Kitchen,4,298.69,0.1,1075.28,608.0,467.28
O000455,2024-03-30,C0388,South,Retail,P0020,Monitor Arm,Office Supplies,7,193.94,0.05,1289.7,905.8,383.9
O000456,2024-03-30,C0085,East,Retail,P0011,Running Shoes,Apparel,3,291.03,0.0,873.09,405.96,467.13
O000457,2024-03-30,C0173,South,Online,P0019,Desk Organizer,Office Supplies,7,260.68,0.0,1824.76,1196.65,628.11
O000458,2024-03-30,C0170,North,Wholesale,P0005,Laptop Stand,Electronics,7,108.18,0.15,643.67,454.37,189.3
O000459,2024-03-31,C0354,North,Retail,P0009,Vacuum Cleaner,Home & Kitchen,7,86.66,0.05,576.29,372.68,203.61
O000460,2024-03-31,C0046,North,Online,P0002,Smart Watch,Electronics,7,189.4,0.05,1259.51,706.58,552.93
O000461,2024-03-31,C0265,South,Retail,P0017,Standing Desk,Office Supplies,6,143.29,0.0,859.74,521.7,338.04
O000462,2024-03-31,C0126,North,Retail,P0009,Vacuum Cleaner,Home & Kitchen,3,86.66,0.0,259.98,159.72,100.26
O000463,2024-03-31,C0004,South,Online,P0006,Air Fryer,Home & Kitchen,2,298.69,0.15,507.77,304.0,203.77
O000464,2024-04-01,C0098,West,Wholesale,P0002,Smart Watch,Electronics,3,189.4,0.1,511.38,302.82,208.56
O000465,2024-04-01,C0362,East,Online,P0019,Desk Organizer,Office Supplies,3,260.68,0.1,703.84,512.85,190.99
O000466,2024-04-01,C0325,West,Wholesale,P0019,Desk Organizer,Office Supplies,7,260.68,0.05,1733.52,1196.65,536.87
O000467,2024-04-01,C0338,East,Retail,P0007,Blender,Home & Kitchen,7,121.55,0.0,850.85,621.32,229.53
O000468,2024-04-01,C0323,West,Online,P0006,Air Fryer,Home & Kitchen,6,298.69,0.0,1792.14,912.0,880.14
O000469,2024-04-02,C0301,East,Retail,P0019,Desk Organizer,Office Supplies,7,260.68,0.05,1733.52,1196.65,536.87
O000470,2024-04-02,C0388,South,Retail,P0007,Blender,Home & Kitchen,3,121.55,0.0,364.65,266.28,98.37
O000471,2024-04-02,C0239,West,Online,P0006,Air Fryer,Home & Kitchen,6,298.69,0.05,1702.53,912.0,790.53
O000472,2024-04-02,C0302,North,Online,P0002,Smart Watch,Electronics,6,189.4,0.15,965.94,605.64,360.3
O000473,2024-04-02,C0195,South,Retail,P0001,Wireless Earbuds,Electronics,3,46.85,0.1,126.5,72.54,53.96
O000474,2024-04-02,C0001,South,Retail,P0005,Laptop Stand,Electronics,1,108.18,0.15,91.95,64.91,27.04
O000475,2024-04-03,C0117,North,Online,P0007,Blender,Home & Kitchen,2,121.55,0.0,243.1,177.52,65.58
O000476,2024-04-03,C0081,West,Retail,P0016,Ergonomic Chair,Office Supplies,1,85.32,0.05,81.05,51.43,29.62
O000477,2024-04-03,C0156,West,Retail,P0009,Vacuum Cleaner,Home & Kitchen,2,86.66,0.1,155.99,106.48,49.51
O000478,2024-04-03,C0090,West,Retail,P0019,Desk Organizer,Office Supplies,3,260.68,0.05,742.94,512.85,230.09
O000479,2024-04-03,C0370,North,Wholesale,P0008,Cookware Set,Home & Kitchen,1,144.8,0.1,130.32,69.09,61.23
O000480,2024-04-03,C0125,North,Retail,P0020,Monitor Arm,Office Supplies,3,193.94,0.05,552.73,388.2,164.53
O000481,2024-04-03,C0390,West,Online,P0011,Running Shoes,Apparel,7,291.03,0.0,2037.21,947.24,1089.97
O000482,2024-04-03,C0145,West,Retail,P0015,Wallet,Apparel,6,245.76,0.0,1474.56,898.98,575.58
O000483,2024-04-04,C0273,South,Wholesale,P0020,Monitor Arm,Office Supplies,6,193.94,0.1,1047.28,776.4,270.88
O000484,2024-04-04,C0259,North,Retail,P0007,Blender,Home & Kitchen,7,121.55,0.1,765.76,621.32,144.44
O000485,2024-04-04,C0252,West,Retail,P0018,Notebook Set,Office Supplies,7,171.61,0.05,1141.21,598.99,542.22
O000486,2024-04-04,C0122,East,Retail,P0011,Running Shoes,Apparel,7,291.03,0.0,2037.21,947.24,1089.97
O000487,2024-04-04,C0366,East,Online,P0002,Smart Watch,Electronics,1,189.4,0.05,179.93,100.94,78.99
O000488,2024-04-04,C0093,West,Wholesale,P0009,Vacuum Cleaner,Home & Kitchen,3,86.66,0.1,233.98,159.72,74.26
O000489,2024-04-04,C0210,East,Wholesale,P0016,Ergonomic Chair,Office Supplies,4,85.32,0.15,290.09,205.72,84.37
O000490,2024-04-04,C0399,South,Online,P0004,Power Bank,Electronics,6,156.84,0.2,752.83,685.44,67.39
O000491,2024-04-04,C0102,West,Online,P0020,Monitor Arm,Office Supplies,6,193.94,0.0,1163.64,776.4,387.24
O000492,2024-04-04,C0201,North,Wholesale,P0010,Coffee Maker,Home & Kitchen,7,276.64,0.1,1742.83,1437.94,304.89
O000493,2024-04-04,C0150,North,Retail,P0001,Wireless Earbuds,Electronics,1,46.85,0.1,42.16,24.18,17.98
O000494,2024-04-05,C0364,West,Retail,P0010,Coffee Maker,Home & Kitchen,7,276.64,0.1,1742.83,1437.94,304.89
O000495,2024-04-05,C0140,South,Online,P0001,Wireless Earbuds,Electronics,2,46.85,0.0,93.7,48.36,45.34
O000496,2024-04-06,C0374,West,Retail,P0020,Monitor Arm,Office Supplies,6,193.94,0.1,1047.28,776.4,270.88
O000497,2024-04-06,C0263,North,Online,P0006,Air Fryer,Home & Kitchen,4,298.69,0.0,1194.76,608.0,586.76
O000498,2024-04-06,C0023,West,Wholesale,P0004,Power Bank,Electronics,4,156.84,0.1,564.62,456.96,107.66
O000499,2024-04-06,C0397,North,Wholesale,P0019,Desk Organizer,Office Supplies,4,260.68,0.15,886.31,683.8,202.51
O000500,2024-04-06,C0150,North,Retail,P0002,Smart Watch,Electronics,3,189.4,0.0,568.2,302.82,265.38
O000501,2024-04-07,C0032,West,Retail,P0001,Wireless Earbuds,Electronics,3,46.85,0.05,133.52,72.54,60.98
O000502,2024-04-07,C0321,South,Retail,P0005,Laptop Stand,Electronics,5,108.18,0.2,432.72,324.55,108.17
O000503,2024-04-07,C0235,South,Wholesale,P0013,Backpack,Apparel,3,282.71,0.15,720.91,602.22,118.69
O000504,2024-04-07,C0296,North,Wholesale,P0003,Bluetooth Speaker,Electronics,5,365.93,0.0,1829.65,1076.65,753.0
O000505,2024-04-07,C0268,West,Retail,P0002,Smart Watch,Electronics,1,189.4,0.15,160.99,100.94,60.05
O000506,2024-04-07,C0053,West,Retail,P0018,Notebook Set,Office Supplies,2,171.61,0.0,343.22,171.14,172.08
O000507,2024-04-07,C0089,West,Wholesale,P0018,Notebook Set,Office Supplies,3,171.61,0.1,463.35,256.71,206.64
O000508,2024-04-07,C0074,South,Retail,P0007,Blender,Home & Kitchen,3,121.55,0.0,364.65,266.28,98.37
O000509,2024-04-08,C0052,North,Retail,P0020,Monitor Arm,Office Supplies,7,193.94,0.1,1221.82,905.8,316.02
O000510,2024-04-08,C0198,South,Online,P0014,Sunglasses,Apparel,7,226.65,0.2,1269.24,832.72,436.52
O000511,2024-04-08,C0282,South,Wholesale,P0011,Running Shoes,Apparel,1,291.03,0.05,276.48,135.32,141.16
O000512,2024-04-08,C0154,West,Retail,P0006,Air Fryer,Home & Kitchen,4,298.69,0.0,1194.76,608.0,586.76
O000513,2024-04-08,C0106,West,Retail,P0010,Coffee Maker,Home & Kitchen,3,276.64,0.05,788.42,616.26,172.16
O000514,2024-04-08,C0277,North,Retail,P0009,Vacuum Cleaner,Home & Kitchen,7,86.66,0.1,545.96,372.68,173.28
O000515,2024-04-08,C0009,North,Online,P0012,Denim Jacket,Apparel,2,97.06,0.0,194.12,113.64,80.48
O000516,2024-04-08,C0248,North,Retail,P0010,Coffee Maker,Home & Kitchen,7,276.64,0.05,1839.66,1437.94,401.72
O000517,2024-04-09,C0276,South,Wholesale,P0014,Sunglasses,Apparel,5,226.65,0.15,963.26,594.8,368.46
O000518,2024-04-09,C0388,South,Retail,P0016,Ergonomic Chair,Office Supplies,3,85.32,0.0,255.96,154.29,101.67
O000519,2024-04-10,C0169,South,Online,P0017,Standing Desk,Office Supplies,3,143.29,0.15,365.39,260.85,104.54
O000520,2024-04-10,C0001,South,Retail,P0005,Laptop Stand,Electronics,2,108.18,0.0,216.36,129.82,86.54
O000521,2024-04-10,C0253,North,Online,P0002,Smart Watch,Electronics,5,189.4,0.1,852.3,504.7,347.6
O000522,2024-04-10,C0201,North,Wholesale,P0003,Bluetooth Speaker,Electronics,3,365.93,0.0,1097.79,645.99,451.8
O000523,2024-04-10,C0358,East,Online,P0010,Coffee Maker,Home & Kitchen,4,276.64,0.0,1106.56,821.68,284.88
O000524,2024-04-10,C0029,West,Online,P0013,Backpack,Apparel,7,282.71,0.05,1880.02,1405.18,474.84
O000525,2024-04-10,C0164,North,Retail,P0006,Air Fryer,Home & Kitchen,3,298.69,0.05,851.27,456.0,395.27
O000526,2024-04-10,C0005,North,Online,P0019,Desk Organizer,Office Supplies,2,260.68,0.1,469.22,341.9,127.32
O000527,2024-04-11,C0146,West,Wholesale,P0017,Standing Desk,Office Supplies,1,143.29,0.15,121.8,86.95,34.85
O000528,2024-04-11,C0018,West,Wholesale,P0014,Sunglasses,Apparel,5,226.65,0.05,1076.59,594.8,481.79
O000529,2024-04-11,C0130,North,Online,P0020,Monitor Arm,Office Supplies,2,193.94,0.05,368.49,258.8,109.69
O000530,2024-04-11,C0132,North,Online,P0019,Desk Organizer,Office Supplies,5,260.68,0.1,1173.06,854.75,318.31
O000531,2024-04-11,C0355,West,Wholesale,P0012,Denim Jacket,Apparel,7,97.06,0.2,543.54,397.74,145.8
O000532,2024-04-11,C0039,North,Retail,P0015,Wallet,Apparel,5,245.76,0.1,1105.92,749.15,356.77
O000533,2024-04-12,C0355,West,Wholesale,P0008,Cookware Set,Home & Kitchen,1,144.8,0.1,130.32,69.09,61.23
O000534,2024-04-12,C0121,North,Online,P0010,Coffee Maker,Home & Kitchen,4,276.64,0.1,995.9,821.68,174.22
O000535,2024-04-12,C0091,South,Retail,P0018,Notebook Set,Office Supplies,6,171.61,0.0,1029.66,513.42,516.24
O000536,2024-04-12,C0034,West,Online,P0014,Sunglasses,Apparel,2,226.65,0.05,430.64,237.92,192.72
O000537,2024-04-12,C0049,West,Retail,P0002,Smart Watch,Electronics,6,189.4,0.0,1136.4,605.64,530.76
O000538,2024-04-13,C0252,West,Retail,P0012,Denim Jacket,Apparel,3,97.06,0.05,276.62,170.46,106.16
O000539,2024-04-13,C0106,West,Retail,P0019,Desk Organizer,Office Supplies,5,260.68,0.05,1238.23,854.75,383.48
O000540,2024-04-13,C0039,North,Retail,P0012,Denim Jacket,Apparel,1,97.06,0.15,82.5,56.82,25.68
O000541,2024-04-13,C0388,South,Retail,P0019,Desk Organizer,Office Supplies,1,260.68,0.15,221.58,170.95,50.63
O000542,2024-04-13,C0006,South,Retail,P0017,Standing Desk,Office Supplies,2,143.29,0.05,272.25,173.9,98.35
O000543,2024-04-13,C0079,West,Retail,P0016,Ergonomic Chair,Office Supplies,5,85.32,0.15,362.61,257.15,105.46
O000544,2024-04-13,C0171,East,Retail,P0015,Wallet,Apparel,5,245.76,0.0,1228.8,749.15,479.65
O000545,2024-04-14,C0206,South,Retail,P0014,Sunglasses,Apparel,1,226.65,0.05,215.32,118.96,96.36
O000546,2024-04-14,C0248,North,Retail,P0003,Bluetooth Speaker,Electronics,1,365.93,0.0,365.93,215.33,150.6
O000547,2024-04-14,C0325,West,Wholesale,P0004,Power Bank,Electronics,3,156.84,0.0,470.52,342.72,127.8
O000548,2024-04-14,C0355,West,Wholesale,P0004,Power Bank,Electronics,3,156.84,0.05,446.99,342.72,104.27
O000549,2024-04-14,C0097,West,Retail,P0010,Coffee Maker,Home & Kitchen,1,276.64,0.0,276.64,205.42,71.22
O000550,2024-04-14,C0385,East,Retail,P0006,Air Fryer,Home & Kitchen,5,298.69,0.0,1493.45,760.0,733.45
O000551,2024-04-15,C0288,West,Online,P0010,Coffee Maker,Home & Kitchen,5,276.64,0.0,1383.2,1027.1,356.1
O000552,2024-04-15,C0050,East,Online,P0014,Sunglasses,Apparel,3,226.65,0.0,679.95,356.88,323.07
O000553,2024-04-15,C0369,South,Retail,P0004,Power Bank,Electronics,3,156.84,0.15,399.94,342.72,57.22
O000554,2024-04-15,C0269,North,Online,P0019,Desk Organizer,Office Supplies,4,260.68,0.0,1042.72,683.8,358.92
O000555,2024-04-15,C0355,West,Wholesale,P0003,Bluetooth Speaker,Electronics,1,365.93,0.05,347.63,215.33,132.3
O000556,2024-04-16,C0033,East,Online,P0011,Running Shoes,Apparel,3,291.03,0.0,873.09,405.96,467.13
O000557,2024-04-16,C0330,South,Retail,P0005,Laptop Stand,Electronics,1,108.18,0.1,97.36,64.91,32.45
O000558,2024-04-16,C0078,South,Wholesale,P0006,Air Fryer,Home & Kitchen,3,298.69,0.05,851.27,456.0,395.27
O000559,2024-04-16,C0034,West,Online,P0015,Wallet,Apparel,6,245.76,0.05,1400.83,898.98,501.85
O000560,2024-04-16,C0287,North,Wholesale,P0020,Monitor Arm,Office Supplies,6,193.94,0.05,1105.46,776.4,329.06
O000561,2024-04-17,C0151,West,Wholesale,P0008,Cookware Set,Home & Kitchen,5,144.8,0.0,724.0,345.45,378.55
O000562,2024-04-17,C0049,West,Retail,P0015,Wallet,Apparel,5,245.76,0.1,1105.92,749.15,356.77
O000563,2024-04-17,C0260,North,Retail,P0012,Denim Jacket,Apparel,4,97.06,0.05,368.83,227.28,141.55
O000564,2024-04-17,C0083,East,Retail,P0016,Ergonomic Chair,Office Supplies,4,85.32,0.1,307.15,205.72,101.43
O000565,2024-04-17,C0176,South,Online,P0011,Running Shoes,Apparel,1,291.03,0.2,232.82,135.32,97.5
O000566,2024-04-17,C0270,East,Online,P0018,Notebook Set,Office Supplies,6,171.61,0.05,978.18,513.42,464.76
O000567,2024-04-18,C0353,West,Wholesale,P0011,Running Shoes,Apparel,3,291.03,0.05,829.44,405.96,423.48
O000568,2024-04-18,C0114,West,Retail,P0001,Wireless Earbuds,Electronics,3,46.85,0.0,140.55,72.54,68.01
O000569,2024-04-18,C0308,East,Retail,P0001,Wireless Earbuds,Electronics,1,46.85,0.0,46.85,24.18,22.67
O000570,2024-04-19,C0279,North,Retail,P0016,Ergonomic Chair,Office Supplies,6,85.32,0.0,511.92,308.58,203.34
O000571,2024-04-19,C0215,North,Retail,P0014,Sunglasses,Apparel,3,226.65,0.15,577.96,356.88,221.08
O000572,2024-04-19,C0050,East,Online,P0019,Desk Organizer,Office Supplies,7,260.68,0.0,1824.76,1196.65,628.11
O000573,2024-04-19,C0149,North,Online,P0011,Running Shoes,Apparel,1,291.03,0.05,276.48,135.32,141.16
O000574,2024-04-19,C0372,West,Wholesale,P0005,Laptop Stand,Electronics,6,108.18,0.0,649.08,389.46,259.62
O000575,2024-04-19,C0308,East,Retail,P0001,Wireless Earbuds,Electronics,4,46.85,0.0,187.4,96.72,90.68
O000576,2024-04-19,C0153,North,Online,P0011,Running Shoes,Apparel,7,291.03,0.05,1935.35,947.24,988.11
O000577,2024-04-20,C0222,North,Retail,P0015,Wallet,Apparel,2,245.76,0.15,417.79,299.66,118.13
O000578,2024-04-20,C0161,North,Online,P0015,Wallet,Apparel,3,245.76,0.05,700.42,449.49,250.93
O000579,2024-04-20,C0056,North,Wholesale,P0020,Monitor Arm,Office Supplies,4,193.94,0.15,659.4,517.6,141.8
O000580,2024-04-20,C0199,West,Retail,P0020,Monitor Arm,Office Supplies,6,193.94,0.05,1105.46,776.4,329.06
O000581,2024-04-20,C0011,West,Online,P0008,Cookware Set,Home & Kitchen,3,144.8,0.05,412.68,207.27,205.41
O000582,2024-04-20,C0377,South,Retail,P0004,Power Bank,Electronics,3,156.84,0.15,399.94,342.72,57.22
O000583,2024-04-20,C0384,West,Online,P0019,Desk Organizer,Office Supplies,2,260.68,0.05,495.29,341.9,153.39
O000584,2024-04-20,C0074,South,Retail,P0015,Wallet,Apparel,7,245.76,0.05,1634.3,1048.81,585.49
O000585,2024-04-20,C0115,West,Wholesale,P0012,Denim Jacket,Apparel,7,97.06,0.1,611.48,397.74,213.74
O000586,2024-04-20,C0120,North,Online,P0001,Wireless Earbuds,Electronics,4,46.85,0.0,187.4,96.72,90.68
O000587,2024-04-20,C0146,West,Wholesale,P0010,Coffee Maker,Home & Kitchen,1,276.64,0.15,235.14,205.42,29.72
O000588,2024-04-20,C0100,East,Retail,P0017,Standing Desk,Office Supplies,6,143.29,0.0,859.74,521.7,338.04
O000589,2024-04-20,C0363,West,Wholesale,P0001,Wireless Earbuds,Electronics,2,46.85,0.05,89.02,48.36,40.66
O000590,2024-04-21,C0163,West,Retail,P0014,Sunglasses,Apparel,4,226.65,0.15,770.61,475.84,294.77
O000591,2024-04-21,C0179,East,Retail,P0003,Bluetooth Speaker,Electronics,5,365.93,0.1,1646.69,1076.65,570.04
O000592,2024-04-21,C0019,North,Retail,P0010,Coffee Maker,Home & Kitchen,6,276.64,0.1,1493.86,1232.52,261.34
O000593,2024-04-22,C0047,West,Retail,P0012,Denim Jacket,Apparel,7,97.06,0.15,577.51,397.74,179.77
O000594,2024-04-22,C0228,East,Online,P0007,Blender,Home & Kitchen,7,121.55,0.05,808.31,621.32,186.99
O000595,2024-04-22,C0107,East,Retail,P0020,Monitor Arm,Office Supplies,6,193.94,0.05,1105.46,776.4,329.06
O000596,2024-04-22,C0064,East,Online,P0016,Ergonomic Chair,Office Supplies,2,85.32,0.1,153.58,102.86,50.72
O000597,2024-04-22,C0035,North,Retail,P0011,Running Shoes,Apparel,4,291.03,0.0,1164.12,541.28,622.84
O000598,2024-04-23,C0251,East,Online,P0012,Denim Jacket,Apparel,4,97.06,0.05,368.83,227.28,141.55
O000599,2024-04-23,C0394,West,Retail,P0007,Blender,Home & Kitchen,7,121.55,0.2,680.68,621.32,59.36
O000600,2024-04-23,C0296,North,Wholesale,P0013,Backpack,Apparel,3,282.71,0.15,720.91,602.22,118.69
O000601,2024-04-23,C0092,East,Retail,P0016,Ergonomic Chair,Office Supplies,3,85.32,0.0,255.96,154.29,101.67
O000602,2024-04-23,C0048,South,Online,P0011,Running Shoes,Apparel,5,291.03,0.0,1455.15,676.6,778.55
O000603,2024-04-23,C0084,East,Online,P0013,Backpack,Apparel,7,282.71,0.05,1880.02,1405.18,474.84
O000604,2024-04-23,C0327,South,Online,P0018,Notebook Set,Office Supplies,4,171.61,0.05,652.12,342.28,309.84
O000605,2024-04-23,C0041,North,Wholesale,P0004,Power Bank,Electronics,1,156.84,0.0,156.84,114.24,42.6
O000606,2024-04-24,C0310,South,Wholesale,P0019,Desk Organizer,Office Supplies,3,260.68,0.05,742.94,512.85,230.09
O000607,2024-04-24,C0339,West,Retail,P0020,Monitor Arm,Office Supplies,2,193.94,0.2,310.3,258.8,51.5
O000608,2024-04-24,C0159,West,Retail,P0005,Laptop Stand,Electronics,5,108.18,0.1,486.81,324.55,162.26
O000609,2024-04-25,C0204,North,Retail,P0015,Wallet,Apparel,5,245.76,0.15,1044.48,749.15,295.33
O000610,2024-04-25,C0182,South,Retail,P0009,Vacuum Cleaner,Home & Kitchen,3,86.66,0.0,259.98,159.72,100.26
O000611,2024-04-25,C0074,South,Retail,P0018,Notebook Set,Office Supplies,5,171.61,0.05,815.15,427.85,387.3
O000612,2024-04-26,C0102,West,Online,P0012,Denim Jacket,Apparel,4,97.06,0.0,388.24,227.28,160.96
O000613,2024-04-26,C0294,West,Retail,P0005,Laptop Stand,Electronics,4,108.18,0.1,389.45,259.64,129.81
O000614,2024-04-26,C0242,North,Online,P0019,Desk Organizer,Office Supplies,2,260.68,0.05,495.29,341.9,153.39
O000615,2024-04-26,C0027,North,Online,P0014,Sunglasses,Apparel,1,226.65,0.0,226.65,118.96,107.69
O000616,2024-04-27,C0305,East,Retail,P0020,Monitor Arm,Office Supplies,6,193.94,0.0,1163.64,776.4,387.24
O000617,2024-04-27,C0379,West,Online,P0006,Air Fryer,Home & Kitchen,5,298.69,0.15,1269.43,760.0,509.43
O000618,2024-04-27,C0150,North,Retail,P0020,Monitor Arm,Office Supplies,4,193.94,0.15,659.4,517.6,141.8
O000619,2024-04-27,C0046,North,Online,P0008,Cookware Set,Home & Kitchen,6,144.8,0.15,738.48,414.54,323.94
O000620,2024-04-27,C0387,East,Retail,P0009,Vacuum Cleaner,Home & Kitchen,3,86.66,0.0,259.98,159.72,100.26
O000621,2024-04-27,C0338,East,Retail,P0005,Laptop Stand,Electronics,7,108.18,0.1,681.53,454.37,227.16
O000622,2024-04-27,C0059,East,Online,P0008,Cookware Set,Home & Kitchen,5,144.8,0.05,687.8,345.45,342.35
O000623,2024-04-27,C0315,East,Online,P0020,Monitor Arm,Office Supplies,5,193.94,0.1,872.73,647.0,225.73
O000624,2024-04-27,C0396,South,Retail,P0019,Desk Organizer,Office Supplies,1,260.68,0.0,260.68,170.95,89.73
O000625,2024-04-27,C0263,North,Online,P0011,Running Shoes,Apparel,3,291.03,0.15,742.13,405.96,336.17
O000626,2024-04-27,C0182,South,Retail,P0019,Desk Organizer,Office Supplies,1,260.68,0.05,247.65,170.95,76.7
O000627,2024-04-27,C0191,East,Online,P0006,Air Fryer,Home & Kitchen,1,298.69,0.2,238.95,152.0,86.95
O000628,2024-04-28,C0294,West,Retail,P0015,Wallet,Apparel,3,245.76,0.0,737.28,449.49,287.79
O000629,2024-04-28,C0001,South,Retail,P0008,Cookware Set,Home & Kitchen,5,144.8,0.1,651.6,345.45,306.15
O000630,2024-04-28,C0119,South,Online,P0009,Vacuum Cleaner,Home & Kitchen,5,86.66,0.1,389.97,266.2,123.77
O000631,2024-04-28,C0068,East,Retail,P0002,Smart Watch,Electronics,4,189.4,0.15,643.96,403.76,240.2
O000632,2024-04-28,C0255,West,Retail,P0002,Smart Watch,Electronics,4,189.4,0.0,757.6,403.76,353.84
O000633,2024-04-28,C0230,East,Retail,P0002,Smart Watch,Electronics,3,189.4,0.1,511.38,302.82,208.56
O000634,2024-04-29,C0325,West,Wholesale,P0016,Ergonomic Chair,Office Supplies,7,85.32,0.0,597.24,360.01,237.23
O000635,2024-04-29,C0013,East,Retail,P0001,Wireless Earbuds,Electronics,7,46.85,0.0,327.95,169.26,158.69
O000636,2024-04-29,C0091,South,Retail,P0010,Coffee Maker,Home & Kitchen,4,276.64,0.1,995.9,821.68,174.22
O000637,2024-04-30,C0394,West,Retail,P0020,Monitor Arm,Office Supplies,7,193.94,0.0,1357.58,905.8,451.78
O000638,2024-04-30,C0147,North,Online,P0008,Cookware Set,Home & Kitchen,3,144.8,0.2,347.52,207.27,140.25
O000639,2024-04-30,C0130,North,Online,P0012,Denim Jacket,Apparel,4,97.06,0.0,388.24,227.28,160.96
O000640,2024-05-01,C0035,North,Retail,P0001,Wireless Earbuds,Electronics,1,46.85,0.05,44.51,24.18,20.33
O000641,2024-05-01,C0044,East,Online,P0013,Backpack,Apparel,7,282.71,0.05,1880.02,1405.18,474.84
O000642,2024-05-01,C0252,West,Retail,P0010,Coffee Maker,Home & Kitchen,4,276.64,0.1,995.9,821.68,174.22
O000643,2024-05-01,C0092,East,Retail,P0007,Blender,Home & Kitchen,6,121.55,0.0,729.3,532.56,196.74
O000644,2024-05-02,C0059,East,Online,P0001,Wireless Earbuds,Electronics,2,46.85,0.0,93.7,48.36,45.34
O000645,2024-05-02,C0364,West,Retail,P0020,Monitor Arm,Office Supplies,7,193.94,0.1,1221.82,905.8,316.02
O000646,2024-05-02,C0173,South,Online,P0011,Running Shoes,Apparel,3,291.03,0.1,785.78,405.96,379.82
O000647,2024-05-02,C0291,East,Online,P0018,Notebook Set,Office Supplies,7,171.61,0.1,1081.14,598.99,482.15
O000648,2024-05-02,C0181,West,Wholesale,P0015,Wallet,Apparel,4,245.76,0.2,786.43,599.32,187.11
O000649,2024-05-02,C0342,North,Wholesale,P0015,Wallet,Apparel,5,245.76,0.05,1167.36,749.15,418.21
O000650,2024-05-03,C0186,East,Online,P0010,Coffee Maker,Home & Kitchen,5,276.64,0.0,1383.2,1027.1,356.1
O000651,2024-05-03,C0301,East,Retail,P0001,Wireless Earbuds,Electronics,6,46.85,0.05,267.04,145.08,121.96
O000652,2024-05-03,C0146,West,Wholesale,P0005,Laptop Stand,Electronics,6,108.18,0.0,649.08,389.46,259.62
O000653,2024-05-03,C0053,West,Retail,P0002,Smart Watch,Electronics,6,189.4,0.0,1136.4,605.64,530.76
O000654,2024-05-03,C0143,North,Wholesale,P0017,Standing Desk,Office Supplies,7,143.29,0.0,1003.03,608.65,394.38
O000655,2024-05-03,C0233,North,Online,P0006,Air Fryer,Home & Kitchen,6,298.69,0.2,1433.71,912.0,521.71
O000656,2024-05-03,C0091,South,Retail,P0014,Sunglasses,Apparel,3,226.65,0.0,679.95,356.88,323.07
O000657,2024-05-04,C0107,East,Retail,P0001,Wireless Earbuds,Electronics,2,46.85,0.0,93.7,48.36,45.34
O000658,2024-05-04,C0116,South,Retail,P0004,Power Bank,Electronics,5,156.84,0.15,666.57,571.2,95.37
O000659,2024-05-04,C0303,West,Retail,P0017,Standing Desk,Office Supplies,4,143.29,0.2,458.53,347.8,110.73
O000660,2024-05-04,C0372,West,Wholesale,P0010,Coffee Maker,Home & Kitchen,7,276.64,0.1,1742.83,1437.94,304.89
O000661,2024-05-04,C0202,North,Wholesale,P0001,Wireless Earbuds,Electronics,7,46.85,0.05,311.55,169.26,142.29
O000662,2024-05-05,C0291,East,Online,P0008,Cookware Set,Home & Kitchen,5,144.8,0.0,724.0,345.45,378.55
O000663,2024-05-05,C0071,East,Retail,P0011,Running Shoes,Apparel,4,291.03,0.0,1164.12,541.28,622.84
O000664,2024-05-05,C0360,East,Online,P0017,Standing Desk,Office Supplies,5,143.29,0.1,644.8,434.75,210.05
O000665,2024-05-05,C0289,North,Online,P0018,Notebook Set,Office Supplies,4,171.61,0.0,686.44,342.28,344.16
O000666,2024-05-05,C0037,East,Wholesale,P0016,Ergonomic Chair,Office Supplies,2,85.32,0.0,170.64,102.86,67.78
O000667,2024-05-05,C0115,West,Wholesale,P0004,Power Bank,Electronics,4,156.84,0.1,564.62,456.96,107.66
O000668,2024-05-05,C0263,North,Online,P0015,Wallet,Apparel,6,245.76,0.1,1327.1,898.98,428.12
O000669,2024-05-05,C0158,East,Retail,P0012,Denim Jacket,Apparel,4,97.06,0.1,349.42,227.28,122.14
O000670,2024-05-05,C0194,North,Online,P0017,Standing Desk,Office Supplies,7,143.29,0.05,952.88,608.65,344.23
O000671,2024-05-05,C0041,North,Wholesale,P0004,Power Bank,Electronics,6,156.84,0.0,941.04,685.44,255.6
O000672,2024-05-06,C0164,North,Retail,P0003,Bluetooth Speaker,Electronics,2,365.93,0.0,731.86,430.66,301.2
O000673,2024-05-06,C0033,East,Online,P0020,Monitor Arm,Office Supplies,2,193.94,0.0,387.88,258.8,129.08
O000674,2024-05-06,C0349,East,Wholesale,P0001,Wireless Earbuds,Electronics,3,46.85,0.0,140.55,72.54,68.01
O000675,2024-05-07,C0282,South,Wholesale,P0011,Running Shoes,Apparel,7,291.03,0.1,1833.49,947.24,886.25
O000676,2024-05-07,C0283,West,Retail,P0007,Blender,Home & Kitchen,1,121.55,0.05,115.47,88.76,26.71
O000677,2024-05-07,C0078,South,Wholesale,P0004,Power Bank,Electronics,1,156.84,0.1,141.16,114.24,26.92
O000678,2024-05-08,C0210,East,Wholesale,P0008,Cookware Set,Home & Kitchen,6,144.8,0.0,868.8,414.54,454.26
O000679,2024-05-09,C0235,South,Wholesale,P0018,Notebook Set,Office Supplies,7,171.61,0.0,1201.27,598.99,602.28
O000680,2024-05-09,C0290,North,Online,P0018,Notebook Set,Office Supplies,6,171.61,0.0,1029.66,513.42,516.24
O000681,2024-05-09,C0084,East,Online,P0008,Cookware Set,Home & Kitchen,5,144.8,0.2,579.2,345.45,233.75
O000682,2024-05-09,C0358,East,Online,P0018,Notebook Set,Office Supplies,5,171.61,0.15,729.34,427.85,301.49
O000683,2024-05-09,C0138,East,Retail,P0014,Sunglasses,Apparel,4,226.65,0.05,861.27,475.84,385.43
O000684,2024-05-10,C0071,East,Retail,P0018,Notebook Set,Office Supplies,1,171.61,0.05,163.03,85.57,77.46
O000685,2024-05-10,C0124,East,Wholesale,P0004,Power Bank,Electronics,3,156.84,0.05,446.99,342.72,104.27
O000686,2024-05-10,C0023,West,Wholesale,P0008,Cookware Set,Home & Kitchen,7,144.8,0.1,912.24,483.63,428.61
O000687,2024-05-10,C0123,West,Retail,P0020,Monitor Arm,Office Supplies,4,193.94,0.0,775.76,517.6,258.16
O000688,2024-05-10,C0054,North,Retail,P0016,Ergonomic Chair,Office Supplies,7,85.32,0.05,567.38,360.01,207.37
O000689,2024-05-11,C0016,West,Retail,P0007,Blender,Home & Kitchen,6,121.55,0.05,692.83,532.56,160.27
O000690,2024-05-11,C0362,East,Online,P0003,Bluetooth Speaker,Electronics,1,365.93,0.05,347.63,215.33,132.3
O000691,2024-05-11,C0387,East,Retail,P0003,Bluetooth Speaker,Electronics,4,365.93,0.0,1463.72,861.32,602.4
O000692,2024-05-11,C0348,North,Wholesale,P0008,Cookware Set,Home & Kitchen,3,144.8,0.0,434.4,207.27,227.13
O000693,2024-05-11,C0150,North,Retail,P0019,Desk Organizer,Office Supplies,7,260.68,0.05,1733.52,1196.65,536.87
O000694,2024-05-12,C0303,West,Retail,P0018,Notebook Set,Office Supplies,7,171.61,0.05,1141.21,598.99,542.22
O000695,2024-05-12,C0039,North,Retail,P0020,Monitor Arm,Office Supplies,2,193.94,0.05,368.49,258.8,109.69
O000696,2024-05-13,C0093,West,Wholesale,P0002,Smart Watch,Electronics,2,189.4,0.1,340.92,201.88,139.04
O000697,2024-05-13,C0347,South,Online,P0013,Backpack,Apparel,5,282.71,0.05,1342.87,1003.7,339.17
O000698,2024-05-13,C0308,East,Retail,P0011,Running Shoes,Apparel,4,291.03,0.1,1047.71,541.28,506.43
O000699,2024-05-13,C0378,East,Online,P0010,Coffee Maker,Home & Kitchen,2,276.64,0.05,525.62,410.84,114.78
O000700,2024-05-14,C0363,West,Wholesale,P0010,Coffee Maker,Home & Kitchen,7,276.64,0.05,1839.66,1437.94,401.72
O000701,2024-05-14,C0130,North,Online,P0017,Standing Desk,Office Supplies,7,143.29,0.05,952.88,608.65,344.23
O000702,2024-05-14,C0267,West,Retail,P0001,Wireless Earbuds,Electronics,1,46.85,0.1,42.16,24.18,17.98
O000703,2024-05-14,C0252,West,Retail,P0004,Power Bank,Electronics,7,156.84,0.15,933.2,799.68,133.52
O000704,2024-05-14,C0318,South,Retail,P0007,Blender,Home & Kitchen,3,121.55,0.05,346.42,266.28,80.14
O000705,2024-05-14,C0049,West,Retail,P0005,Laptop Stand,Electronics,7,108.18,0.0,757.26,454.37,302.89
O000706,2024-05-14,C0005,North,Online,P0014,Sunglasses,Apparel,7,226.65,0.15,1348.57,832.72,515.85
O000707,2024-05-14,C0201,North,Wholesale,P0010,Coffee Maker,Home & Kitchen,5,276.64,0.15,1175.72,1027.1,148.62
O000708,2024-05-14,C0185,North,Retail,P0017,Standing Desk,Office Supplies,6,143.29,0.1,773.77,521.7,252.07
O000709,2024-05-14,C0339,West,Retail,P0016,Ergonomic Chair,Office Supplies,3,85.32,0.1,230.36,154.29,76.07
O000710,2024-05-14,C0332,North,Wholesale,P0010,Coffee Maker,Home & Kitchen,3,276.64,0.0,829.92,616.26,213.66
O000711,2024-05-14,C0357,North,Retail,P0013,Backpack,Apparel,4,282.71,0.0,1130.84,802.96,327.88
O000712,2024-05-14,C0118,South,Retail,P0003,Bluetooth Speaker,Electronics,3,365.93,0.05,1042.9,645.99,396.91
O000713,2024-05-15,C0027,North,Online,P0017,Standing Desk,Office Supplies,4,143.29,0.0,573.16,347.8,225.36
O000714,2024-05-15,C0181,West,Wholesale,P0011,Running Shoes,Apparel,2,291.03,0.0,582.06,270.64,311.42
O000715,2024-05-15,C0087,South,Wholesale,P0012,Denim Jacket,Apparel,4,97.06,0.1,349.42,227.28,122.14
O000716,2024-05-15,C0175,West,Wholesale,P0004,Power Bank,Electronics,6,156.84,0.0,941.04,685.44,255.6
O000717,2024-05-15,C0171,East,Retail,P0003,Bluetooth Speaker,Electronics,1,365.93,0.15,311.04,215.33,95.71
O000718,2024-05-15,C0301,East,Retail,P0005,Laptop Stand,Electronics,3,108.18,0.1,292.09,194.73,97.36
O000719,2024-05-15,C0090,West,Retail,P0019,Desk Organizer,Office Supplies,4,260.68,0.0,1042.72,683.8,358.92
O000720,2024-05-15,C0368,North,Wholesale,P0010,Coffee Maker,Home & Kitchen,5,276.64,0.1,1244.88,1027.1,217.78
O000721,2024-05-15,C0008,South,Retail,P0008,Cookware Set,Home & Kitchen,2,144.8,0.05,275.12,138.18,136.94
O000722,2024-05-15,C0050,East,Online,P0013,Backpack,Apparel,2,282.71,0.0,565.42,401.48,163.94
O000723,2024-05-15,C0215,North,Retail,P0011,Running Shoes,Apparel,6,291.03,0.0,1746.18,811.92,934.26
O000724,2024-05-16,C0291,East,Online,P0003,Bluetooth Speaker,Electronics,3,365.93,0.15,933.12,645.99,287.13
O000725,2024-05-16,C0262,North,Retail,P0009,Vacuum Cleaner,Home & Kitchen,7,86.66,0.0,606.62,372.68,233.94
O000726,2024-05-16,C0294,West,Retail,P0012,Denim Jacket,Apparel,7,97.06,0.1,611.48,397.74,213.74
O000727,2024-05-16,C0050,East,Online,P0007,Blender,Home & Kitchen,4,121.55,0.0,486.2,355.04,131.16
O000728,2024-05-16,C0360,East,Online,P0009,Vacuum Cleaner,Home & Kitchen,1,86.66,0.1,77.99,53.24,24.75
O000729,2024-05-16,C0039,North,Retail,P0003,Bluetooth Speaker,Electronics,2,365.93,0.1,658.67,430.66,228.01
O000730,2024-05-16,C0331,North,Online,P0005,Laptop Stand,Electronics,2,108.18,0.0,216.36,129.82,86.54
O000731,2024-05-17,C0255,West,Retail,P0016,Ergonomic Chair,Office Supplies,5,85.32,0.1,383.94,257.15,126.79
O000732,2024-05-17,C0374,West,Retail,P0020,Monitor Arm,Office Supplies,5,193.94,0.1,872.73,647.0,225.73
O000733,2024-05-17,C0221,West,Online,P0002,Smart Watch,Electronics,3,189.4,0.0,568.2,302.82,265.38
O000734,2024-05-17,C0224,South,Wholesale,P0011,Running Shoes,Apparel,2,291.03,0.1,523.85,270.64,253.21
O000735,2024-05-17,C0046,North,Online,P0013,Backpack,Apparel,6,282.71,0.15,1441.82,1204.44,237.38
O000736,2024-05-17,C0130,North,Online,P0002,Smart Watch,Electronics,4,189.4,0.05,719.72,403.76,315.96
O000737,2024-05-17,C0367,South,Online,P0019,Desk Organizer,Office Supplies,2,260.68,0.1,469.22,341.9,127.32
O000738,2024-05-18,C0337,North,Online,P0009,Vacuum Cleaner,Home & Kitchen,5,86.66,0.0,433.3,266.2,167.1
O000739,2024-05-18,C0191,East,Online,P0003,Bluetooth Speaker,Electronics,7,365.93,0.0,2561.51,1507.31,1054.2
O000740,2024-05-18,C0235,South,Wholesale,P0014,Sunglasses,Apparel,5,226.65,0.0,1133.25,594.8,538.45
O000741,2024-05-18,C0143,North,Wholesale,P0007,Blender,Home & Kitchen,3,121.55,0.0,364.65,266.28,98.37
O000742,2024-05-18,C0224,South,Wholesale,P0017,Standing Desk,Office Supplies,1,143.29,0.0,143.29,86.95,56.34
O000743,2024-05-18,C0396,South,Retail,P0020,Monitor Arm,Office Supplies,4,193.94,0.0,775.76,517.6,258.16
O000744,2024-05-18,C0188,South,Retail,P0009,Vacuum Cleaner,Home & Kitchen,2,86.66,0.05,164.65,106.48,58.17
O000745,2024-05-19,C0184,West,Online,P0007,Blender,Home & Kitchen,6,121.55,0.0,729.3,532.56,196.74
O000746,2024-05-19,C0288,West,Online,P0003,Bluetooth Speaker,Electronics,5,365.93,0.05,1738.17,1076.65,661.52
O000747,2024-05-19,C0294,West,Retail,P0005,Laptop Stand,Electronics,1,108.18,0.15,91.95,64.91,27.04
O000748,2024-05-19,C0251,East,Online,P0008,Cookware Set,Home & Kitchen,3,144.8,0.0,434.4,207.27,227.13
O000749,2024-05-19,C0241,East,Retail,P0005,Laptop Stand,Electronics,3,108.18,0.0,324.54,194.73,129.81
O000750,2024-05-19,C0183,West,Retail,P0013,Backpack,Apparel,1,282.71,0.05,268.57,200.74,67.83
O000751,2024-05-20,C0208,West,Online,P0002,Smart Watch,Electronics,7,189.4,0.05,1259.51,706.58,552.93
O000752,2024-05-20,C0244,East,Online,P0018,Notebook Set,Office Supplies,6,171.61,0.1,926.69,513.42,413.27
O000753,2024-05-20,C0352,West,Retail,P0003,Bluetooth Speaker,Electronics,2,365.93,0.05,695.27,430.66,264.61
O000754,2024-05-20,C0113,South,Retail,P0002,Smart Watch,Electronics,1,189.4,0.2,151.52,100.94,50.58
O000755,2024-05-20,C0365,North,Retail,P0012,Denim Jacket,Apparel,4,97.06,0.2,310.59,227.28,83.31
O000756,2024-05-20,C0304,South,Online,P0005,Laptop Stand,Electronics,5,108.18,0.0,540.9,324.55,216.35
O000757,2024-05-20,C0305,East,Retail,P0006,Air Fryer,Home & Kitchen,3,298.69,0.0,896.07,456.0,440.07
O000758,2024-05-20,C0062,West,Wholesale,P0004,Power Bank,Electronics,2,156.84,0.1,282.31,228.48,53.83
O000759,2024-05-20,C0267,West,Retail,P0003,Bluetooth Speaker,Electronics,1,365.93,0.0,365.93,215.33,150.6
O000760,2024-05-20,C0131,West,Wholesale,P0011,Running Shoes,Apparel,3,291.03,0.1,785.78,405.96,379.82
O000761,2024-05-21,C0226,East,Wholesale,P0003,Bluetooth Speaker,Electronics,5,365.93,0.0,1829.65,1076.65,753.0
O000762,2024-05-21,C0397,North,Wholesale,P0003,Bluetooth Speaker,Electronics,5,365.93,0.0,1829.65,1076.65,753.0
O000763,2024-05-21,C0163,West,Retail,P0003,Bluetooth Speaker,Electronics,4,365.93,0.15,1244.16,861.32,382.84
O000764,2024-05-21,C0152,East,Online,P0019,Desk Organizer,Office Supplies,6,260.68,0.0,1564.08,1025.7,538.38
O000765,2024-05-21,C0306,South,Online,P0011,Running Shoes,Apparel,5,291.03,0.05,1382.39,676.6,705.79
O000766,2024-05-21,C0389,West,Online,P0007,Blender,Home & Kitchen,1,121.55,0.05,115.47,88.76,26.71
O000767,2024-05-21,C0387,East,Retail,P0005,Laptop Stand,Electronics,1,108.18,0.15,91.95,64.91,27.04
O000768,2024-05-21,C0115,West,Wholesale,P0010,Coffee Maker,Home & Kitchen,7,276.64,0.0,1936.48,1437.94,498.54
O000769,2024-05-21,C0200,North,Retail,P0010,Coffee Maker,Home & Kitchen,7,276.64,0.05,1839.66,1437.94,401.72
O000770,2024-05-21,C0340,South,Online,P0019,Desk Organizer,Office Supplies,5,260.68,0.1,1173.06,854.75,318.31
O000771,2024-05-22,C0160,West,Wholesale,P0014,Sunglasses,Apparel,4,226.65,0.05,861.27,475.84,385.43
O000772,2024-05-22,C0008,South,Retail,P0015,Wallet,Apparel,7,245.76,0.2,1376.26,1048.81,327.45
O000773,2024-05-22,C0377,South,Retail,P0003,Bluetooth Speaker,Electronics,3,365.93,0.1,988.01,645.99,342.02
O000774,2024-05-22,C0251,East,Online,P0013,Backpack,Apparel,7,282.71,0.2,1583.18,1405.18,178.0
O000775,2024-05-22,C0057,East,Retail,P0002,Smart Watch,Electronics,2,189.4,0.05,359.86,201.88,157.98
O000776,2024-05-23,C0341,North,Online,P0017,Standing Desk,Office Supplies,4,143.29,0.0,573.16,347.8,225.36
O000777,2024-05-23,C0234,North,Retail,P0007,Blender,Home & Kitchen,1,121.55,0.2,97.24,88.76,8.48
O000778,2024-05-23,C0209,South,Online,P0013,Backpack,Apparel,2,282.71,0.1,508.88,401.48,107.4
O000779,2024-05-24,C0109,East,Online,P0011,Running Shoes,Apparel,2,291.03,0.1,523.85,270.64,253.21
O000780,2024-05-24,C0062,West,Wholesale,P0001,Wireless Earbuds,Electronics,5,46.85,0.2,187.4,120.9,66.5
O000781,2024-05-24,C0185,North,Retail,P0016,Ergonomic Chair,Office Supplies,1,85.32,0.05,81.05,51.43,29.62
O000782,2024-05-24,C0182,South,Retail,P0006,Air Fryer,Home & Kitchen,7,298.69,0.2,1672.66,1064.0,608.66
O000783,2024-05-24,C0347,South,Online,P0020,Monitor Arm,Office Supplies,5,193.94,0.15,824.24,647.0,177.24
O000784,2024-05-25,C0204,North,Retail,P0016,Ergonomic Chair,Office Supplies,1,85.32,0.0,85.32,51.43,33.89
O000785,2024-05-25,C0359,North,Retail,P0017,Standing Desk,Office Supplies,1,143.29,0.05,136.13,86.95,49.18
O000786,2024-05-25,C0201,North,Wholesale,P0005,Laptop Stand,Electronics,6,108.18,0.0,649.08,389.46,259.62
O000787,2024-05-25,C0054,North,Retail,P0019,Desk Organizer,Office Supplies,4,260.68,0.05,990.58,683.8,306.78
O000788,2024-05-25,C0208,West,Online,P0008,Cookware Set,Home & Kitchen,6,144.8,0.1,781.92,414.54,367.38
O000789,2024-05-25,C0137,West,Online,P0005,Laptop Stand,Electronics,3,108.18,0.0,324.54,194.73,129.81
O000790,2024-05-25,C0212,West,Online,P0020,Monitor Arm,Office Supplies,3,193.94,0.1,523.64,388.2,135.44
O000791,2024-05-25,C0397,North,Wholesale,P0017,Standing Desk,Office Supplies,4,143.29,0.15,487.19,347.8,139.39
O000792,2024-05-25,C0240,South,Retail,P0014,Sunglasses,Apparel,6,226.65,0.1,1223.91,713.76,510.15
O000793,2024-05-25,C0015,West,Wholesale,P0008,Cookware Set,Home & Kitchen,3,144.8,0.0,434.4,207.27,227.13
O000794,2024-05-26,C0226,East,Wholesale,P0003,Bluetooth Speaker,Electronics,6,365.93,0.1,1976.02,1291.98,684.04
O000795,2024-05-26,C0065,North,Retail,P0004,Power Bank,Electronics,4,156.84,0.0,627.36,456.96,170.4
O000796,2024-05-26,C0215,North,Retail,P0011,Running Shoes,Apparel,4,291.03,0.05,1105.91,541.28,564.63
O000797,2024-05-26,C0150,North,Retail,P0014,Sunglasses,Apparel,5,226.65,0.15,963.26,594.8,368.46
O000798,2024-05-26,C0188,South,Retail,P0013,Backpack,Apparel,2,282.71,0.1,508.88,401.48,107.4
O000799,2024-05-27,C0244,East,Online,P0003,Bluetooth Speaker,Electronics,2,365.93,0.05,695.27,430.66,264.61
O000800,2024-05-27,C0362,East,Online,P0008,Cookware Set,Home & Kitchen,7,144.8,0.0,1013.6,483.63,529.97
O000801,2024-05-27,C0221,West,Online,P0004,Power Bank,Electronics,1,156.84,0.1,141.16,114.24,26.92
O000802,2024-05-27,C0337,North,Online,P0006,Air Fryer,Home & Kitchen,7,298.69,0.0,2090.83,1064.0,1026.83
O000803,2024-05-27,C0332,North,Wholesale,P0019,Desk Organizer,Office Supplies,2,260.68,0.1,469.22,341.9,127.32
O000804,2024-05-27,C0355,West,Wholesale,P0008,Cookware Set,Home & Kitchen,1,144.8,0.05,137.56,69.09,68.47
O000805,2024-05-27,C0019,North,Retail,P0018,Notebook Set,Office Supplies,7,171.61,0.1,1081.14,598.99,482.15
O000806,2024-05-27,C0303,West,Retail,P0007,Blender,Home & Kitchen,7,121.55,0.05,808.31,621.32,186.99
O000807,2024-05-28,C0384,West,Online,P0018,Notebook Set,Office Supplies,6,171.61,0.0,1029.66,513.42,516.24
O000808,2024-05-28,C0400,South,Online,P0002,Smart Watch,Electronics,3,189.4,0.05,539.79,302.82,236.97
O000809,2024-05-28,C0304,South,Online,P0007,Blender,Home & Kitchen,1,121.55,0.15,103.32,88.76,14.56
O000810,2024-05-28,C0321,South,Retail,P0013,Backpack,Apparel,5,282.71,0.0,1413.55,1003.7,409.85
O000811,2024-05-28,C0273,South,Wholesale,P0018,Notebook Set,Office Supplies,3,171.61,0.1,463.35,256.71,206.64
O000812,2024-05-29,C0309,West,Retail,P0011,Running Shoes,Apparel,2,291.03,0.0,582.06,270.64,311.42
O000813,2024-05-29,C0310,South,Wholesale,P0006,Air Fryer,Home & Kitchen,3,298.69,0.05,851.27,456.0,395.27
O000814,2024-05-29,C0306,South,Online,P0013,Backpack,Apparel,7,282.71,0.0,1978.97,1405.18,573.79
O000815,2024-05-29,C0205,South,Wholesale,P0007,Blender,Home & Kitchen,1,121.55,0.1,109.4,88.76,20.64
O000816,2024-05-29,C0143,North,Wholesale,P0008,Cookware Set,Home & Kitchen,1,144.8,0.05,137.56,69.09,68.47
O000817,2024-05-29,C0031,North,Retail,P0007,Blender,Home & Kitchen,4,121.55,0.0,486.2,355.04,131.16
O000818,2024-05-29,C0217,West,Online,P0018,Notebook Set,Office Supplies,7,171.61,0.0,1201.27,598.99,602.28
O000819,2024-05-29,C0267,West,Retail,P0012,Denim Jacket,Apparel,4,97.06,0.0,388.24,227.28,160.96
O000820,2024-05-29,C0032,West,Retail,P0016,Ergonomic Chair,Office Supplies,1,85.32,0.0,85.32,51.43,33.89
O000821,2024-05-29,C0050,East,Online,P0003,Bluetooth Speaker,Electronics,1,365.93,0.15,311.04,215.33,95.71
O000822,2024-05-30,C0166,South,Wholesale,P0018,Notebook Set,Office Supplies,7,171.61,0.1,1081.14,598.99,482.15
O000823,2024-05-30,C0163,West,Retail,P0007,Blender,Home & Kitchen,6,121.55,0.0,729.3,532.56,196.74
O000824,2024-05-30,C0251,East,Online,P0014,Sunglasses,Apparel,7,226.65,0.0,1586.55,832.72,753.83
O000825,2024-05-30,C0316,West,Retail,P0004,Power Bank,Electronics,7,156.84,0.0,1097.88,799.68,298.2
O000826,2024-05-30,C0370,North,Wholesale,P0012,Denim Jacket,Apparel,4,97.06,0.15,330.0,227.28,102.72
O000827,2024-05-30,C0082,West,Online,P0005,Laptop Stand,Electronics,3,108.18,0.0,324.54,194.73,129.81
O000828,2024-05-30,C0141,North,Online,P0008,Cookware Set,Home & Kitchen,5,144.8,0.0,724.0,345.45,378.55
O000829,2024-05-30,C0032,West,Retail,P0003,Bluetooth Speaker,Electronics,4,365.93,0.15,1244.16,861.32,382.84
O000830,2024-05-30,C0291,East,Online,P0019,Desk Organizer,Office Supplies,6,260.68,0.1,1407.67,1025.7,381.97
O000831,2024-05-30,C0135,West,Wholesale,P0001,Wireless Earbuds,Electronics,6,46.85,0.05,267.04,145.08,121.96
O000832,2024-05-30,C0235,South,Wholesale,P0013,Backpack,Apparel,7,282.71,0.0,1978.97,1405.18,573.79
O000833,2024-05-30,C0221,West,Online,P0012,Denim Jacket,Apparel,3,97.06,0.1,262.06,170.46,91.6
O000834,2024-05-31,C0258,West,Retail,P0001,Wireless Earbuds,Electronics,3,46.85,0.1,126.5,72.54,53.96
O000835,2024-05-31,C0377,South,Retail,P0010,Coffee Maker,Home & Kitchen,2,276.64,0.1,497.95,410.84,87.11
O000836,2024-05-31,C0310,South,Wholesale,P0008,Cookware Set,Home & Kitchen,3,144.8,0.0,434.4,207.27,227.13
O000837,2024-05-31,C0388,South,Retail,P0003,Bluetooth Speaker,Electronics,2,365.93,0.1,658.67,430.66,228.01
O000838,2024-05-31,C0208,West,Online,P0013,Backpack,Apparel,4,282.71,0.0,1130.84,802.96,327.88
O000839,2024-05-31,C0249,South,Online,P0008,Cookware Set,Home & Kitchen,1,144.8,0.0,144.8,69.09,75.71
O000840,2024-06-01,C0357,North,Retail,P0009,Vacuum Cleaner,Home & Kitchen,5,86.66,0.15,368.3,266.2,102.1
O000841,2024-06-01,C0131,West,Wholesale,P0017,Standing Desk,Office Supplies,7,143.29,0.0,1003.03,608.65,394.38
O000842,2024-06-01,C0170,North,Wholesale,P0013,Backpack,Apparel,2,282.71,0.05,537.15,401.48,135.67
O000843,2024-06-01,C0156,West,Retail,P0017,Standing Desk,Office Supplies,3,143.29,0.1,386.88,260.85,126.03
O000844,2024-06-02,C0069,South,Retail,P0003,Bluetooth Speaker,Electronics,2,365.93,0.0,731.86,430.66,301.2
O000845,2024-06-02,C0306,South,Online,P0007,Blender,Home & Kitchen,3,121.55,0.0,364.65,266.28,98.37
O000846,2024-06-02,C0235,South,Wholesale,P0017,Standing Desk,Office Supplies,1,143.29,0.05,136.13,86.95,49.18
O000847,2024-06-02,C0242,North,Online,P0007,Blender,Home & Kitchen,7,121.55,0.0,850.85,621.32,229.53
O000848,2024-06-02,C0195,South,Retail,P0015,Wallet,Apparel,7,245.76,0.05,1634.3,1048.81,585.49
O000849,2024-06-02,C0320,South,Retail,P0007,Blender,Home & Kitchen,1,121.55,0.0,121.55,88.76,32.79
O000850,2024-06-03,C0315,East,Online,P0002,Smart Watch,Electronics,5,189.4,0.0,947.0,504.7,442.3
O000851,2024-06-03,C0219,North,Retail,P0020,Monitor Arm,Office Supplies,2,193.94,0.05,368.49,258.8,109.69
O000852,2024-06-03,C0243,West,Wholesale,P0018,Notebook Set,Office Supplies,4,171.61,0.15,583.47,342.28,241.19
O000853,2024-06-03,C0230,East,Retail,P0018,Notebook Set,Office Supplies,1,171.61,0.1,154.45,85.57,68.88
O000854,2024-06-03,C0388,South,Retail,P0015,Wallet,Apparel,2,245.76,0.05,466.94,299.66,167.28
O000855,2024-06-03,C0091,South,Retail,P0017,Standing Desk,Office Supplies,3,143.29,0.05,408.38,260.85,147.53
O000856,2024-06-04,C0092,East,Retail,P0018,Notebook Set,Office Supplies,6,171.61,0.05,978.18,513.42,464.76
O000857,2024-06-04,C0208,West,Online,P0016,Ergonomic Chair,Office Supplies,4,85.32,0.0,341.28,205.72,135.56
O000858,2024-06-04,C0275,East,Online,P0017,Standing Desk,Office Supplies,1,143.29,0.05,136.13,86.95,49.18
O000859,2024-06-04,C0112,North,Online,P0001,Wireless Earbuds,Electronics,1,46.85,0.0,46.85,24.18,22.67
O000860,2024-06-04,C0039,North,Retail,P0011,Running Shoes,Apparel,6,291.03,0.0,1746.18,811.92,934.26
O000861,2024-06-05,C0139,South,Wholesale,P0013,Backpack,Apparel,7,282.71,0.05,1880.02,1405.18,474.84
O000862,2024-06-05,C0200,North,Retail,P0020,Monitor Arm,Office Supplies,6,193.94,0.0,1163.64,776.4,387.24
O000863,2024-06-06,C0038,West,Online,P0003,Bluetooth Speaker,Electronics,1,365.93,0.1,329.34,215.33,114.01
O000864,2024-06-06,C0024,South,Online,P0020,Monitor Arm,Office Supplies,2,193.94,0.1,349.09,258.8,90.29
O000865,2024-06-06,C0018,West,Wholesale,P0017,Standing Desk,Office Supplies,6,143.29,0.1,773.77,521.7,252.07
O000866,2024-06-06,C0299,North,Retail,P0009,Vacuum Cleaner,Home & Kitchen,7,86.66,0.1,545.96,372.68,173.28
O000867,2024-06-06,C0225,South,Wholesale,P0015,Wallet,Apparel,3,245.76,0.2,589.82,449.49,140.33
O000868,2024-06-06,C0281,West,Retail,P0020,Monitor Arm,Office Supplies,5,193.94,0.0,969.7,647.0,322.7
O000869,2024-06-06,C0290,North,Online,P0016,Ergonomic Chair,Office Supplies,1,85.32,0.15,72.52,51.43,21.09
O000870,2024-06-06,C0312,East,Retail,P0012,Denim Jacket,Apparel,1,97.06,0.0,97.06,56.82,40.24
O000871,2024-06-07,C0301,East,Retail,P0005,Laptop Stand,Electronics,4,108.18,0.0,432.72,259.64,173.08
O000872,2024-06-07,C0131,West,Wholesale,P0009,Vacuum Cleaner,Home & Kitchen,4,86.66,0.15,294.64,212.96,81.68
O000873,2024-06-07,C0176,South,Online,P0011,Running Shoes,Apparel,4,291.03,0.0,1164.12,541.28,622.84
O000874,2024-06-07,C0329,East,Online,P0003,Bluetooth Speaker,Electronics,6,365.93,0.0,2195.58,1291.98,903.6
O000875,2024-06-08,C0309,West,Retail,P0009,Vacuum Cleaner,Home & Kitchen,6,86.66,0.15,441.97,319.44,122.53
O000876,2024-06-08,C0297,East,Online,P0017,Standing Desk,Office Supplies,7,143.29,0.05,952.88,608.65,344.23
O000877,2024-06-08,C0392,North,Online,P0013,Backpack,Apparel,6,282.71,0.05,1611.45,1204.44,407.01
O000878,2024-06-08,C0090,West,Retail,P0013,Backpack,Apparel,4,282.71,0.15,961.21,802.96,158.25
O000879,2024-06-08,C0105,East,Wholesale,P0002,Smart Watch,Electronics,3,189.4,0.0,568.2,302.82,265.38
O000880,2024-06-09,C0124,East,Wholesale,P0001,Wireless Earbuds,Electronics,5,46.85,0.0,234.25,120.9,113.35
O000881,2024-06-09,C0002,East,Retail,P0019,Desk Organizer,Office Supplies,7,260.68,0.1,1642.28,1196.65,445.63
O000882,2024-06-09,C0073,North,Retail,P0019,Desk Organizer,Office Supplies,7,260.68,0.2,1459.81,1196.65,263.16
O000883,2024-06-10,C0192,West,Online,P0013,Backpack,Apparel,5,282.71,0.05,1342.87,1003.7,339.17
O000884,2024-06-10,C0260,North,Retail,P0009,Vacuum Cleaner,Home & Kitchen,3,86.66,0.2,207.98,159.72,48.26
O000885,2024-06-10,C0387,East,Retail,P0014,Sunglasses,Apparel,3,226.65,0.15,577.96,356.88,221.08
O000886,2024-06-10,C0339,West,Retail,P0019,Desk Organizer,Office Supplies,2,260.68,0.1,469.22,341.9,127.32
O000887,2024-06-10,C0044,East,Online,P0015,Wallet,Apparel,5,245.76,0.1,1105.92,749.15,356.77
O000888,2024-06-10,C0329,East,Online,P0018,Notebook Set,Office Supplies,2,171.61,0.1,308.9,171.14,137.76
O000889,2024-06-10,C0174,West,Retail,P0020,Monitor Arm,Office Supplies,3,193.94,0.0,581.82,388.2,193.62
O000890,2024-06-11,C0196,South,Online,P0006,Air Fryer,Home & Kitchen,4,298.69,0.2,955.81,608.0,347.81
O000891,2024-06-11,C0126,North,Retail,P0002,Smart Watch,Electronics,4,189.4,0.1,681.84,403.76,278.08
O000892,2024-06-11,C0049,West,Retail,P0007,Blender,Home & Kitchen,1,121.55,0.15,103.32,88.76,14.56
O000893,2024-06-11,C0126,North,Retail,P0010,Coffee Maker,Home & Kitchen,1,276.64,0.0,276.64,205.42,71.22
O000894,2024-06-11,C0308,East,Retail,P0005,Laptop Stand,Electronics,3,108.18,0.0,324.54,194.73,129.81
O000895,2024-06-11,C0172,South,Online,P0015,Wallet,Apparel,3,245.76,0.0,737.28,449.49,287.79
O000896,2024-06-11,C0344,South,Wholesale,P0009,Vacuum Cleaner,Home & Kitchen,6,86.66,0.05,493.96,319.44,174.52
O000897,2024-06-11,C0397,North,Wholesale,P0018,Notebook Set,Office Supplies,6,171.61,0.1,926.69,513.42,413.27
O000898,2024-06-11,C0308,East,Retail,P0002,Smart Watch,Electronics,7,189.4,0.15,1126.93,706.58,420.35
O000899,2024-06-12,C0358,East,Online,P0013,Backpack,Apparel,1,282.71,0.0,282.71,200.74,81.97
O000900,2024-06-12,C0141,North,Online,P0001,Wireless Earbuds,Electronics,7,46.85,0.1,295.15,169.26,125.89
O000901,2024-06-12,C0246,East,Retail,P0003,Bluetooth Speaker,Electronics,4,365.93,0.05,1390.53,861.32,529.21
O000902,2024-06-12,C0319,South,Online,P0019,Desk Organizer,Office Supplies,1,260.68,0.15,221.58,170.95,50.63
O000903,2024-06-12,C0025,West,Online,P0015,Wallet,Apparel,6,245.76,0.0,1474.56,898.98,575.58
O000904,2024-06-12,C0016,West,Retail,P0009,Vacuum Cleaner,Home & Kitchen,7,86.66,0.1,545.96,372.68,173.28
O000905,2024-06-13,C0004,South,Online,P0003,Bluetooth Speaker,Electronics,1,365.93,0.0,365.93,215.33,150.6
O000906,2024-06-13,C0392,North,Online,P0002,Smart Watch,Electronics,4,189.4,0.1,681.84,403.76,278.08
O000907,2024-06-13,C0309,West,Retail,P0009,Vacuum Cleaner,Home & Kitchen,7,86.66,0.05,576.29,372.68,203.61
O000908,2024-06-13,C0167,South,Retail,P0009,Vacuum Cleaner,Home & Kitchen,3,86.66,0.0,259.98,159.72,100.26
O000909,2024-06-13,C0253,North,Online,P0008,Cookware Set,Home & Kitchen,1,144.8,0.1,130.32,69.09,61.23
O000910,2024-06-13,C0224,South,Wholesale,P0002,Smart Watch,Electronics,5,189.4,0.15,804.95,504.7,300.25
O000911,2024-06-13,C0189,South,Wholesale,P0012,Denim Jacket,Apparel,4,97.06,0.1,349.42,227.28,122.14
O000912,2024-06-13,C0328,West,Online,P0009,Vacuum Cleaner,Home & Kitchen,6,86.66,0.0,519.96,319.44,200.52
O000913,2024-06-13,C0222,North,Retail,P0003,Bluetooth Speaker,Electronics,5,365.93,0.0,1829.65,1076.65,753.0
O000914,2024-06-14,C0306,South,Online,P0001,Wireless Earbuds,Electronics,5,46.85,0.0,234.25,120.9,113.35
O000915,2024-06-14,C0017,South,Wholesale,P0007,Blender,Home & Kitchen,1,121.55,0.2,97.24,88.76,8.48
O000916,2024-06-14,C0101,West,Retail,P0017,Standing Desk,Office Supplies,7,143.29,0.0,1003.03,608.65,394.38
O000917,2024-06-14,C0123,West,Retail,P0005,Laptop Stand,Electronics,1,108.18,0.05,102.77,64.91,37.86
O000918,2024-06-14,C0111,West,Retail,P0010,Coffee Maker,Home & Kitchen,6,276.64,0.0,1659.84,1232.52,427.32
O000919,2024-06-14,C0303,West,Retail,P0001,Wireless Earbuds,Electronics,4,46.85,0.05,178.03,96.72,81.31
O000920,2024-06-14,C0233,North,Online,P0014,Sunglasses,Apparel,2,226.65,0.15,385.3,237.92,147.38
O000921,2024-06-14,C0188,South,Retail,P0010,Coffee Maker,Home & Kitchen,3,276.64,0.05,788.42,616.26,172.16
O000922,2024-06-14,C0307,North,Online,P0002,Smart Watch,Electronics,5,189.4,0.15,804.95,504.7,300.25
O000923,2024-06-15,C0291,East,Online,P0003,Bluetooth Speaker,Electronics,7,365.93,0.1,2305.36,1507.31,798.05
O000924,2024-06-15,C0168,South,Retail,P0006,Air Fryer,Home & Kitchen,2,298.69,0.0,597.38,304.0,293.38
O000925,2024-06-15,C0219,North,Retail,P0013,Backpack,Apparel,7,282.71,0.05,1880.02,1405.18,474.84
O000926,2024-06-15,C0146,West,Wholesale,P0002,Smart Watch,Electronics,5,189.4,0.05,899.65,504.7,394.95
O000927,2024-06-16,C0231,West,Wholesale,P0004,Power Bank,Electronics,1,156.84,0.2,125.47,114.24,11.23
O000928,2024-06-16,C0174,West,Retail,P0003,Bluetooth Speaker,Electronics,1,365.93,0.0,365.93,215.33,150.6
O000929,2024-06-16,C0162,West,Online,P0005,Laptop Stand,Electronics,2,108.18,0.1,194.72,129.82,64.9
O000930,2024-06-16,C0305,East,Retail,P0006,Air Fryer,Home & Kitchen,1,298.69,0.1,268.82,152.0,116.82
O000931,2024-06-16,C0343,East,Retail,P0006,Air Fryer,Home & Kitchen,7,298.69,0.0,2090.83,1064.0,1026.83
O000932,2024-06-17,C0302,North,Online,P0002,Smart Watch,Electronics,1,189.4,0.1,170.46,100.94,69.52
O000933,2024-06-17,C0296,North,Wholesale,P0004,Power Bank,Electronics,5,156.84,0.15,666.57,571.2,95.37
O000934,2024-06-17,C0300,South,Retail,P0002,Smart Watch,Electronics,2,189.4,0.1,340.92,201.88,139.04
O000935,2024-06-18,C0288,West,Online,P0007,Blender,Home & Kitchen,2,121.55,0.05,230.94,177.52,53.42
O000936,2024-06-18,C0223,West,Wholesale,P0018,Notebook Set,Office Supplies,5,171.61,0.15,729.34,427.85,301.49
O000937,2024-06-18,C0341,North,Online,P0007,Blender,Home & Kitchen,3,121.55,0.0,364.65,266.28,98.37
O000938,2024-06-18,C0151,West,Wholesale,P0008,Cookware Set,Home & Kitchen,2,144.8,0.0,289.6,138.18,151.42
O000939,2024-06-18,C0187,West,Online,P0008,Cookware Set,Home & Kitchen,4,144.8,0.0,579.2,276.36,302.84
O000940,2024-06-19,C0133,North,Retail,P0009,Vacuum Cleaner,Home & Kitchen,4,86.66,0.1,311.98,212.96,99.02
O000941,2024-06-19,C0259,North,Retail,P0018,Notebook Set,Office Supplies,1,171.61,0.1,154.45,85.57,68.88
O000942,2024-06-19,C0124,East,Wholesale,P0009,Vacuum Cleaner,Home & Kitchen,4,86.66,0.0,346.64,212.96,133.68
O000943,2024-06-19,C0008,South,Retail,P0015,Wallet,Apparel,2,245.76,0.0,491.52,299.66,191.86
O000944,2024-06-19,C0302,North,Online,P0013,Backpack,Apparel,4,282.71,0.1,1017.76,802.96,214.8
O000945,2024-06-19,C0005,North,Online,P0013,Backpack,Apparel,2,282.71,0.1,508.88,401.48,107.4
O000946,2024-06-19,C0233,North,Online,P0012,Denim Jacket,Apparel,7,97.06,0.0,679.42,397.74,281.68
O000947,2024-06-20,C0188,South,Retail,P0016,Ergonomic Chair,Office Supplies,3,85.32,0.1,230.36,154.29,76.07
O000948,2024-06-20,C0340,South,Online,P0001,Wireless Earbuds,Electronics,1,46.85,0.15,39.82,24.18,15.64
O000949,2024-06-20,C0193,West,Online,P0010,Coffee Maker,Home & Kitchen,7,276.64,0.1,1742.83,1437.94,304.89
O000950,2024-06-20,C0260,North,Retail,P0009,Vacuum Cleaner,Home & Kitchen,6,86.66,0.1,467.96,319.44,148.52
O000951,2024-06-20,C0161,North,Online,P0005,Laptop Stand,Electronics,6,108.18,0.1,584.17,389.46,194.71
O000952,2024-06-20,C0305,East,Retail,P0016,Ergonomic Chair,Office Supplies,5,85.32,0.15,362.61,257.15,105.46
O000953,2024-06-21,C0083,East,Retail,P0001,Wireless Earbuds,Electronics,1,46.85,0.15,39.82,24.18,15.64
O000954,2024-06-21,C0393,North,Retail,P0004,Power Bank,Electronics,6,156.84,0.05,893.99,685.44,208.55
O000955,2024-06-21,C0141,North,Online,P0011,Running Shoes,Apparel,2,291.03,0.0,582.06,270.64,311.42
O000956,2024-06-21,C0059,East,Online,P0014,Sunglasses,Apparel,1,226.65,0.0,226.65,118.96,107.69
O000957,2024-06-21,C0183,West,Retail,P0018,Notebook Set,Office Supplies,6,171.61,0.0,1029.66,513.42,516.24
O000958,2024-06-22,C0011,West,Online,P0020,Monitor Arm,Office Supplies,2,193.94,0.0,387.88,258.8,129.08
O000959,2024-06-22,C0181,West,Wholesale,P0008,Cookware Set,Home & Kitchen,1,144.8,0.0,144.8,69.09,75.71
O000960,2024-06-22,C0361,West,Retail,P0005,Laptop Stand,Electronics,1,108.18,0.0,108.18,64.91,43.27
O000961,2024-06-22,C0287,North,Wholesale,P0015,Wallet,Apparel,2,245.76,0.1,442.37,299.66,142.71
O000962,2024-06-22,C0186,East,Online,P0016,Ergonomic Chair,Office Supplies,4,85.32,0.1,307.15,205.72,101.43
O000963,2024-06-22,C0092,East,Retail,P0020,Monitor Arm,Office Supplies,5,193.94,0.15,824.24,647.0,177.24
O000964,2024-06-22,C0327,South,Online,P0020,Monitor Arm,Office Supplies,2,193.94,0.05,368.49,258.8,109.69
O000965,2024-06-22,C0069,South,Retail,P0013,Backpack,Apparel,3,282.71,0.05,805.72,602.22,203.5
O000966,2024-06-22,C0173,South,Online,P0009,Vacuum Cleaner,Home & Kitchen,6,86.66,0.05,493.96,319.44,174.52
O000967,2024-06-23,C0164,North,Retail,P0020,Monitor Arm,Office Supplies,7,193.94,0.1,1221.82,905.8,316.02
O000968,2024-06-23,C0191,East,Online,P0017,Standing Desk,Office Supplies,2,143.29,0.05,272.25,173.9,98.35
O000969,2024-06-23,C0255,West,Retail,P0005,Laptop Stand,Electronics,5,108.18,0.1,486.81,324.55,162.26
O000970,2024-06-23,C0214,South,Retail,P0020,Monitor Arm,Office Supplies,2,193.94,0.05,368.49,258.8,109.69
O000971,2024-06-23,C0088,North,Online,P0001,Wireless Earbuds,Electronics,1,46.85,0.2,37.48,24.18,13.3
O000972,2024-06-23,C0224,South,Wholesale,P0009,Vacuum Cleaner,Home & Kitchen,5,86.66,0.1,389.97,266.2,123.77
O000973,2024-06-24,C0241,East,Retail,P0017,Standing Desk,Office Supplies,2,143.29,0.1,257.92,173.9,84.02
O000974,2024-06-24,C0166,South,Wholesale,P0010,Coffee Maker,Home & Kitchen,1,276.64,0.0,276.64,205.42,71.22
O000975,2024-06-24,C0012,North,Retail,P0006,Air Fryer,Home & Kitchen,2,298.69,0.1,537.64,304.0,233.64
O000976,2024-06-24,C0209,South,Online,P0002,Smart Watch,Electronics,4,189.4,0.2,606.08,403.76,202.32
O000977,2024-06-24,C0332,North,Wholesale,P0005,Laptop Stand,Electronics,4,108.18,0.1,389.45,259.64,129.81
O000978,2024-06-25,C0126,North,Retail,P0017,Standing Desk,Office Supplies,5,143.29,0.05,680.63,434.75,245.88
O000979,2024-06-25,C0330,South,Retail,P0009,Vacuum Cleaner,Home & Kitchen,5,86.66,0.0,433.3,266.2,167.1
O000980,2024-06-25,C0100,East,Retail,P0003,Bluetooth Speaker,Electronics,4,365.93,0.0,1463.72,861.32,602.4
O000981,2024-06-25,C0178,South,Online,P0013,Backpack,Apparel,5,282.71,0.0,1413.55,1003.7,409.85
O000982,2024-06-25,C0034,West,Online,P0014,Sunglasses,Apparel,2,226.65,0.0,453.3,237.92,215.38
O000983,2024-06-25,C0012,North,Retail,P0009,Vacuum Cleaner,Home & Kitchen,3,86.66,0.15,220.98,159.72,61.26
O000984,2024-06-25,C0017,South,Wholesale,P0010,Coffee Maker,Home & Kitchen,5,276.64,0.15,1175.72,1027.1,148.62
O000985,2024-06-25,C0227,West,Retail,P0015,Wallet,Apparel,3,245.76,0.1,663.55,449.49,214.06
O000986,2024-06-25,C0301,East,Retail,P0015,Wallet,Apparel,6,245.76,0.1,1327.1,898.98,428.12
O000987,2024-06-26,C0107,East,Retail,P0006,Air Fryer,Home & Kitchen,7,298.69,0.2,1672.66,1064.0,608.66
O000988,2024-06-26,C0339,West,Retail,P0011,Running Shoes,Apparel,7,291.03,0.05,1935.35,947.24,988.11
O000989,2024-06-26,C0277,North,Retail,P0009,Vacuum Cleaner,Home & Kitchen,7,86.66,0.1,545.96,372.68,173.28
O000990,2024-06-26,C0039,North,Retail,P0002,Smart Watch,Electronics,4,189.4,0.0,757.6,403.76,353.84
O000991,2024-06-26,C0206,South,Retail,P0015,Wallet,Apparel,2,245.76,0.1,442.37,299.66,142.71
O000992,2024-06-27,C0370,North,Wholesale,P0020,Monitor Arm,Office Supplies,7,193.94,0.0,1357.58,905.8,451.78
O000993,2024-06-27,C0212,West,Online,P0019,Desk Organizer,Office Supplies,5,260.68,0.0,1303.4,854.75,448.65
O000994,2024-06-27,C0109,East,Online,P0009,Vacuum Cleaner,Home & Kitchen,1,86.66,0.1,77.99,53.24,24.75
O000995,2024-06-27,C0383,West,Retail,P0008,Cookware Set,Home & Kitchen,5,144.8,0.15,615.4,345.45,269.95
O000996,2024-06-27,C0229,North,Wholesale,P0020,Monitor Arm,Office Supplies,2,193.94,0.0,387.88,258.8,129.08
O000997,2024-06-27,C0071,East,Retail,P0015,Wallet,Apparel,4,245.76,0.2,786.43,599.32,187.11
O000998,2024-06-27,C0240,South,Retail,P0016,Ergonomic Chair,Office Supplies,1,85.32,0.05,81.05,51.43,29.62
O000999,2024-06-28,C0334,South,Retail,P0005,Laptop Stand,Electronics,6,108.18,0.0,649.08,389.46,259.62
O001000,2024-06-28,C0356,North,Wholesale,P0005,Laptop Stand,Electronics,7,108.18,0.15,643.67,454.37,189.3
O001001,2024-06-28,C0207,South,Retail,P0003,Bluetooth Speaker,Electronics,5,365.93,0.1,1646.69,1076.65,570.04
O001002,2024-06-28,C0116,South,Retail,P0002,Smart Watch,Electronics,3,189.4,0.05,539.79,302.82,236.97
O001003,2024-06-28,C0301,East,Retail,P0008,Cookware Set,Home & Kitchen,4,144.8,0.0,579.2,276.36,302.84
O001004,2024-06-28,C0299,North,Retail,P0005,Laptop Stand,Electronics,3,108.18,0.0,324.54,194.73,129.81
O001005,2024-06-29,C0022,South,Online,P0018,Notebook Set,Office Supplies,1,171.61,0.05,163.03,85.57,77.46
O001006,2024-06-29,C0259,North,Retail,P0017,Standing Desk,Office Supplies,3,143.29,0.05,408.38,260.85,147.53
O001007,2024-06-29,C0147,North,Online,P0003,Bluetooth Speaker,Electronics,5,365.93,0.1,1646.69,1076.65,570.04
O001008,2024-06-29,C0021,North,Retail,P0001,Wireless Earbuds,Electronics,2,46.85,0.05,89.02,48.36,40.66
O001009,2024-06-29,C0309,West,Retail,P0019,Desk Organizer,Office Supplies,5,260.68,0.0,1303.4,854.75,448.65
O001010,2024-06-29,C0031,North,Retail,P0004,Power Bank,Electronics,7,156.84,0.05,1042.99,799.68,243.31
O001011,2024-06-29,C0287,North,Wholesale,P0019,Desk Organizer,Office Supplies,1,260.68,0.0,260.68,170.95,89.73
O001012,2024-06-29,C0266,South,Retail,P0017,Standing Desk,Office Supplies,7,143.29,0.0,1003.03,608.65,394.38
O001013,2024-06-30,C0335,South,Retail,P0016,Ergonomic Chair,Office Supplies,5,85.32,0.05,405.27,257.15,148.12
O001014,2024-07-01,C0275,East,Online,P0008,Cookware Set,Home & Kitchen,4,144.8,0.1,521.28,276.36,244.92
O001015,2024-07-01,C0040,East,Retail,P0003,Bluetooth Speaker,Electronics,5,365.93,0.15,1555.2,1076.65,478.55
O001016,2024-07-02,C0231,West,Wholesale,P0009,Vacuum Cleaner,Home & Kitchen,6,86.66,0.0,519.96,319.44,200.52
O001017,2024-07-02,C0079,West,Retail,P0001,Wireless Earbuds,Electronics,3,46.85,0.15,119.47,72.54,46.93
O001018,2024-07-02,C0014,West,Online,P0003,Bluetooth Speaker,Electronics,7,365.93,0.0,2561.51,1507.31,1054.2
O001019,2024-07-02,C0386,North,Online,P0012,Denim Jacket,Apparel,4,97.06,0.05,368.83,227.28,141.55
O001020,2024-07-02,C0209,South,Online,P0007,Blender,Home & Kitchen,4,121.55,0.15,413.27,355.04,58.23
O001021,2024-07-02,C0055,North,Retail,P0002,Smart Watch,Electronics,2,189.4,0.1,340.92,201.88,139.04
O001022,2024-07-02,C0225,South,Wholesale,P0017,Standing Desk,Office Supplies,3,143.29,0.0,429.87,260.85,169.02
O001023,2024-07-02,C0011,West,Online,P0011,Running Shoes,Apparel,6,291.03,0.15,1484.25,811.92,672.33
O001024,2024-07-02,C0248,North,Retail,P0005,Laptop Stand,Electronics,5,108.18,0.0,540.9,324.55,216.35
O001025,2024-07-03,C0177,South,Online,P0017,Standing Desk,Office Supplies,4,143.29,0.0,573.16,347.8,225.36
O001026,2024-07-03,C0125,North,Retail,P0012,Denim Jacket,Apparel,5,97.06,0.15,412.5,284.1,128.4
O001027,2024-07-03,C0033,East,Online,P0016,Ergonomic Chair,Office Supplies,4,85.32,0.05,324.22,205.72,118.5
O001028,2024-07-03,C0174,West,Retail,P0012,Denim Jacket,Apparel,5,97.06,0.0,485.3,284.1,201.2
O001029,2024-07-03,C0119,South,Online,P0004,Power Bank,Electronics,4,156.84,0.15,533.26,456.96,76.3
O001030,2024-07-03,C0178,South,Online,P0005,Laptop Stand,Electronics,7,108.18,0.05,719.4,454.37,265.03
O001031,2024-07-03,C0321,South,Retail,P0013,Backpack,Apparel,1,282.71,0.15,240.3,200.74,39.56
O001032,2024-07-03,C0186,East,Online,P0004,Power Bank,Electronics,6,156.84,0.15,799.88,685.44,114.44
O001033,2024-07-03,C0302,North,Online,P0001,Wireless Earbuds,Electronics,4,46.85,0.2,149.92,96.72,53.2
O001034,2024-07-03,C0070,North,Wholesale,P0004,Power Bank,Electronics,1,156.84,0.1,141.16,114.24,26.92
O001035,2024-07-03,C0168,South,Retail,P0003,Bluetooth Speaker,Electronics,4,365.93,0.0,1463.72,861.32,602.4
O001036,2024-07-03,C0286,West,Online,P0006,Air Fryer,Home & Kitchen,3,298.69,0.1,806.46,456.0,350.46
O001037,2024-07-04,C0209,South,Online,P0020,Monitor Arm,Office Supplies,6,193.94,0.0,1163.64,776.4,387.24
O001038,2024-07-05,C0147,North,Online,P0013,Backpack,Apparel,2,282.71,0.0,565.42,401.48,163.94
O001039,2024-07-05,C0141,North,Online,P0003,Bluetooth Speaker,Electronics,4,365.93,0.1,1317.35,861.32,456.03
O001040,2024-07-05,C0306,South,Online,P0019,Desk Organizer,Office Supplies,2,260.68,0.05,495.29,341.9,153.39
O001041,2024-07-05,C0269,North,Online,P0003,Bluetooth Speaker,Electronics,4,365.93,0.0,1463.72,861.32,602.4
O001042,2024-07-05,C0102,West,Online,P0002,Smart Watch,Electronics,3,189.4,0.0,568.2,302.82,265.38
O001043,2024-07-05,C0085,East,Retail,P0015,Wallet,Apparel,4,245.76,0.0,983.04,599.32,383.72
O001044,2024-07-05,C0264,South,Retail,P0003,Bluetooth Speaker,Electronics,5,365.93,0.05,1738.17,1076.65,661.52
O001045,2024-07-05,C0024,South,Online,P0010,Coffee Maker,Home & Kitchen,7,276.64,0.0,1936.48,1437.94,498.54
O001046,2024-07-05,C0183,West,Retail,P0019,Desk Organizer,Office Supplies,1,260.68,0.1,234.61,170.95,63.66
O001047,2024-07-05,C0323,West,Online,P0002,Smart Watch,Electronics,4,189.4,0.05,719.72,403.76,315.96
O001048,2024-07-05,C0171,East,Retail,P0008,Cookware Set,Home & Kitchen,2,144.8,0.15,246.16,138.18,107.98
O001049,2024-07-06,C0069,South,Retail,P0010,Coffee Maker,Home & Kitchen,7,276.64,0.05,1839.66,1437.94,401.72
O001050,2024-07-06,C0149,North,Online,P0007,Blender,Home & Kitchen,2,121.55,0.0,243.1,177.52,65.58
O001051,2024-07-06,C0233,North,Online,P0004,Power Bank,Electronics,1,156.84,0.0,156.84,114.24,42.6
O001052,2024-07-06,C0312,East,Retail,P0012,Denim Jacket,Apparel,3,97.06,0.0,291.18,170.46,120.72
O001053,2024-07-06,C0357,North,Retail,P0020,Monitor Arm,Office Supplies,3,193.94,0.0,581.82,388.2,193.62
O001054,2024-07-06,C0265,South,Retail,P0006,Air Fryer,Home & Kitchen,3,298.69,0.05,851.27,456.0,395.27
O001055,2024-07-06,C0139,South,Wholesale,P0015,Wallet,Apparel,4,245.76,0.1,884.74,599.32,285.42
O001056,2024-07-07,C0184,West,Online,P0019,Desk Organizer,Office Supplies,4,260.68,0.1,938.45,683.8,254.65
O001057,2024-07-08,C0220,North,Retail,P0002,Smart Watch,Electronics,3,189.4,0.1,511.38,302.82,208.56
O001058,2024-07-08,C0095,East,Online,P0015,Wallet,Apparel,3,245.76,0.2,589.82,449.49,140.33
O001059,2024-07-08,C0327,South,Online,P0004,Power Bank,Electronics,4,156.84,0.15,533.26,456.96,76.3
O001060,2024-07-08,C0309,West,Retail,P0002,Smart Watch,Electronics,1,189.4,0.0,189.4,100.94,88.46
O001061,2024-07-09,C0387,East,Retail,P0005,Laptop Stand,Electronics,1,108.18,0.0,108.18,64.91,43.27
O001062,2024-07-09,C0297,East,Online,P0013,Backpack,Apparel,5,282.71,0.05,1342.87,1003.7,339.17
O001063,2024-07-09,C0117,North,Online,P0014,Sunglasses,Apparel,1,226.65,0.05,215.32,118.96,96.36
O001064,2024-07-10,C0071,East,Retail,P0003,Bluetooth Speaker,Electronics,5,365.93,0.0,1829.65,1076.65,753.0
O001065,2024-07-10,C0154,West,Retail,P0006,Air Fryer,Home & Kitchen,7,298.69,0.1,1881.75,1064.0,817.75
O001066,2024-07-10,C0160,West,Wholesale,P0008,Cookware Set,Home & Kitchen,6,144.8,0.1,781.92,414.54,367.38
O001067,2024-07-10,C0400,South,Online,P0009,Vacuum Cleaner,Home & Kitchen,6,86.66,0.2,415.97,319.44,96.53
O001068,2024-07-11,C0131,West,Wholesale,P0016,Ergonomic Chair,Office Supplies,5,85.32,0.0,426.6,257.15,169.45
O001069,2024-07-11,C0295,South,Online,P0016,Ergonomic Chair,Office Supplies,1,85.32,0.15,72.52,51.43,21.09
O001070,2024-07-11,C0228,East,Online,P0009,Vacuum Cleaner,Home & Kitchen,7,86.66,0.1,545.96,372.68,173.28
O001071,2024-07-11,C0153,North,Online,P0013,Backpack,Apparel,1,282.71,0.05,268.57,200.74,67.83
O001072,2024-07-11,C0192,West,Online,P0016,Ergonomic Chair,Office Supplies,1,85.32,0.1,76.79,51.43,25.36
O001073,2024-07-11,C0031,North,Retail,P0017,Standing Desk,Office Supplies,3,143.29,0.0,429.87,260.85,169.02
O001074,2024-07-12,C0165,East,Retail,P0017,Standing Desk,Office Supplies,5,143.29,0.05,680.63,434.75,245.88
O001075,2024-07-12,C0321,South,Retail,P0013,Backpack,Apparel,6,282.71,0.05,1611.45,1204.44,407.01
O001076,2024-07-12,C0101,West,Retail,P0002,Smart Watch,Electronics,2,189.4,0.05,359.86,201.88,157.98
O001077,2024-07-12,C0045,West,Retail,P0014,Sunglasses,Apparel,3,226.65,0.15,577.96,356.88,221.08
O001078,2024-07-12,C0154,West,Retail,P0013,Backpack,Apparel,4,282.71,0.05,1074.3,802.96,271.34
O001079,2024-07-12,C0005,North,Online,P0006,Air Fryer,Home & Kitchen,7,298.69,0.05,1986.29,1064.0,922.29
O001080,2024-07-12,C0238,West,Wholesale,P0007,Blender,Home & Kitchen,6,121.55,0.15,619.9,532.56,87.34
O001081,2024-07-13,C0296,North,Wholesale,P0009,Vacuum Cleaner,Home & Kitchen,3,86.66,0.1,233.98,159.72,74.26
O001082,2024-07-13,C0074,South,Retail,P0008,Cookware Set,Home & Kitchen,4,144.8,0.0,579.2,276.36,302.84
O001083,2024-07-13,C0145,West,Retail,P0003,Bluetooth Speaker,Electronics,3,365.93,0.0,1097.79,645.99,451.8
O001084,2024-07-13,C0253,North,Online,P0014,Sunglasses,Apparel,3,226.65,0.0,679.95,356.88,323.07
O001085,2024-07-13,C0211,South,Wholesale,P0020,Monitor Arm,Office Supplies,7,193.94,0.05,1289.7,905.8,383.9
O001086,2024-07-13,C0102,West,Online,P0001,Wireless Earbuds,Electronics,1,46.85,0.05,44.51,24.18,20.33
O001087,2024-07-13,C0223,West,Wholesale,P0016,Ergonomic Chair,Office Supplies,7,85.32,0.05,567.38,360.01,207.37
O001088,2024-07-13,C0037,East,Wholesale,P0012,Denim Jacket,Apparel,2,97.06,0.1,174.71,113.64,61.07
O001089,2024-07-13,C0224,South,Wholesale,P0016,Ergonomic Chair,Office Supplies,4,85.32,0.05,324.22,205.72,118.5
O001090,2024-07-13,C0364,West,Retail,P0015,Wallet,Apparel,4,245.76,0.1,884.74,599.32,285.42
O001091,2024-07-14,C0386,North,Online,P0010,Coffee Maker,Home & Kitchen,2,276.64,0.0,553.28,410.84,142.44
O001092,2024-07-14,C0021,North,Retail,P0018,Notebook Set,Office Supplies,7,171.61,0.0,1201.27,598.99,602.28
O001093,2024-07-14,C0069,South,Retail,P0019,Desk Organizer,Office Supplies,7,260.68,0.1,1642.28,1196.65,445.63
O001094,2024-07-14,C0011,West,Online,P0020,Monitor Arm,Office Supplies,6,193.94,0.05,1105.46,776.4,329.06
O001095,2024-07-14,C0039,North,Retail,P0010,Coffee Maker,Home & Kitchen,6,276.64,0.1,1493.86,1232.52,261.34
O001096,2024-07-15,C0015,West,Wholesale,P0002,Smart Watch,Electronics,4,189.4,0.05,719.72,403.76,315.96
O001097,2024-07-15,C0028,South,Wholesale,P0001,Wireless Earbuds,Electronics,7,46.85,0.0,327.95,169.26,158.69
O001098,2024-07-15,C0132,North,Online,P0019,Desk Organizer,Office Supplies,1,260.68,0.0,260.68,170.95,89.73
O001099,2024-07-15,C0158,East,Retail,P0020,Monitor Arm,Office Supplies,3,193.94,0.0,581.82,388.2,193.62
O001100,2024-07-15,C0356,North,Wholesale,P0013,Backpack,Apparel,6,282.71,0.0,1696.26,1204.44,491.82
O001101,2024-07-16,C0157,East,Online,P0001,Wireless Earbuds,Electronics,7,46.85,0.0,327.95,169.26,158.69
O001102,2024-07-16,C0376,North,Online,P0008,Cookware Set,Home & Kitchen,4,144.8,0.1,521.28,276.36,244.92
O001103,2024-07-16,C0280,North,Retail,P0017,Standing Desk,Office Supplies,3,143.29,0.0,429.87,260.85,169.02
O001104,2024-07-16,C0120,North,Online,P0011,Running Shoes,Apparel,7,291.03,0.0,2037.21,947.24,1089.97
O001105,2024-07-16,C0254,West,Retail,P0004,Power Bank,Electronics,3,156.84,0.0,470.52,342.72,127.8
O001106,2024-07-17,C0002,East,Retail,P0014,Sunglasses,Apparel,3,226.65,0.15,577.96,356.88,221.08
O001107,2024-07-17,C0163,West,Retail,P0015,Wallet,Apparel,2,245.76,0.0,491.52,299.66,191.86
O001108,2024-07-17,C0257,South,Retail,P0008,Cookware Set,Home & Kitchen,6,144.8,0.0,868.8,414.54,454.26
O001109,2024-07-17,C0221,West,Online,P0010,Coffee Maker,Home & Kitchen,3,276.64,0.0,829.92,616.26,213.66
O001110,2024-07-17,C0172,South,Online,P0007,Blender,Home & Kitchen,5,121.55,0.1,546.98,443.8,103.18
O001111,2024-07-17,C0073,North,Retail,P0017,Standing Desk,Office Supplies,4,143.29,0.0,573.16,347.8,225.36
O001112,2024-07-18,C0125,North,Retail,P0020,Monitor Arm,Office Supplies,1,193.94,0.0,193.94,129.4,64.54
O001113,2024-07-18,C0242,North,Online,P0019,Desk Organizer,Office Supplies,4,260.68,0.0,1042.72,683.8,358.92
O001114,2024-07-18,C0190,East,Retail,P0018,Notebook Set,Office Supplies,7,171.61,0.0,1201.27,598.99,602.28
O001115,2024-07-19,C0359,North,Retail,P0005,Laptop Stand,Electronics,4,108.18,0.0,432.72,259.64,173.08
O001116,2024-07-19,C0115,West,Wholesale,P0001,Wireless Earbuds,Electronics,5,46.85,0.2,187.4,120.9,66.5
O001117,2024-07-19,C0214,South,Retail,P0007,Blender,Home & Kitchen,3,121.55,0.0,364.65,266.28,98.37
O001118,2024-07-20,C0313,North,Retail,P0019,Desk Organizer,Office Supplies,5,260.68,0.15,1107.89,854.75,253.14
O001119,2024-07-20,C0229,North,Wholesale,P0002,Smart Watch,Electronics,4,189.4,0.2,606.08,403.76,202.32
O001120,2024-07-20,C0215,North,Retail,P0008,Cookware Set,Home & Kitchen,3,144.8,0.2,347.52,207.27,140.25
O001121,2024-07-20,C0134,East,Online,P0004,Power Bank,Electronics,6,156.84,0.0,941.04,685.44,255.6
O001122,2024-07-20,C0265,South,Retail,P0006,Air Fryer,Home & Kitchen,7,298.69,0.0,2090.83,1064.0,1026.83
O001123,2024-07-21,C0247,North,Wholesale,P0004,Power Bank,Electronics,6,156.84,0.0,941.04,685.44,255.6
O001124,2024-07-21,C0271,North,Online,P0009,Vacuum Cleaner,Home & Kitchen,4,86.66,0.05,329.31,212.96,116.35
O001125,2024-07-21,C0374,West,Retail,P0002,Smart Watch,Electronics,4,189.4,0.15,643.96,403.76,240.2
O001126,2024-07-21,C0169,South,Online,P0009,Vacuum Cleaner,Home & Kitchen,2,86.66,0.1,155.99,106.48,49.51
O001127,2024-07-21,C0020,South,Retail,P0008,Cookware Set,Home & Kitchen,5,144.8,0.15,615.4,345.45,269.95
O001128,2024-07-21,C0228,East,Online,P0018,Notebook Set,Office Supplies,1,171.61,0.05,163.03,85.57,77.46
O001129,2024-07-21,C0150,North,Retail,P0005,Laptop Stand,Electronics,4,108.18,0.05,411.08,259.64,151.44
O001130,2024-07-22,C0007,East,Wholesale,P0003,Bluetooth Speaker,Electronics,5,365.93,0.05,1738.17,1076.65,661.52
O001131,2024-07-22,C0009,North,Online,P0005,Laptop Stand,Electronics,5,108.18,0.15,459.77,324.55,135.22
O001132,2024-07-22,C0235,South,Wholesale,P0004,Power Bank,Electronics,7,156.84,0.0,1097.88,799.68,298.2
O001133,2024-07-23,C0181,West,Wholesale,P0001,Wireless Earbuds,Electronics,1,46.85,0.1,42.16,24.18,17.98
O001134,2024-07-23,C0292,East,Retail,P0005,Laptop Stand,Electronics,1,108.18,0.0,108.18,64.91,43.27
O001135,2024-07-23,C0071,East,Retail,P0005,Laptop Stand,Electronics,7,108.18,0.15,643.67,454.37,189.3
O001136,2024-07-23,C0034,West,Online,P0001,Wireless Earbuds,Electronics,7,46.85,0.0,327.95,169.26,158.69
O001137,2024-07-23,C0128,West,Retail,P0002,Smart Watch,Electronics,7,189.4,0.0,1325.8,706.58,619.22
O001138,2024-07-23,C0252,West,Retail,P0017,Standing Desk,Office Supplies,3,143.29,0.05,408.38,260.85,147.53
O001139,2024-07-23,C0009,North,Online,P0019,Desk Organizer,Office Supplies,1,260.68,0.15,221.58,170.95,50.63
O001140,2024-07-23,C0128,West,Retail,P0003,Bluetooth Speaker,Electronics,4,365.93,0.05,1390.53,861.32,529.21
O001141,2024-07-23,C0293,East,Retail,P0016,Ergonomic Chair,Office Supplies,2,85.32,0.0,170.64,102.86,67.78
O001142,2024-07-23,C0021,North,Retail,P0004,Power Bank,Electronics,3,156.84,0.0,470.52,342.72,127.8
O001143,2024-07-23,C0353,West,Wholesale,P0004,Power Bank,Electronics,2,156.84,0.0,313.68,228.48,85.2
O001144,2024-07-23,C0232,South,Online,P0010,Coffee Maker,Home & Kitchen,3,276.64,0.05,788.42,616.26,172.16
O001145,2024-07-24,C0150,North,Retail,P0005,Laptop Stand,Electronics,7,108.18,0.1,681.53,454.37,227.16
O001146,2024-07-24,C0220,North,Retail,P0012,Denim Jacket,Apparel,5,97.06,0.1,436.77,284.1,152.67
O001147,2024-07-25,C0110,East,Retail,P0008,Cookware Set,Home & Kitchen,6,144.8,0.0,868.8,414.54,454.26
O001148,2024-07-25,C0026,West,Online,P0015,Wallet,Apparel,1,245.76,0.1,221.18,149.83,71.35
O001149,2024-07-25,C0196,South,Online,P0013,Backpack,Apparel,6,282.71,0.05,1611.45,1204.44,407.01
O001150,2024-07-26,C0007,East,Wholesale,P0009,Vacuum Cleaner,Home & Kitchen,3,86.66,0.1,233.98,159.72,74.26
O001151,2024-07-26,C0096,East,Retail,P0018,Notebook Set,Office Supplies,4,171.61,0.0,686.44,342.28,344.16
O001152,2024-07-26,C0042,North,Online,P0001,Wireless Earbuds,Electronics,1,46.85,0.05,44.51,24.18,20.33
O001153,2024-07-26,C0194,North,Online,P0016,Ergonomic Chair,Office Supplies,4,85.32,0.0,341.28,205.72,135.56
O001154,2024-07-26,C0167,South,Retail,P0001,Wireless Earbuds,Electronics,1,46.85,0.15,39.82,24.18,15.64
O001155,2024-07-26,C0252,West,Retail,P0002,Smart Watch,Electronics,1,189.4,0.1,170.46,100.94,69.52
O001156,2024-07-26,C0262,North,Retail,P0004,Power Bank,Electronics,6,156.84,0.05,893.99,685.44,208.55
O001157,2024-07-26,C0202,North,Wholesale,P0016,Ergonomic Chair,Office Supplies,2,85.32,0.05,162.11,102.86,59.25
O001158,2024-07-27,C0224,South,Wholesale,P0013,Backpack,Apparel,5,282.71,0.05,1342.87,1003.7,339.17
O001159,2024-07-27,C0347,South,Online,P0005,Laptop Stand,Electronics,2,108.18,0.0,216.36,129.82,86.54
O001160,2024-07-27,C0144,North,Retail,P0019,Desk Organizer,Office Supplies,1,260.68,0.05,247.65,170.95,76.7
O001161,2024-07-27,C0205,South,Wholesale,P0002,Smart Watch,Electronics,1,189.4,0.0,189.4,100.94,88.46
O001162,2024-07-27,C0156,West,Retail,P0009,Vacuum Cleaner,Home & Kitchen,1,86.66,0.0,86.66,53.24,33.42
O001163,2024-07-27,C0120,North,Online,P0010,Coffee Maker,Home & Kitchen,1,276.64,0.2,221.31,205.42,15.89
O001164,2024-07-27,C0353,West,Wholesale,P0015,Wallet,Apparel,6,245.76,0.05,1400.83,898.98,501.85
O001165,2024-07-28,C0245,West,Wholesale,P0001,Wireless Earbuds,Electronics,6,46.85,0.1,252.99,145.08,107.91
O001166,2024-07-28,C0310,South,Wholesale,P0009,Vacuum Cleaner,Home & Kitchen,6,86.66,0.05,493.96,319.44,174.52
O001167,2024-07-28,C0147,North,Online,P0002,Smart Watch,Electronics,4,189.4,0.0,757.6,403.76,353.84
O001168,2024-07-28,C0223,West,Wholesale,P0003,Bluetooth Speaker,Electronics,2,365.93,0.0,731.86,430.66,301.2
O001169,2024-07-28,C0285,South,Retail,P0007,Blender,Home & Kitchen,4,121.55,0.0,486.2,355.04,131.16
O001170,2024-07-28,C0283,West,Retail,P0012,Denim Jacket,Apparel,5,97.06,0.2,388.24,284.1,104.14
O001171,2024-07-28,C0265,South,Retail,P0017,Standing Desk,Office Supplies,2,143.29,0.15,243.59,173.9,69.69
O001172,2024-07-28,C0174,West,Retail,P0004,Power Bank,Electronics,1,156.84,0.0,156.84,114.24,42.6
O001173,2024-07-29,C0083,East,Retail,P0013,Backpack,Apparel,2,282.71,0.1,508.88,401.48,107.4
O001174,2024-07-29,C0388,South,Retail,P0018,Notebook Set,Office Supplies,1,171.61,0.05,163.03,85.57,77.46
O001175,2024-07-29,C0324,North,Retail,P0009,Vacuum Cleaner,Home & Kitchen,4,86.66,0.1,311.98,212.96,99.02
O001176,2024-07-29,C0160,West,Wholesale,P0015,Wallet,Apparel,7,245.76,0.1,1548.29,1048.81,499.48
O001177,2024-07-29,C0039,North,Retail,P0018,Notebook Set,Office Supplies,5,171.61,0.0,858.05,427.85,430.2
O001178,2024-07-29,C0397,North,Wholesale,P0009,Vacuum Cleaner,Home & Kitchen,4,86.66,0.1,311.98,212.96,99.02
O001179,2024-07-29,C0304,South,Online,P0003,Bluetooth Speaker,Electronics,7,365.93,0.15,2177.28,1507.31,669.97
O001180,2024-07-30,C0312,East,Retail,P0007,Blender,Home & Kitchen,5,121.55,0.0,607.75,443.8,163.95
O001181,2024-07-30,C0039,North,Retail,P0005,Laptop Stand,Electronics,7,108.18,0.1,681.53,454.37,227.16
O001182,2024-07-30,C0338,East,Retail,P0002,Smart Watch,Electronics,4,189.4,0.0,757.6,403.76,353.84
O001183,2024-07-30,C0387,East,Retail,P0007,Blender,Home & Kitchen,7,121.55,0.0,850.85,621.32,229.53
O001184,2024-07-30,C0365,North,Retail,P0004,Power Bank,Electronics,7,156.84,0.1,988.09,799.68,188.41
O001185,2024-07-31,C0222,North,Retail,P0011,Running Shoes,Apparel,5,291.03,0.15,1236.88,676.6,560.28
O001186,2024-07-31,C0263,North,Online,P0014,Sunglasses,Apparel,1,226.65,0.1,203.98,118.96,85.02
O001187,2024-07-31,C0166,South,Wholesale,P0006,Air Fryer,Home & Kitchen,3,298.69,0.0,896.07,456.0,440.07
O001188,2024-07-31,C0157,East,Online,P0002,Smart Watch,Electronics,4,189.4,0.1,681.84,403.76,278.08
O001189,2024-07-31,C0385,East,Retail,P0020,Monitor Arm,Office Supplies,3,193.94,0.0,581.82,388.2,193.62
O001190,2024-07-31,C0281,West,Retail,P0004,Power Bank,Electronics,4,156.84,0.15,533.26,456.96,76.3
O001191,2024-07-31,C0155,East,Retail,P0016,Ergonomic Chair,Office Supplies,3,85.32,0.2,204.77,154.29,50.48
O001192,2024-07-31,C0164,North,Retail,P0017,Standing Desk,Office Supplies,4,143.29,0.1,515.84,347.8,168.04
O001193,2024-08-01,C0295,South,Online,P0019,Desk Organizer,Office Supplies,3,260.68,0.15,664.73,512.85,151.88
O001194,2024-08-01,C0218,East,Retail,P0013,Backpack,Apparel,6,282.71,0.0,1696.26,1204.44,491.82
O001195,2024-08-01,C0155,East,Retail,P0019,Desk Organizer,Office Supplies,2,260.68,0.15,443.16,341.9,101.26
O001196,2024-08-01,C0336,South,Wholesale,P0019,Desk Organizer,Office Supplies,7,260.68,0.0,1824.76,1196.65,628.11
O001197,2024-08-01,C0331,North,Online,P0004,Power Bank,Electronics,4,156.84,0.0,627.36,456.96,170.4
O001198,2024-08-02,C0238,West,Wholesale,P0011,Running Shoes,Apparel,2,291.03,0.0,582.06,270.64,311.42
O001199,2024-08-02,C0061,North,Online,P0013,Backpack,Apparel,3,282.71,0.1,763.32,602.22,161.1
O001200,2024-08-02,C0205,South,Wholesale,P0017,Standing Desk,Office Supplies,5,143.29,0.2,573.16,434.75,138.41
O001201,2024-08-02,C0108,North,Online,P0014,Sunglasses,Apparel,2,226.65,0.1,407.97,237.92,170.05
O001202,2024-08-03,C0259,North,Retail,P0011,Running Shoes,Apparel,5,291.03,0.0,1455.15,676.6,778.55
O001203,2024-08-03,C0033,East,Online,P0019,Desk Organizer,Office Supplies,1,260.68,0.05,247.65,170.95,76.7
O001204,2024-08-03,C0132,North,Online,P0009,Vacuum Cleaner,Home & Kitchen,1,86.66,0.0,86.66,53.24,33.42
O001205,2024-08-03,C0028,South,Wholesale,P0015,Wallet,Apparel,7,245.76,0.0,1720.32,1048.81,671.51
O001206,2024-08-03,C0112,North,Online,P0010,Coffee Maker,Home & Kitchen,2,276.64,0.0,553.28,410.84,142.44
O001207,2024-08-03,C0035,North,Retail,P0012,Denim Jacket,Apparel,3,97.06,0.05,276.62,170.46,106.16
O001208,2024-08-03,C0231,West,Wholesale,P0013,Backpack,Apparel,7,282.71,0.1,1781.07,1405.18,375.89
O001209,2024-08-03,C0239,West,Online,P0015,Wallet,Apparel,2,245.76,0.0,491.52,299.66,191.86
O001210,2024-08-04,C0180,South,Online,P0007,Blender,Home & Kitchen,1,121.55,0.1,109.4,88.76,20.64
O001211,2024-08-04,C0120,North,Online,P0012,Denim Jacket,Apparel,3,97.06,0.1,262.06,170.46,91.6
O001212,2024-08-04,C0031,North,Retail,P0006,Air Fryer,Home & Kitchen,5,298.69,0.15,1269.43,760.0,509.43
O001213,2024-08-04,C0362,East,Online,P0008,Cookware Set,Home & Kitchen,6,144.8,0.05,825.36,414.54,410.82
O001214,2024-08-04,C0265,South,Retail,P0001,Wireless Earbuds,Electronics,3,46.85,0.2,112.44,72.54,39.9
O001215,2024-08-04,C0400,South,Online,P0004,Power Bank,Electronics,6,156.84,0.0,941.04,685.44,255.6
O001216,2024-08-04,C0158,East,Retail,P0009,Vacuum Cleaner,Home & Kitchen,5,86.66,0.0,433.3,266.2,167.1
O001217,2024-08-05,C0291,East,Online,P0012,Denim Jacket,Apparel,3,97.06,0.0,291.18,170.46,120.72
O001218,2024-08-05,C0060,West,Retail,P0020,Monitor Arm,Office Supplies,3,193.94,0.1,523.64,388.2,135.44
O001219,2024-08-06,C0326,North,Wholesale,P0020,Monitor Arm,Office Supplies,2,193.94,0.05,368.49,258.8,109.69
O001220,2024-08-06,C0220,North,Retail,P0010,Coffee Maker,Home & Kitchen,5,276.64,0.05,1314.04,1027.1,286.94
O001221,2024-08-06,C0355,West,Wholesale,P0016,Ergonomic Chair,Office Supplies,7,85.32,0.0,597.24,360.01,237.23
O001222,2024-08-06,C0350,East,Online,P0017,Standing Desk,Office Supplies,2,143.29,0.15,243.59,173.9,69.69
O001223,2024-08-06,C0031,North,Retail,P0004,Power Bank,Electronics,7,156.84,0.0,1097.88,799.68,298.2
O001224,2024-08-06,C0230,East,Retail,P0015,Wallet,Apparel,4,245.76,0.0,983.04,599.32,383.72
O001225,2024-08-07,C0157,East,Online,P0016,Ergonomic Chair,Office Supplies,3,85.32,0.15,217.57,154.29,63.28
O001226,2024-08-07,C0173,South,Online,P0016,Ergonomic Chair,Office Supplies,1,85.32,0.1,76.79,51.43,25.36
O001227,2024-08-07,C0190,East,Retail,P0013,Backpack,Apparel,1,282.71,0.0,282.71,200.74,81.97
O001228,2024-08-07,C0156,West,Retail,P0016,Ergonomic Chair,Office Supplies,5,85.32,0.15,362.61,257.15,105.46
O001229,2024-08-08,C0021,North,Retail,P0006,Air Fryer,Home & Kitchen,4,298.69,0.2,955.81,608.0,347.81
O001230,2024-08-08,C0300,South,Retail,P0006,Air Fryer,Home & Kitchen,1,298.69,0.05,283.76,152.0,131.76
O001231,2024-08-08,C0274,North,Online,P0011,Running Shoes,Apparel,5,291.03,0.05,1382.39,676.6,705.79
O001232,2024-08-08,C0060,West,Retail,P0015,Wallet,Apparel,4,245.76,0.0,983.04,599.32,383.72
O001233,2024-08-08,C0400,South,Online,P0010,Coffee Maker,Home & Kitchen,4,276.64,0.0,1106.56,821.68,284.88
O001234,2024-08-08,C0026,West,Online,P0014,Sunglasses,Apparel,1,226.65,0.05,215.32,118.96,96.36
O001235,2024-08-08,C0351,East,Online,P0017,Standing Desk,Office Supplies,2,143.29,0.15,243.59,173.9,69.69
O001236,2024-08-09,C0241,East,Retail,P0013,Backpack,Apparel,6,282.71,0.05,1611.45,1204.44,407.01
O001237,2024-08-09,C0261,South,Wholesale,P0004,Power Bank,Electronics,4,156.84,0.1,564.62,456.96,107.66
O001238,2024-08-09,C0063,West,Online,P0017,Standing Desk,Office Supplies,3,143.29,0.0,429.87,260.85,169.02
O001239,2024-08-09,C0026,West,Online,P0012,Denim Jacket,Apparel,4,97.06,0.05,368.83,227.28,141.55
O001240,2024-08-09,C0284,North,Wholesale,P0014,Sunglasses,Apparel,5,226.65,0.0,1133.25,594.8,538.45
O001241,2024-08-09,C0213,West,Retail,P0003,Bluetooth Speaker,Electronics,5,365.93,0.15,1555.2,1076.65,478.55
O001242,2024-08-09,C0349,East,Wholesale,P0001,Wireless Earbuds,Electronics,3,46.85,0.15,119.47,72.54,46.93
O001243,2024-08-09,C0399,South,Online,P0011,Running Shoes,Apparel,3,291.03,0.0,873.09,405.96,467.13
O001244,2024-08-10,C0024,South,Online,P0016,Ergonomic Chair,Office Supplies,7,85.32,0.1,537.52,360.01,177.51
O001245,2024-08-10,C0279,North,Retail,P0014,Sunglasses,Apparel,5,226.65,0.0,1133.25,594.8,538.45
O001246,2024-08-10,C0108,North,Online,P0007,Blender,Home & Kitchen,1,121.55,0.05,115.47,88.76,26.71
O001247,2024-08-11,C0335,South,Retail,P0018,Notebook Set,Office Supplies,3,171.61,0.05,489.09,256.71,232.38
O001248,2024-08-11,C0171,East,Retail,P0011,Running Shoes,Apparel,4,291.03,0.0,1164.12,541.28,622.84
O001249,2024-08-11,C0311,North,Online,P0002,Smart Watch,Electronics,5,189.4,0.1,852.3,504.7,347.6
O001250,2024-08-11,C0322,East,Retail,P0010,Coffee Maker,Home & Kitchen,4,276.64,0.0,1106.56,821.68,284.88
O001251,2024-08-11,C0074,South,Retail,P0007,Blender,Home & Kitchen,7,121.55,0.05,808.31,621.32,186.99
O001252,2024-08-11,C0295,South,Online,P0019,Desk Organizer,Office Supplies,3,260.68,0.1,703.84,512.85,190.99
O001253,2024-08-12,C0032,West,Retail,P0019,Desk Organizer,Office Supplies,4,260.68,0.1,938.45,683.8,254.65
O001254,2024-08-12,C0295,South,Online,P0002,Smart Watch,Electronics,6,189.4,0.15,965.94,605.64,360.3
O001255,2024-08-12,C0233,North,Online,P0013,Backpack,Apparel,1,282.71,0.0,282.71,200.74,81.97
O001256,2024-08-12,C0319,South,Online,P0003,Bluetooth Speaker,Electronics,7,365.93,0.1,2305.36,1507.31,798.05
O001257,2024-08-12,C0037,East,Wholesale,P0006,Air Fryer,Home & Kitchen,2,298.69,0.05,567.51,304.0,263.51
O001258,2024-08-12,C0318,South,Retail,P0002,Smart Watch,Electronics,6,189.4,0.15,965.94,605.64,360.3
O001259,2024-08-12,C0316,West,Retail,P0009,Vacuum Cleaner,Home & Kitchen,5,86.66,0.0,433.3,266.2,167.1
O001260,2024-08-12,C0027,North,Online,P0015,Wallet,Apparel,4,245.76,0.1,884.74,599.32,285.42
O001261,2024-08-12,C0320,South,Retail,P0011,Running Shoes,Apparel,7,291.03,0.05,1935.35,947.24,988.11
O001262,2024-08-12,C0010,East,Online,P0018,Notebook Set,Office Supplies,3,171.61,0.0,514.83,256.71,258.12
O001263,2024-08-13,C0003,South,Online,P0011,Running Shoes,Apparel,2,291.03,0.05,552.96,270.64,282.32
O001264,2024-08-13,C0084,East,Online,P0004,Power Bank,Electronics,2,156.84,0.2,250.94,228.48,22.46
O001265,2024-08-13,C0304,South,Online,P0011,Running Shoes,Apparel,1,291.03,0.0,291.03,135.32,155.71
O001266,2024-08-13,C0131,West,Wholesale,P0008,Cookware Set,Home & Kitchen,6,144.8,0.05,825.36,414.54,410.82
O001267,2024-08-13,C0338,East,Retail,P0007,Blender,Home & Kitchen,3,121.55,0.1,328.18,266.28,61.9
O001268,2024-08-14,C0359,North,Retail,P0016,Ergonomic Chair,Office Supplies,6,85.32,0.05,486.32,308.58,177.74
O001269,2024-08-14,C0357,North,Retail,P0001,Wireless Earbuds,Electronics,4,46.85,0.0,187.4,96.72,90.68
O001270,2024-08-14,C0083,East,Retail,P0018,Notebook Set,Office Supplies,6,171.61,0.0,1029.66,513.42,516.24
O001271,2024-08-14,C0259,North,Retail,P0012,Denim Jacket,Apparel,7,97.06,0.05,645.45,397.74,247.71
O001272,2024-08-14,C0261,South,Wholesale,P0003,Bluetooth Speaker,Electronics,7,365.93,0.15,2177.28,1507.31,669.97
O001273,2024-08-14,C0136,South,Online,P0004,Power Bank,Electronics,3,156.84,0.1,423.47,342.72,80.75
O001274,2024-08-14,C0059,East,Online,P0015,Wallet,Apparel,3,245.76,0.0,737.28,449.49,287.79
O001275,2024-08-14,C0378,East,Online,P0015,Wallet,Apparel,3,245.76,0.0,737.28,449.49,287.79
O001276,2024-08-14,C0323,West,Online,P0020,Monitor Arm,Office Supplies,7,193.94,0.1,1221.82,905.8,316.02
O001277,2024-08-14,C0378,East,Online,P0014,Sunglasses,Apparel,6,226.65,0.0,1359.9,713.76,646.14
O001278,2024-08-15,C0095,East,Online,P0018,Notebook Set,Office Supplies,1,171.61,0.05,163.03,85.57,77.46
O001279,2024-08-15,C0129,South,Retail,P0018,Notebook Set,Office Supplies,7,171.61,0.05,1141.21,598.99,542.22
O001280,2024-08-16,C0327,South,Online,P0004,Power Bank,Electronics,1,156.84,0.0,156.84,114.24,42.6
O001281,2024-08-16,C0182,South,Retail,P0002,Smart Watch,Electronics,2,189.4,0.1,340.92,201.88,139.04
O001282,2024-08-16,C0154,West,Retail,P0008,Cookware Set,Home & Kitchen,5,144.8,0.1,651.6,345.45,306.15
O001283,2024-08-16,C0161,North,Online,P0009,Vacuum Cleaner,Home & Kitchen,1,86.66,0.05,82.33,53.24,29.09
O001284,2024-08-16,C0079,West,Retail,P0012,Denim Jacket,Apparel,3,97.06,0.0,291.18,170.46,120.72
O001285,2024-08-17,C0133,North,Retail,P0006,Air Fryer,Home & Kitchen,3,298.69,0.05,851.27,456.0,395.27
O001286,2024-08-17,C0263,North,Online,P0008,Cookware Set,Home & Kitchen,6,144.8,0.0,868.8,414.54,454.26
O001287,2024-08-17,C0245,West,Wholesale,P0002,Smart Watch,Electronics,4,189.4,0.05,719.72,403.76,315.96
O001288,2024-08-17,C0262,North,Retail,P0003,Bluetooth Speaker,Electronics,4,365.93,0.05,1390.53,861.32,529.21
O001289,2024-08-17,C0216,North,Retail,P0008,Cookware Set,Home & Kitchen,2,144.8,0.0,289.6,138.18,151.42
O001290,2024-08-18,C0186,East,Online,P0019,Desk Organizer,Office Supplies,2,260.68,0.1,469.22,341.9,127.32
O001291,2024-08-18,C0226,East,Wholesale,P0016,Ergonomic Chair,Office Supplies,6,85.32,0.0,511.92,308.58,203.34
O001292,2024-08-18,C0261,South,Wholesale,P0004,Power Bank,Electronics,5,156.84,0.0,784.2,571.2,213.0
O001293,2024-08-18,C0009,North,Online,P0013,Backpack,Apparel,5,282.71,0.0,1413.55,1003.7,409.85
O001294,2024-08-18,C0252,West,Retail,P0018,Notebook Set,Office Supplies,5,171.61,0.0,858.05,427.85,430.2
O001295,2024-08-18,C0027,North,Online,P0011,Running Shoes,Apparel,6,291.03,0.1,1571.56,811.92,759.64
O001296,2024-08-18,C0144,North,Retail,P0020,Monitor Arm,Office Supplies,7,193.94,0.1,1221.82,905.8,316.02
O001297,2024-08-18,C0196,South,Online,P0003,Bluetooth Speaker,Electronics,6,365.93,0.1,1976.02,1291.98,684.04
O001298,2024-08-18,C0081,West,Retail,P0005,Laptop Stand,Electronics,4,108.18,0.0,432.72,259.64,173.08
O001299,2024-08-19,C0320,South,Retail,P0006,Air Fryer,Home & Kitchen,6,298.69,0.0,1792.14,912.0,880.14
O001300,2024-08-19,C0092,East,Retail,P0018,Notebook Set,Office Supplies,1,171.61,0.0,171.61,85.57,86.04
O001301,2024-08-19,C0148,North,Online,P0009,Vacuum Cleaner,Home & Kitchen,2,86.66,0.05,164.65,106.48,58.17
O001302,2024-08-19,C0379,West,Online,P0005,Laptop Stand,Electronics,2,108.18,0.1,194.72,129.82,64.9
O001303,2024-08-19,C0400,South,Online,P0002,Smart Watch,Electronics,3,189.4,0.0,568.2,302.82,265.38
O001304,2024-08-19,C0322,East,Retail,P0009,Vacuum Cleaner,Home & Kitchen,3,86.66,0.1,233.98,159.72,74.26
O001305,2024-08-19,C0188,South,Retail,P0010,Coffee Maker,Home & Kitchen,3,276.64,0.1,746.93,616.26,130.67
O001306,2024-08-19,C0227,West,Retail,P0011,Running Shoes,Apparel,6,291.03,0.15,1484.25,811.92,672.33
O001307,2024-08-19,C0223,West,Wholesale,P0014,Sunglasses,Apparel,6,226.65,0.15,1155.92,713.76,442.16
O001308,2024-08-19,C0288,West,Online,P0011,Running Shoes,Apparel,4,291.03,0.2,931.3,541.28,390.02
O001309,2024-08-19,C0346,South,Online,P0009,Vacuum Cleaner,Home & Kitchen,7,86.66,0.0,606.62,372.68,233.94
O001310,2024-08-20,C0267,West,Retail,P0010,Coffee Maker,Home & Kitchen,5,276.64,0.0,1383.2,1027.1,356.1
O001311,2024-08-20,C0241,East,Retail,P0011,Running Shoes,Apparel,2,291.03,0.0,582.06,270.64,311.42
O001312,2024-08-20,C0173,South,Online,P0008,Cookware Set,Home & Kitchen,1,144.8,0.05,137.56,69.09,68.47
O001313,2024-08-20,C0154,West,Retail,P0002,Smart Watch,Electronics,7,189.4,0.05,1259.51,706.58,552.93
O001314,2024-08-21,C0250,South,Online,P0010,Coffee Maker,Home & Kitchen,3,276.64,0.05,788.42,616.26,172.16
O001315,2024-08-21,C0252,West,Retail,P0007,Blender,Home & Kitchen,3,121.55,0.0,364.65,266.28,98.37
O001316,2024-08-21,C0060,West,Retail,P0019,Desk Organizer,Office Supplies,4,260.68,0.0,1042.72,683.8,358.92
O001317,2024-08-21,C0117,North,Online,P0014,Sunglasses,Apparel,5,226.65,0.05,1076.59,594.8,481.79
O001318,2024-08-21,C0271,North,Online,P0016,Ergonomic Chair,Office Supplies,4,85.32,0.05,324.22,205.72,118.5
O001319,2024-08-22,C0128,West,Retail,P0018,Notebook Set,Office Supplies,5,171.61,0.0,858.05,427.85,430.2
O001320,2024-08-22,C0362,East,Online,P0015,Wallet,Apparel,2,245.76,0.0,491.52,299.66,191.86
O001321,2024-08-22,C0122,East,Retail,P0004,Power Bank,Electronics,5,156.84,0.0,784.2,571.2,213.0
O001322,2024-08-23,C0277,North,Retail,P0017,Standing Desk,Office Supplies,5,143.29,0.0,716.45,434.75,281.7
O001323,2024-08-23,C0293,East,Retail,P0015,Wallet,Apparel,5,245.76,0.1,1105.92,749.15,356.77
O001324,2024-08-23,C0072,East,Retail,P0007,Blender,Home & Kitchen,3,121.55,0.05,346.42,266.28,80.14
O001325,2024-08-23,C0185,North,Retail,P0009,Vacuum Cleaner,Home & Kitchen,2,86.66,0.1,155.99,106.48,49.51
O001326,2024-08-23,C0249,South,Online,P0006,Air Fryer,Home & Kitchen,4,298.69,0.05,1135.02,608.0,527.02
O001327,2024-08-23,C0397,North,Wholesale,P0009,Vacuum Cleaner,Home & Kitchen,3,86.66,0.0,259.98,159.72,100.26
O001328,2024-08-23,C0050,East,Online,P0017,Standing Desk,Office Supplies,5,143.29,0.05,680.63,434.75,245.88
O001329,2024-08-24,C0350,East,Online,P0015,Wallet,Apparel,4,245.76,0.1,884.74,599.32,285.42
O001330,2024-08-24,C0278,East,Online,P0016,Ergonomic Chair,Office Supplies,5,85.32,0.0,426.6,257.15,169.45
O001331,2024-08-24,C0117,North,Online,P0008,Cookware Set,Home & Kitchen,4,144.8,0.05,550.24,276.36,273.88
O001332,2024-08-24,C0378,East,Online,P0016,Ergonomic Chair,Office Supplies,6,85.32,0.05,486.32,308.58,177.74
O001333,2024-08-24,C0362,East,Online,P0017,Standing Desk,Office Supplies,2,143.29,0.0,286.58,173.9,112.68
O001334,2024-08-24,C0387,East,Retail,P0002,Smart Watch,Electronics,6,189.4,0.1,1022.76,605.64,417.12
O001335,2024-08-25,C0056,North,Wholesale,P0013,Backpack,Apparel,6,282.71,0.1,1526.63,1204.44,322.19
O001336,2024-08-25,C0352,West,Retail,P0012,Denim Jacket,Apparel,7,97.06,0.0,679.42,397.74,281.68
O001337,2024-08-25,C0175,West,Wholesale,P0009,Vacuum Cleaner,Home & Kitchen,2,86.66,0.0,173.32,106.48,66.84
O001338,2024-08-25,C0262,North,Retail,P0008,Cookware Set,Home & Kitchen,5,144.8,0.0,724.0,345.45,378.55
O001339,2024-08-25,C0292,East,Retail,P0010,Coffee Maker,Home & Kitchen,7,276.64,0.1,1742.83,1437.94,304.89
O001340,2024-08-25,C0085,East,Retail,P0013,Backpack,Apparel,6,282.71,0.0,1696.26,1204.44,491.82
O001341,2024-08-26,C0067,West,Retail,P0003,Bluetooth Speaker,Electronics,4,365.93,0.05,1390.53,861.32,529.21
O001342,2024-08-26,C0207,South,Retail,P0018,Notebook Set,Office Supplies,4,171.61,0.2,549.15,342.28,206.87
O001343,2024-08-26,C0227,West,Retail,P0017,Standing Desk,Office Supplies,4,143.29,0.1,515.84,347.8,168.04
O001344,2024-08-26,C0024,South,Online,P0014,Sunglasses,Apparel,7,226.65,0.0,1586.55,832.72,753.83
O001345,2024-08-26,C0111,West,Retail,P0007,Blender,Home & Kitchen,6,121.55,0.0,729.3,532.56,196.74
O001346,2024-08-26,C0294,West,Retail,P0003,Bluetooth Speaker,Electronics,6,365.93,0.0,2195.58,1291.98,903.6
O001347,2024-08-27,C0219,North,Retail,P0002,Smart Watch,Electronics,1,189.4,0.15,160.99,100.94,60.05
O001348,2024-08-27,C0398,West,Retail,P0020,Monitor Arm,Office Supplies,4,193.94,0.05,736.97,517.6,219.37
O001349,2024-08-27,C0230,East,Retail,P0016,Ergonomic Chair,Office Supplies,4,85.32,0.0,341.28,205.72,135.56
O001350,2024-08-27,C0213,West,Retail,P0018,Notebook Set,Office Supplies,1,171.61,0.0,171.61,85.57,86.04
O001351,2024-08-27,C0146,West,Wholesale,P0017,Standing Desk,Office Supplies,1,143.29,0.2,114.63,86.95,27.68
O001352,2024-08-27,C0306,South,Online,P0004,Power Bank,Electronics,4,156.84,0.0,627.36,456.96,170.4
O001353,2024-08-27,C0100,East,Retail,P0009,Vacuum Cleaner,Home & Kitchen,6,86.66,0.15,441.97,319.44,122.53
O001354,2024-08-28,C0137,West,Online,P0018,Notebook Set,Office Supplies,7,171.61,0.1,1081.14,598.99,482.15
O001355,2024-08-28,C0131,West,Wholesale,P0004,Power Bank,Electronics,2,156.84,0.0,313.68,228.48,85.2
O001356,2024-08-29,C0254,West,Retail,P0013,Backpack,Apparel,6,282.71,0.05,1611.45,1204.44,407.01
O001357,2024-08-29,C0271,North,Online,P0017,Standing Desk,Office Supplies,2,143.29,0.1,257.92,173.9,84.02
O001358,2024-08-29,C0062,West,Wholesale,P0012,Denim Jacket,Apparel,5,97.06,0.15,412.5,284.1,128.4
O001359,2024-08-30,C0032,West,Retail,P0013,Backpack,Apparel,7,282.71,0.0,1978.97,1405.18,573.79
O001360,2024-08-30,C0230,East,Retail,P0014,Sunglasses,Apparel,4,226.65,0.05,861.27,475.84,385.43
O001361,2024-08-30,C0129,South,Retail,P0019,Desk Organizer,Office Supplies,3,260.68,0.05,742.94,512.85,230.09
O001362,2024-08-30,C0390,West,Online,P0005,Laptop Stand,Electronics,4,108.18,0.05,411.08,259.64,151.44
O001363,2024-08-30,C0059,East,Online,P0007,Blender,Home & Kitchen,7,121.55,0.0,850.85,621.32,229.53
O001364,2024-08-30,C0242,North,Online,P0010,Coffee Maker,Home & Kitchen,4,276.64,0.0,1106.56,821.68,284.88
O001365,2024-08-30,C0280,North,Retail,P0004,Power Bank,Electronics,2,156.84,0.05,298.0,228.48,69.52
O001366,2024-08-30,C0104,South,Online,P0004,Power Bank,Electronics,2,156.84,0.05,298.0,228.48,69.52
O001367,2024-08-30,C0376,North,Online,P0004,Power Bank,Electronics,6,156.84,0.15,799.88,685.44,114.44
O001368,2024-08-31,C0377,South,Retail,P0008,Cookware Set,Home & Kitchen,6,144.8,0.05,825.36,414.54,410.82
O001369,2024-08-31,C0229,North,Wholesale,P0015,Wallet,Apparel,3,245.76,0.05,700.42,449.49,250.93
O001370,2024-08-31,C0233,North,Online,P0018,Notebook Set,Office Supplies,4,171.61,0.1,617.8,342.28,275.52
O001371,2024-08-31,C0196,South,Online,P0004,Power Bank,Electronics,1,156.84,0.1,141.16,114.24,26.92
O001372,2024-08-31,C0336,South,Wholesale,P0002,Smart Watch,Electronics,2,189.4,0.05,359.86,201.88,157.98
O001373,2024-08-31,C0115,West,Wholesale,P0017,Standing Desk,Office Supplies,2,143.29,0.1,257.92,173.9,84.02
O001374,2024-08-31,C0283,West,Retail,P0014,Sunglasses,Apparel,5,226.65,0.05,1076.59,594.8,481.79
O001375,2024-09-01,C0067,West,Retail,P0014,Sunglasses,Apparel,4,226.65,0.0,906.6,475.84,430.76
O001376,2024-09-01,C0072,East,Retail,P0019,Desk Organizer,Office Supplies,6,260.68,0.05,1485.88,1025.7,460.18
O001377,2024-09-01,C0060,West,Retail,P0002,Smart Watch,Electronics,6,189.4,0.0,1136.4,605.64,530.76
O001378,2024-09-01,C0276,South,Wholesale,P0007,Blender,Home & Kitchen,6,121.55,0.1,656.37,532.56,123.81
O001379,2024-09-01,C0369,South,Retail,P0010,Coffee Maker,Home & Kitchen,1,276.64,0.05,262.81,205.42,57.39
O001380,2024-09-02,C0350,East,Online,P0003,Bluetooth Speaker,Electronics,5,365.93,0.05,1738.17,1076.65,661.52
O001381,2024-09-02,C0246,East,Retail,P0004,Power Bank,Electronics,7,156.84,0.0,1097.88,799.68,298.2
O001382,2024-09-02,C0064,East,Online,P0020,Monitor Arm,Office Supplies,6,193.94,0.15,989.09,776.4,212.69
O001383,2024-09-02,C0320,South,Retail,P0004,Power Bank,Electronics,2,156.84,0.0,313.68,228.48,85.2
O001384,2024-09-03,C0218,East,Retail,P0008,Cookware Set,Home & Kitchen,7,144.8,0.0,1013.6,483.63,529.97
O001385,2024-09-03,C0390,West,Online,P0005,Laptop Stand,Electronics,4,108.18,0.0,432.72,259.64,173.08
O001386,2024-09-03,C0305,East,Retail,P0014,Sunglasses,Apparel,1,226.65,0.1,203.98,118.96,85.02
O001387,2024-09-03,C0256,North,Retail,P0001,Wireless Earbuds,Electronics,2,46.85,0.0,93.7,48.36,45.34
O001388,2024-09-03,C0264,South,Retail,P0010,Coffee Maker,Home & Kitchen,2,276.64,0.1,497.95,410.84,87.11
O001389,2024-09-03,C0187,West,Online,P0019,Desk Organizer,Office Supplies,2,260.68,0.15,443.16,341.9,101.26
O001390,2024-09-04,C0362,East,Online,P0004,Power Bank,Electronics,4,156.84,0.2,501.89,456.96,44.93
O001391,2024-09-04,C0098,West,Wholesale,P0003,Bluetooth Speaker,Electronics,1,365.93,0.0,365.93,215.33,150.6
O001392,2024-09-04,C0326,North,Wholesale,P0002,Smart Watch,Electronics,4,189.4,0.0,757.6,403.76,353.84
O001393,2024-09-04,C0386,North,Online,P0016,Ergonomic Chair,Office Supplies,5,85.32,0.05,405.27,257.15,148.12
O001394,2024-09-04,C0049,West,Retail,P0004,Power Bank,Electronics,7,156.84,0.05,1042.99,799.68,243.31
O001395,2024-09-04,C0021,North,Retail,P0013,Backpack,Apparel,6,282.71,0.0,1696.26,1204.44,491.82
O001396,2024-09-04,C0063,West,Online,P0005,Laptop Stand,Electronics,2,108.18,0.15,183.91,129.82,54.09
O001397,2024-09-04,C0186,East,Online,P0014,Sunglasses,Apparel,7,226.65,0.2,1269.24,832.72,436.52
O001398,2024-09-04,C0003,South,Online,P0011,Running Shoes,Apparel,6,291.03,0.1,1571.56,811.92,759.64
O001399,2024-09-04,C0287,North,Wholesale,P0006,Air Fryer,Home & Kitchen,4,298.69,0.05,1135.02,608.0,527.02
O001400,2024-09-04,C0106,West,Retail,P0010,Coffee Maker,Home & Kitchen,3,276.64,0.0,829.92,616.26,213.66
O001401,2024-09-04,C0376,North,Online,P0009,Vacuum Cleaner,Home & Kitchen,3,86.66,0.0,259.98,159.72,100.26
O001402,2024-09-05,C0142,South,Online,P0016,Ergonomic Chair,Office Supplies,4,85.32,0.0,341.28,205.72,135.56
O001403,2024-09-05,C0134,East,Online,P0007,Blender,Home & Kitchen,5,121.55,0.1,546.98,443.8,103.18
O001404,2024-09-05,C0155,East,Retail,P0008,Cookware Set,Home & Kitchen,5,144.8,0.0,724.0,345.45,378.55
O001405,2024-09-05,C0112,North,Online,P0003,Bluetooth Speaker,Electronics,6,365.93,0.0,2195.58,1291.98,903.6
O001406,2024-09-06,C0158,East,Retail,P0005,Laptop Stand,Electronics,6,108.18,0.05,616.63,389.46,227.17
O001407,2024-09-06,C0197,East,Retail,P0015,Wallet,Apparel,7,245.76,0.2,1376.26,1048.81,327.45
O001408,2024-09-06,C0246,East,Retail,P0015,Wallet,Apparel,5,245.76,0.1,1105.92,749.15,356.77
O001409,2024-09-06,C0174,West,Retail,P0008,Cookware Set,Home & Kitchen,3,144.8,0.0,434.4,207.27,227.13
O001410,2024-09-06,C0009,North,Online,P0018,Notebook Set,Office Supplies,5,171.61,0.0,858.05,427.85,430.2
O001411,2024-09-06,C0002,East,Retail,P0009,Vacuum Cleaner,Home & Kitchen,7,86.66,0.0,606.62,372.68,233.94
O001412,2024-09-06,C0379,West,Online,P0019,Desk Organizer,Office Supplies,7,260.68,0.2,1459.81,1196.65,263.16
O001413,2024-09-06,C0270,East,Online,P0003,Bluetooth Speaker,Electronics,7,365.93,0.0,2561.51,1507.31,1054.2
O001414,2024-09-07,C0311,North,Online,P0015,Wallet,Apparel,7,245.76,0.0,1720.32,1048.81,671.51
O001415,2024-09-07,C0176,South,Online,P0015,Wallet,Apparel,7,245.76,0.0,1720.32,1048.81,671.51
O001416,2024-09-07,C0116,South,Retail,P0009,Vacuum Cleaner,Home & Kitchen,6,86.66,0.0,519.96,319.44,200.52
O001417,2024-09-07,C0138,East,Retail,P0008,Cookware Set,Home & Kitchen,4,144.8,0.1,521.28,276.36,244.92
O001418,2024-09-08,C0359,North,Retail,P0013,Backpack,Apparel,4,282.71,0.05,1074.3,802.96,271.34
O001419,2024-09-08,C0181,West,Wholesale,P0019,Desk Organizer,Office Supplies,1,260.68,0.05,247.65,170.95,76.7
O001420,2024-09-08,C0191,East,Online,P0011,Running Shoes,Apparel,5,291.03,0.0,1455.15,676.6,778.55
O001421,2024-09-08,C0043,West,Retail,P0016,Ergonomic Chair,Office Supplies,7,85.32,0.0,597.24,360.01,237.23
O001422,2024-09-08,C0232,South,Online,P0008,Cookware Set,Home & Kitchen,5,144.8,0.0,724.0,345.45,378.55
O001423,2024-09-08,C0204,North,Retail,P0006,Air Fryer,Home & Kitchen,6,298.69,0.05,1702.53,912.0,790.53
O001424,2024-09-09,C0346,South,Online,P0010,Coffee Maker,Home & Kitchen,2,276.64,0.1,497.95,410.84,87.11
O001425,2024-09-09,C0282,South,Wholesale,P0004,Power Bank,Electronics,1,156.84,0.0,156.84,114.24,42.6
O001426,2024-09-09,C0261,South,Wholesale,P0009,Vacuum Cleaner,Home & Kitchen,5,86.66,0.0,433.3,266.2,167.1
O001427,2024-09-10,C0369,South,Retail,P0005,Laptop Stand,Electronics,7,108.18,0.0,757.26,454.37,302.89
O001428,2024-09-10,C0256,North,Retail,P0019,Desk Organizer,Office Supplies,5,260.68,0.1,1173.06,854.75,318.31
O001429,2024-09-10,C0270,East,Online,P0003,Bluetooth Speaker,Electronics,1,365.93,0.15,311.04,215.33,95.71
O001430,2024-09-10,C0078,South,Wholesale,P0019,Desk Organizer,Office Supplies,1,260.68,0.1,234.61,170.95,63.66
O001431,2024-09-10,C0096,East,Retail,P0005,Laptop Stand,Electronics,1,108.18,0.0,108.18,64.91,43.27
O001432,2024-09-10,C0076,North,Retail,P0018,Notebook Set,Office Supplies,6,171.61,0.0,1029.66,513.42,516.24
O001433,2024-09-11,C0255,West,Retail,P0012,Denim Jacket,Apparel,6,97.06,0.05,553.24,340.92,212.32
O001434,2024-09-11,C0052,North,Retail,P0013,Backpack,Apparel,5,282.71,0.0,1413.55,1003.7,409.85
O001435,2024-09-11,C0315,East,Online,P0007,Blender,Home & Kitchen,1,121.55,0.0,121.55,88.76,32.79
O001436,2024-09-11,C0058,North,Retail,P0016,Ergonomic Chair,Office Supplies,2,85.32,0.15,145.04,102.86,42.18
O001437,2024-09-12,C0054,North,Retail,P0005,Laptop Stand,Electronics,2,108.18,0.0,216.36,129.82,86.54
O001438,2024-09-12,C0069,South,Retail,P0018,Notebook Set,Office Supplies,2,171.61,0.0,343.22,171.14,172.08
O001439,2024-09-12,C0378,East,Online,P0018,Notebook Set,Office Supplies,3,171.61,0.1,463.35,256.71,206.64
O001440,2024-09-12,C0098,West,Wholesale,P0016,Ergonomic Chair,Office Supplies,1,85.32,0.05,81.05,51.43,29.62
O001441,2024-09-12,C0116,South,Retail,P0002,Smart Watch,Electronics,7,189.4,0.0,1325.8,706.58,619.22
O001442,2024-09-12,C0241,East,Retail,P0019,Desk Organizer,Office Supplies,2,260.68,0.0,521.36,341.9,179.46
O001443,2024-09-12,C0277,North,Retail,P0016,Ergonomic Chair,Office Supplies,6,85.32,0.1,460.73,308.58,152.15
O001444,2024-09-12,C0056,North,Wholesale,P0014,Sunglasses,Apparel,5,226.65,0.2,906.6,594.8,311.8
O001445,2024-09-13,C0396,South,Retail,P0007,Blender,Home & Kitchen,3,121.55,0.15,309.95,266.28,43.67
O001446,2024-09-14,C0146,West,Wholesale,P0018,Notebook Set,Office Supplies,7,171.61,0.15,1021.08,598.99,422.09
O001447,2024-09-14,C0134,East,Online,P0006,Air Fryer,Home & Kitchen,6,298.69,0.0,1792.14,912.0,880.14
O001448,2024-09-14,C0039,North,Retail,P0013,Backpack,Apparel,6,282.71,0.1,1526.63,1204.44,322.19
O001449,2024-09-14,C0126,North,Retail,P0020,Monitor Arm,Office Supplies,4,193.94,0.1,698.18,517.6,180.58
O001450,2024-09-14,C0144,North,Retail,P0004,Power Bank,Electronics,7,156.84,0.1,988.09,799.68,188.41
O001451,2024-09-14,C0314,East,Retail,P0020,Monitor Arm,Office Supplies,7,193.94,0.05,1289.7,905.8,383.9
O001452,2024-09-14,C0008,South,Retail,P0013,Backpack,Apparel,7,282.71,0.0,1978.97,1405.18,573.79
O001453,2024-09-14,C0051,East,Retail,P0009,Vacuum Cleaner,Home & Kitchen,3,86.66,0.15,220.98,159.72,61.26
O001454,2024-09-14,C0007,East,Wholesale,P0006,Air Fryer,Home & Kitchen,3,298.69,0.0,896.07,456.0,440.07
O001455,2024-09-14,C0227,West,Retail,P0019,Desk Organizer,Office Supplies,3,260.68,0.0,782.04,512.85,269.19
O001456,2024-09-14,C0142,South,Online,P0013,Backpack,Apparel,3,282.71,0.0,848.13,602.22,245.91
O001457,2024-09-14,C0286,West,Online,P0006,Air Fryer,Home & Kitchen,2,298.69,0.0,597.38,304.0,293.38
O001458,2024-09-14,C0261,South,Wholesale,P0001,Wireless Earbuds,Electronics,7,46.85,0.05,311.55,169.26,142.29
O001459,2024-09-15,C0365,North,Retail,P0011,Running Shoes,Apparel,3,291.03,0.05,829.44,405.96,423.48
O001460,2024-09-15,C0142,South,Online,P0016,Ergonomic Chair,Office Supplies,5,85.32,0.0,426.6,257.15,169.45
O001461,2024-09-15,C0397,North,Wholesale,P0008,Cookware Set,Home & Kitchen,5,144.8,0.1,651.6,345.45,306.15
O001462,2024-09-15,C0332,North,Wholesale,P0009,Vacuum Cleaner,Home & Kitchen,2,86.66,0.0,173.32,106.48,66.84
O001463,2024-09-15,C0326,North,Wholesale,P0020,Monitor Arm,Office Supplies,5,193.94,0.1,872.73,647.0,225.73
O001464,2024-09-15,C0181,West,Wholesale,P0008,Cookware Set,Home & Kitchen,4,144.8,0.15,492.32,276.36,215.96
O001465,2024-09-15,C0359,North,Retail,P0020,Monitor Arm,Office Supplies,1,193.94,0.05,184.24,129.4,54.84
O001466,2024-09-16,C0026,West,Online,P0019,Desk Organizer,Office Supplies,1,260.68,0.05,247.65,170.95,76.7
O001467,2024-09-16,C0015,West,Wholesale,P0001,Wireless Earbuds,Electronics,3,46.85,0.1,126.5,72.54,53.96
O001468,2024-09-16,C0173,South,Online,P0006,Air Fryer,Home & Kitchen,4,298.69,0.05,1135.02,608.0,527.02
O001469,2024-09-17,C0255,West,Retail,P0018,Notebook Set,Office Supplies,4,171.61,0.2,549.15,342.28,206.87
O001470,2024-09-17,C0045,West,Retail,P0010,Coffee Maker,Home & Kitchen,7,276.64,0.0,1936.48,1437.94,498.54
O001471,2024-09-17,C0216,North,Retail,P0004,Power Bank,Electronics,1,156.84,0.15,133.31,114.24,19.07
O001472,2024-09-17,C0247,North,Wholesale,P0006,Air Fryer,Home & Kitchen,4,298.69,0.0,1194.76,608.0,586.76
O001473,2024-09-17,C0376,North,Online,P0009,Vacuum Cleaner,Home & Kitchen,6,86.66,0.05,493.96,319.44,174.52
O001474,2024-09-18,C0080,East,Wholesale,P0017,Standing Desk,Office Supplies,4,143.29,0.0,573.16,347.8,225.36
O001475,2024-09-18,C0396,South,Retail,P0018,Notebook Set,Office Supplies,3,171.61,0.05,489.09,256.71,232.38
O001476,2024-09-18,C0133,North,Retail,P0012,Denim Jacket,Apparel,5,97.06,0.2,388.24,284.1,104.14
O001477,2024-09-18,C0197,East,Retail,P0007,Blender,Home & Kitchen,7,121.55,0.1,765.76,621.32,144.44
O001478,2024-09-18,C0277,North,Retail,P0008,Cookware Set,Home & Kitchen,1,144.8,0.05,137.56,69.09,68.47
O001479,2024-09-18,C0036,South,Retail,P0003,Bluetooth Speaker,Electronics,1,365.93,0.05,347.63,215.33,132.3
O001480,2024-09-18,C0131,West,Wholesale,P0014,Sunglasses,Apparel,5,226.65,0.1,1019.92,594.8,425.12
O001481,2024-09-18,C0168,South,Retail,P0012,Denim Jacket,Apparel,4,97.06,0.15,330.0,227.28,102.72
O001482,2024-09-19,C0026,West,Online,P0002,Smart Watch,Electronics,3,189.4,0.0,568.2,302.82,265.38
O001483,2024-09-19,C0377,South,Retail,P0014,Sunglasses,Apparel,6,226.65,0.05,1291.9,713.76,578.14
O001484,2024-09-19,C0355,West,Wholesale,P0015,Wallet,Apparel,3,245.76,0.05,700.42,449.49,250.93
O001485,2024-09-19,C0236,North,Retail,P0017,Standing Desk,Office Supplies,4,143.29,0.1,515.84,347.8,168.04
O001486,2024-09-19,C0304,South,Online,P0009,Vacuum Cleaner,Home & Kitchen,7,86.66,0.1,545.96,372.68,173.28
O001487,2024-09-20,C0281,West,Retail,P0013,Backpack,Apparel,7,282.71,0.1,1781.07,1405.18,375.89
O001488,2024-09-20,C0275,East,Online,P0003,Bluetooth Speaker,Electronics,4,365.93,0.05,1390.53,861.32,529.21
O001489,2024-09-20,C0137,West,Online,P0006,Air Fryer,Home & Kitchen,4,298.69,0.15,1015.55,608.0,407.55
O001490,2024-09-20,C0126,North,Retail,P0015,Wallet,Apparel,2,245.76,0.05,466.94,299.66,167.28
O001491,2024-09-20,C0192,West,Online,P0016,Ergonomic Chair,Office Supplies,5,85.32,0.0,426.6,257.15,169.45
O001492,2024-09-20,C0056,North,Wholesale,P0020,Monitor Arm,Office Supplies,6,193.94,0.1,1047.28,776.4,270.88
O001493,2024-09-20,C0366,East,Online,P0005,Laptop Stand,Electronics,3,108.18,0.2,259.63,194.73,64.9
O001494,2024-09-20,C0345,East,Retail,P0020,Monitor Arm,Office Supplies,1,193.94,0.1,174.55,129.4,45.15
O001495,2024-09-20,C0283,West,Retail,P0003,Bluetooth Speaker,Electronics,4,365.93,0.05,1390.53,861.32,529.21
O001496,2024-09-20,C0110,East,Retail,P0019,Desk Organizer,Office Supplies,4,260.68,0.05,990.58,683.8,306.78
O001497,2024-09-21,C0260,North,Retail,P0005,Laptop Stand,Electronics,4,108.18,0.0,432.72,259.64,173.08
O001498,2024-09-21,C0370,North,Wholesale,P0017,Standing Desk,Office Supplies,3,143.29,0.15,365.39,260.85,104.54
O001499,2024-09-21,C0224,South,Wholesale,P0001,Wireless Earbuds,Electronics,7,46.85,0.0,327.95,169.26,158.69
O001500,2024-09-21,C0337,North,Online,P0007,Blender,Home & Kitchen,5,121.55,0.0,607.75,443.8,163.95
O001501,2024-09-21,C0310,South,Wholesale,P0007,Blender,Home & Kitchen,3,121.55,0.0,364.65,266.28,98.37
O001502,2024-09-21,C0127,North,Retail,P0018,Notebook Set,Office Supplies,4,171.61,0.1,617.8,342.28,275.52
O001503,2024-09-21,C0009,North,Online,P0020,Monitor Arm,Office Supplies,1,193.94,0.0,193.94,129.4,64.54
O001504,2024-09-21,C0267,West,Retail,P0020,Monitor Arm,Office Supplies,1,193.94,0.05,184.24,129.4,54.84
O001505,2024-09-21,C0039,North,Retail,P0013,Backpack,Apparel,3,282.71,0.05,805.72,602.22,203.5
O001506,2024-09-21,C0302,North,Online,P0018,Notebook Set,Office Supplies,5,171.61,0.15,729.34,427.85,301.49
O001507,2024-09-21,C0015,West,Wholesale,P0012,Denim Jacket,Apparel,5,97.06,0.0,485.3,284.1,201.2
O001508,2024-09-22,C0281,West,Retail,P0014,Sunglasses,Apparel,7,226.65,0.0,1586.55,832.72,753.83
O001509,2024-09-22,C0357,North,Retail,P0009,Vacuum Cleaner,Home & Kitchen,5,86.66,0.1,389.97,266.2,123.77
O001510,2024-09-22,C0340,South,Online,P0013,Backpack,Apparel,6,282.71,0.0,1696.26,1204.44,491.82
O001511,2024-09-23,C0119,South,Online,P0012,Denim Jacket,Apparel,4,97.06,0.0,388.24,227.28,160.96
O001512,2024-09-23,C0122,East,Retail,P0012,Denim Jacket,Apparel,2,97.06,0.0,194.12,113.64,80.48
O001513,2024-09-23,C0184,West,Online,P0009,Vacuum Cleaner,Home & Kitchen,2,86.66,0.2,138.66,106.48,32.18
O001514,2024-09-23,C0095,East,Online,P0010,Coffee Maker,Home & Kitchen,5,276.64,0.0,1383.2,1027.1,356.1
O001515,2024-09-23,C0302,North,Online,P0019,Desk Organizer,Office Supplies,3,260.68,0.05,742.94,512.85,230.09
O001516,2024-09-23,C0374,West,Retail,P0003,Bluetooth Speaker,Electronics,4,365.93,0.1,1317.35,861.32,456.03
O001517,2024-09-23,C0372,West,Wholesale,P0013,Backpack,Apparel,5,282.71,0.1,1272.2,1003.7,268.5
O001518,2024-09-24,C0102,West,Online,P0010,Coffee Maker,Home & Kitchen,2,276.64,0.0,553.28,410.84,142.44
O001519,2024-09-24,C0246,East,Retail,P0017,Standing Desk,Office Supplies,1,143.29,0.0,143.29,86.95,56.34
O001520,2024-09-24,C0387,East,Retail,P0017,Standing Desk,Office Supplies,7,143.29,0.0,1003.03,608.65,394.38
O001521,2024-09-24,C0198,South,Online,P0010,Coffee Maker,Home & Kitchen,1,276.64,0.0,276.64,205.42,71.22
O001522,2024-09-24,C0391,South,Online,P0005,Laptop Stand,Electronics,4,108.18,0.05,411.08,259.64,151.44
O001523,2024-09-25,C0289,North,Online,P0007,Blender,Home & Kitchen,5,121.55,0.0,607.75,443.8,163.95
O001524,2024-09-25,C0157,East,Online,P0013,Backpack,Apparel,3,282.71,0.05,805.72,602.22,203.5
O001525,2024-09-25,C0249,South,Online,P0018,Notebook Set,Office Supplies,1,171.61,0.1,154.45,85.57,68.88
O001526,2024-09-26,C0216,North,Retail,P0018,Notebook Set,Office Supplies,5,171.61,0.1,772.25,427.85,344.4
O001527,2024-09-26,C0032,West,Retail,P0013,Backpack,Apparel,6,282.71,0.05,1611.45,1204.44,407.01
O001528,2024-09-26,C0299,North,Retail,P0003,Bluetooth Speaker,Electronics,4,365.93,0.05,1390.53,861.32,529.21
O001529,2024-09-26,C0159,West,Retail,P0005,Laptop Stand,Electronics,2,108.18,0.05,205.54,129.82,75.72
O001530,2024-09-26,C0247,North,Wholesale,P0004,Power Bank,Electronics,6,156.84,0.0,941.04,685.44,255.6
O001531,2024-09-26,C0030,North,Online,P0013,Backpack,Apparel,6,282.71,0.05,1611.45,1204.44,407.01
O001532,2024-09-26,C0235,South,Wholesale,P0014,Sunglasses,Apparel,5,226.65,0.0,1133.25,594.8,538.45
O001533,2024-09-26,C0171,East,Retail,P0003,Bluetooth Speaker,Electronics,7,365.93,0.15,2177.28,1507.31,669.97
O001534,2024-09-26,C0056,North,Wholesale,P0001,Wireless Earbuds,Electronics,6,46.85,0.1,252.99,145.08,107.91
O001535,2024-09-26,C0287,North,Wholesale,P0014,Sunglasses,Apparel,4,226.65,0.0,906.6,475.84,430.76
O001536,2024-09-26,C0201,North,Wholesale,P0014,Sunglasses,Apparel,4,226.65,0.0,906.6,475.84,430.76
O001537,2024-09-27,C0282,South,Wholesale,P0006,Air Fryer,Home & Kitchen,4,298.69,0.0,1194.76,608.0,586.76
O001538,2024-09-27,C0301,East,Retail,P0015,Wallet,Apparel,7,245.76,0.1,1548.29,1048.81,499.48
O001539,2024-09-27,C0007,East,Wholesale,P0007,Blender,Home & Kitchen,3,121.55,0.05,346.42,266.28,80.14
O001540,2024-09-27,C0178,South,Online,P0012,Denim Jacket,Apparel,4,97.06,0.0,388.24,227.28,160.96
O001541,2024-09-28,C0086,West,Online,P0007,Blender,Home & Kitchen,7,121.55,0.0,850.85,621.32,229.53
O001542,2024-09-28,C0362,East,Online,P0011,Running Shoes,Apparel,6,291.03,0.15,1484.25,811.92,672.33
O001543,2024-09-28,C0027,North,Online,P0007,Blender,Home & Kitchen,7,121.55,0.2,680.68,621.32,59.36
O001544,2024-09-28,C0183,West,Retail,P0011,Running Shoes,Apparel,3,291.03,0.05,829.44,405.96,423.48
O001545,2024-09-28,C0306,South,Online,P0005,Laptop Stand,Electronics,6,108.18,0.0,649.08,389.46,259.62
O001546,2024-09-28,C0168,South,Retail,P0018,Notebook Set,Office Supplies,2,171.61,0.0,343.22,171.14,172.08
O001547,2024-09-28,C0291,East,Online,P0008,Cookware Set,Home & Kitchen,4,144.8,0.05,550.24,276.36,273.88
O001548,2024-09-29,C0019,North,Retail,P0003,Bluetooth Speaker,Electronics,3,365.93,0.05,1042.9,645.99,396.91
O001549,2024-09-29,C0226,East,Wholesale,P0019,Desk Organizer,Office Supplies,6,260.68,0.0,1564.08,1025.7,538.38
O001550,2024-09-29,C0302,North,Online,P0002,Smart Watch,Electronics,5,189.4,0.2,757.6,504.7,252.9
O001551,2024-09-29,C0061,North,Online,P0016,Ergonomic Chair,Office Supplies,1,85.32,0.0,85.32,51.43,33.89
O001552,2024-09-29,C0294,West,Retail,P0012,Denim Jacket,Apparel,5,97.06,0.2,388.24,284.1,104.14
O001553,2024-09-30,C0256,North,Retail,P0020,Monitor Arm,Office Supplies,3,193.94,0.15,494.55,388.2,106.35
O001554,2024-09-30,C0047,West,Retail,P0004,Power Bank,Electronics,6,156.84,0.0,941.04,685.44,255.6
O001555,2024-09-30,C0306,South,Online,P0010,Coffee Maker,Home & Kitchen,3,276.64,0.0,829.92,616.26,213.66
O001556,2024-09-30,C0111,West,Retail,P0004,Power Bank,Electronics,3,156.84,0.0,470.52,342.72,127.8
O001557,2024-09-30,C0075,West,Online,P0020,Monitor Arm,Office Supplies,2,193.94,0.15,329.7,258.8,70.9
O001558,2024-09-30,C0328,West,Online,P0002,Smart Watch,Electronics,6,189.4,0.0,1136.4,605.64,530.76
O001559,2024-09-30,C0301,East,Retail,P0006,Air Fryer,Home & Kitchen,3,298.69,0.0,896.07,456.0,440.07
O001560,2024-09-30,C0002,East,Retail,P0013,Backpack,Apparel,2,282.71,0.0,565.42,401.48,163.94
O001561,2024-09-30,C0312,East,Retail,P0007,Blender,Home & Kitchen,4,121.55,0.05,461.89,355.04,106.85
O001562,2024-09-30,C0075,West,Online,P0002,Smart Watch,Electronics,4,189.4,0.0,757.6,403.76,353.84
O001563,2024-10-01,C0375,East,Retail,P0004,Power Bank,Electronics,1,156.84,0.1,141.16,114.24,26.92
O001564,2024-10-01,C0336,South,Wholesale,P0016,Ergonomic Chair,Office Supplies,5,85.32,0.05,405.27,257.15,148.12
O001565,2024-10-01,C0103,North,Wholesale,P0014,Sunglasses,Apparel,5,226.65,0.05,1076.59,594.8,481.79
O001566,2024-10-01,C0342,North,Wholesale,P0014,Sunglasses,Apparel,5,226.65,0.0,1133.25,594.8,538.45
O001567,2024-10-01,C0251,East,Online,P0002,Smart Watch,Electronics,4,189.4,0.0,757.6,403.76,353.84
O001568,2024-10-01,C0227,West,Retail,P0011,Running Shoes,Apparel,1,291.03,0.1,261.93,135.32,126.61
O001569,2024-10-01,C0340,South,Online,P0017,Standing Desk,Office Supplies,5,143.29,0.1,644.8,434.75,210.05
O001570,2024-10-01,C0005,North,Online,P0002,Smart Watch,Electronics,7,189.4,0.15,1126.93,706.58,420.35
O001571,2024-10-01,C0286,West,Online,P0015,Wallet,Apparel,6,245.76,0.0,1474.56,898.98,575.58
O001572,2024-10-01,C0361,West,Retail,P0015,Wallet,Apparel,1,245.76,0.0,245.76,149.83,95.93
O001573,2024-10-01,C0213,West,Retail,P0014,Sunglasses,Apparel,2,226.65,0.0,453.3,237.92,215.38
O001574,2024-10-02,C0145,West,Retail,P0019,Desk Organizer,Office Supplies,5,260.68,0.05,1238.23,854.75,383.48
O001575,2024-10-02,C0340,South,Online,P0008,Cookware Set,Home & Kitchen,4,144.8,0.15,492.32,276.36,215.96
O001576,2024-10-02,C0089,West,Wholesale,P0001,Wireless Earbuds,Electronics,6,46.85,0.05,267.04,145.08,121.96
O001577,2024-10-02,C0049,West,Retail,P0010,Coffee Maker,Home & Kitchen,1,276.64,0.2,221.31,205.42,15.89
O001578,2024-10-02,C0172,South,Online,P0019,Desk Organizer,Office Supplies,3,260.68,0.05,742.94,512.85,230.09
O001579,2024-10-02,C0138,East,Retail,P0013,Backpack,Apparel,5,282.71,0.0,1413.55,1003.7,409.85
O001580,2024-10-02,C0331,North,Online,P0003,Bluetooth Speaker,Electronics,5,365.93,0.05,1738.17,1076.65,661.52
O001581,2024-10-03,C0103,North,Wholesale,P0002,Smart Watch,Electronics,3,189.4,0.1,511.38,302.82,208.56
O001582,2024-10-03,C0321,South,Retail,P0006,Air Fryer,Home & Kitchen,7,298.69,0.05,1986.29,1064.0,922.29
O001583,2024-10-03,C0095,East,Online,P0001,Wireless Earbuds,Electronics,7,46.85,0.1,295.15,169.26,125.89
O001584,2024-10-03,C0354,North,Retail,P0018,Notebook Set,Office Supplies,3,171.61,0.0,514.83,256.71,258.12
O001585,2024-10-03,C0324,North,Retail,P0010,Coffee Maker,Home & Kitchen,3,276.64,0.1,746.93,616.26,130.67
O001586,2024-10-03,C0371,East,Wholesale,P0006,Air Fryer,Home & Kitchen,2,298.69,0.0,597.38,304.0,293.38
O001587,2024-10-04,C0309,West,Retail,P0003,Bluetooth Speaker,Electronics,2,365.93,0.05,695.27,430.66,264.61
O001588,2024-10-04,C0007,East,Wholesale,P0007,Blender,Home & Kitchen,4,121.55,0.0,486.2,355.04,131.16
O001589,2024-10-04,C0155,East,Retail,P0009,Vacuum Cleaner,Home & Kitchen,1,86.66,0.0,86.66,53.24,33.42
O001590,2024-10-04,C0130,North,Online,P0004,Power Bank,Electronics,5,156.84,0.05,744.99,571.2,173.79
O001591,2024-10-04,C0146,West,Wholesale,P0010,Coffee Maker,Home & Kitchen,1,276.64,0.0,276.64,205.42,71.22
O001592,2024-10-04,C0147,North,Online,P0013,Backpack,Apparel,3,282.71,0.0,848.13,602.22,245.91
O001593,2024-10-04,C0330,South,Retail,P0001,Wireless Earbuds,Electronics,3,46.85,0.05,133.52,72.54,60.98
O001594,2024-10-04,C0380,West,Wholesale,P0008,Cookware Set,Home & Kitchen,7,144.8,0.15,861.56,483.63,377.93
O001595,2024-10-05,C0245,West,Wholesale,P0014,Sunglasses,Apparel,1,226.65,0.0,226.65,118.96,107.69
O001596,2024-10-05,C0115,West,Wholesale,P0007,Blender,Home & Kitchen,2,121.55,0.0,243.1,177.52,65.58
O001597,2024-10-05,C0399,South,Online,P0012,Denim Jacket,Apparel,1,97.06,0.1,87.35,56.82,30.53
O001598,2024-10-05,C0074,South,Retail,P0015,Wallet,Apparel,4,245.76,0.0,983.04,599.32,383.72
O001599,2024-10-05,C0362,East,Online,P0001,Wireless Earbuds,Electronics,4,46.85,0.0,187.4,96.72,90.68
O001600,2024-10-05,C0216,North,Retail,P0017,Standing Desk,Office Supplies,1,143.29,0.05,136.13,86.95,49.18
O001601,2024-10-05,C0286,West,Online,P0018,Notebook Set,Office Supplies,5,171.61,0.0,858.05,427.85,430.2
O001602,2024-10-05,C0225,South,Wholesale,P0016,Ergonomic Chair,Office Supplies,3,85.32,0.1,230.36,154.29,76.07
O001603,2024-10-05,C0173,South,Online,P0001,Wireless Earbuds,Electronics,6,46.85,0.0,281.1,145.08,136.02
O001604,2024-10-05,C0055,North,Retail,P0005,Laptop Stand,Electronics,6,108.18,0.0,649.08,389.46,259.62
O001605,2024-10-05,C0201,North,Wholesale,P0010,Coffee Maker,Home & Kitchen,1,276.64,0.15,235.14,205.42,29.72
O001606,2024-10-05,C0286,West,Online,P0012,Denim Jacket,Apparel,2,97.06,0.1,174.71,113.64,61.07
O001607,2024-10-05,C0350,East,Online,P0011,Running Shoes,Apparel,1,291.03,0.05,276.48,135.32,141.16
O001608,2024-10-05,C0115,West,Wholesale,P0001,Wireless Earbuds,Electronics,1,46.85,0.0,46.85,24.18,22.67
O001609,2024-10-05,C0344,South,Wholesale,P0014,Sunglasses,Apparel,2,226.65,0.0,453.3,237.92,215.38
O001610,2024-10-05,C0187,West,Online,P0018,Notebook Set,Office Supplies,7,171.61,0.0,1201.27,598.99,602.28
O001611,2024-10-05,C0014,West,Online,P0015,Wallet,Apparel,1,245.76,0.2,196.61,149.83,46.78
O001612,2024-10-06,C0095,East,Online,P0013,Backpack,Apparel,2,282.71,0.1,508.88,401.48,107.4
O001613,2024-10-06,C0014,West,Online,P0019,Desk Organizer,Office Supplies,7,260.68,0.0,1824.76,1196.65,628.11
O001614,2024-10-06,C0313,North,Retail,P0018,Notebook Set,Office Supplies,1,171.61,0.05,163.03,85.57,77.46
O001615,2024-10-06,C0256,North,Retail,P0018,Notebook Set,Office Supplies,4,171.61,0.2,549.15,342.28,206.87
O001616,2024-10-06,C0118,South,Retail,P0012,Denim Jacket,Apparel,6,97.06,0.2,465.89,340.92,124.97
O001617,2024-10-06,C0242,North,Online,P0009,Vacuum Cleaner,Home & Kitchen,4,86.66,0.15,294.64,212.96,81.68
O001618,2024-10-06,C0177,South,Online,P0009,Vacuum Cleaner,Home & Kitchen,2,86.66,0.05,164.65,106.48,58.17
O001619,2024-10-06,C0392,North,Online,P0012,Denim Jacket,Apparel,6,97.06,0.15,495.01,340.92,154.09
O001620,2024-10-06,C0119,South,Online,P0005,Laptop Stand,Electronics,2,108.18,0.0,216.36,129.82,86.54
O001621,2024-10-06,C0311,North,Online,P0007,Blender,Home & Kitchen,1,121.55,0.05,115.47,88.76,26.71
O001622,2024-10-06,C0178,South,Online,P0009,Vacuum Cleaner,Home & Kitchen,3,86.66,0.1,233.98,159.72,74.26
O001623,2024-10-07,C0086,West,Online,P0017,Standing Desk,Office Supplies,6,143.29,0.05,816.75,521.7,295.05
O001624,2024-10-07,C0032,West,Retail,P0015,Wallet,Apparel,2,245.76,0.05,466.94,299.66,167.28
O001625,2024-10-07,C0141,North,Online,P0011,Running Shoes,Apparel,6,291.03,0.1,1571.56,811.92,759.64
O001626,2024-10-07,C0180,South,Online,P0019,Desk Organizer,Office Supplies,6,260.68,0.15,1329.47,1025.7,303.77
O001627,2024-10-07,C0140,South,Online,P0008,Cookware Set,Home & Kitchen,5,144.8,0.0,724.0,345.45,378.55
O001628,2024-10-07,C0351,East,Online,P0014,Sunglasses,Apparel,5,226.65,0.0,1133.25,594.8,538.45
O001629,2024-10-07,C0067,West,Retail,P0006,Air Fryer,Home & Kitchen,1,298.69,0.05,283.76,152.0,131.76
O001630,2024-10-07,C0146,West,Wholesale,P0020,Monitor Arm,Office Supplies,2,193.94,0.1,349.09,258.8,90.29
O001631,2024-10-08,C0275,East,Online,P0015,Wallet,Apparel,1,245.76,0.0,245.76,149.83,95.93
O001632,2024-10-08,C0344,South,Wholesale,P0009,Vacuum Cleaner,Home & Kitchen,4,86.66,0.05,329.31,212.96,116.35
O001633,2024-10-08,C0175,West,Wholesale,P0011,Running Shoes,Apparel,4,291.03,0.15,989.5,541.28,448.22
O001634,2024-10-08,C0297,East,Online,P0010,Coffee Maker,Home & Kitchen,6,276.64,0.0,1659.84,1232.52,427.32
O001635,2024-10-08,C0156,West,Retail,P0020,Monitor Arm,Office Supplies,5,193.94,0.0,969.7,647.0,322.7
O001636,2024-10-08,C0188,South,Retail,P0019,Desk Organizer,Office Supplies,1,260.68,0.0,260.68,170.95,89.73
O001637,2024-10-08,C0294,West,Retail,P0020,Monitor Arm,Office Supplies,3,193.94,0.1,523.64,388.2,135.44
O001638,2024-10-09,C0136,South,Online,P0017,Standing Desk,Office Supplies,1,143.29,0.05,136.13,86.95,49.18
O001639,2024-10-09,C0068,East,Retail,P0017,Standing Desk,Office Supplies,3,143.29,0.05,408.38,260.85,147.53
O001640,2024-10-09,C0369,South,Retail,P0008,Cookware Set,Home & Kitchen,1,144.8,0.15,123.08,69.09,53.99
O001641,2024-10-09,C0143,North,Wholesale,P0002,Smart Watch,Electronics,5,189.4,0.0,947.0,504.7,442.3
O001642,2024-10-09,C0110,East,Retail,P0002,Smart Watch,Electronics,2,189.4,0.15,321.98,201.88,120.1
O001643,2024-10-09,C0186,East,Online,P0012,Denim Jacket,Apparel,4,97.06,0.0,388.24,227.28,160.96
O001644,2024-10-10,C0135,West,Wholesale,P0018,Notebook Set,Office Supplies,2,171.61,0.1,308.9,171.14,137.76
O001645,2024-10-10,C0252,West,Retail,P0019,Desk Organizer,Office Supplies,4,260.68,0.15,886.31,683.8,202.51
O001646,2024-10-10,C0095,East,Online,P0007,Blender,Home & Kitchen,5,121.55,0.0,607.75,443.8,163.95
O001647,2024-10-10,C0044,East,Online,P0012,Denim Jacket,Apparel,7,97.06,0.05,645.45,397.74,247.71
O001648,2024-10-10,C0136,South,Online,P0018,Notebook Set,Office Supplies,1,171.61,0.1,154.45,85.57,68.88
O001649,2024-10-10,C0356,North,Wholesale,P0018,Notebook Set,Office Supplies,7,171.61,0.1,1081.14,598.99,482.15
O001650,2024-10-10,C0285,South,Retail,P0006,Air Fryer,Home & Kitchen,2,298.69,0.1,537.64,304.0,233.64
O001651,2024-10-10,C0054,North,Retail,P0015,Wallet,Apparel,1,245.76,0.0,245.76,149.83,95.93
O001652,2024-10-11,C0304,South,Online,P0007,Blender,Home & Kitchen,5,121.55,0.0,607.75,443.8,163.95
O001653,2024-10-11,C0397,North,Wholesale,P0005,Laptop Stand,Electronics,5,108.18,0.05,513.86,324.55,189.31
O001654,2024-10-11,C0247,North,Wholesale,P0018,Notebook Set,Office Supplies,3,171.61,0.0,514.83,256.71,258.12
O001655,2024-10-11,C0361,West,Retail,P0019,Desk Organizer,Office Supplies,5,260.68,0.1,1173.06,854.75,318.31
O001656,2024-10-11,C0330,South,Retail,P0006,Air Fryer,Home & Kitchen,3,298.69,0.15,761.66,456.0,305.66
O001657,2024-10-11,C0176,South,Online,P0004,Power Bank,Electronics,3,156.84,0.05,446.99,342.72,104.27
O001658,2024-10-12,C0015,West,Wholesale,P0010,Coffee Maker,Home & Kitchen,3,276.64,0.2,663.94,616.26,47.68
O001659,2024-10-12,C0201,North,Wholesale,P0018,Notebook Set,Office Supplies,4,171.61,0.0,686.44,342.28,344.16
O001660,2024-10-12,C0033,East,Online,P0010,Coffee Maker,Home & Kitchen,6,276.64,0.0,1659.84,1232.52,427.32
O001661,2024-10-12,C0364,West,Retail,P0008,Cookware Set,Home & Kitchen,4,144.8,0.1,521.28,276.36,244.92
O001662,2024-10-12,C0240,South,Retail,P0003,Bluetooth Speaker,Electronics,5,365.93,0.05,1738.17,1076.65,661.52
O001663,2024-10-12,C0363,West,Wholesale,P0013,Backpack,Apparel,6,282.71,0.0,1696.26,1204.44,491.82
O001664,2024-10-12,C0046,North,Online,P0001,Wireless Earbuds,Electronics,5,46.85,0.05,222.54,120.9,101.64
O001665,2024-10-12,C0109,East,Online,P0001,Wireless Earbuds,Electronics,3,46.85,0.15,119.47,72.54,46.93
O001666,2024-10-12,C0065,North,Retail,P0008,Cookware Set,Home & Kitchen,3,144.8,0.0,434.4,207.27,227.13
O001667,2024-10-13,C0177,South,Online,P0001,Wireless Earbuds,Electronics,3,46.85,0.0,140.55,72.54,68.01
O001668,2024-10-13,C0053,West,Retail,P0016,Ergonomic Chair,Office Supplies,4,85.32,0.15,290.09,205.72,84.37
O001669,2024-10-13,C0277,North,Retail,P0006,Air Fryer,Home & Kitchen,2,298.69,0.0,597.38,304.0,293.38
O001670,2024-10-13,C0149,North,Online,P0001,Wireless Earbuds,Electronics,3,46.85,0.0,140.55,72.54,68.01
O001671,2024-10-13,C0155,East,Retail,P0014,Sunglasses,Apparel,5,226.65,0.05,1076.59,594.8,481.79
O001672,2024-10-13,C0027,North,Online,P0011,Running Shoes,Apparel,2,291.03,0.05,552.96,270.64,282.32
O001673,2024-10-13,C0310,South,Wholesale,P0011,Running Shoes,Apparel,7,291.03,0.05,1935.35,947.24,988.11
O001674,2024-10-13,C0387,East,Retail,P0006,Air Fryer,Home & Kitchen,6,298.69,0.0,1792.14,912.0,880.14
O001675,2024-10-13,C0272,West,Retail,P0003,Bluetooth Speaker,Electronics,1,365.93,0.0,365.93,215.33,150.6
O001676,2024-10-13,C0333,South,Online,P0004,Power Bank,Electronics,3,156.84,0.0,470.52,342.72,127.8
O001677,2024-10-13,C0344,South,Wholesale,P0009,Vacuum Cleaner,Home & Kitchen,4,86.66,0.0,346.64,212.96,133.68
O001678,2024-10-13,C0278,East,Online,P0002,Smart Watch,Electronics,3,189.4,0.05,539.79,302.82,236.97
O001679,2024-10-13,C0316,West,Retail,P0010,Coffee Maker,Home & Kitchen,1,276.64,0.1,248.98,205.42,43.56
O001680,2024-10-14,C0382,South,Wholesale,P0011,Running Shoes,Apparel,7,291.03,0.0,2037.21,947.24,1089.97
O001681,2024-10-14,C0191,East,Online,P0015,Wallet,Apparel,4,245.76,0.05,933.89,599.32,334.57
O001682,2024-10-14,C0158,East,Retail,P0009,Vacuum Cleaner,Home & Kitchen,1,86.66,0.15,73.66,53.24,20.42
O001683,2024-10-14,C0270,East,Online,P0020,Monitor Arm,Office Supplies,3,193.94,0.0,581.82,388.2,193.62
O001684,2024-10-14,C0046,North,Online,P0007,Blender,Home & Kitchen,2,121.55,0.1,218.79,177.52,41.27
O001685,2024-10-14,C0323,West,Online,P0014,Sunglasses,Apparel,5,226.65,0.05,1076.59,594.8,481.79
O001686,2024-10-14,C0295,South,Online,P0011,Running Shoes,Apparel,7,291.03,0.1,1833.49,947.24,886.25
O001687,2024-10-14,C0108,North,Online,P0018,Notebook Set,Office Supplies,7,171.61,0.1,1081.14,598.99,482.15
O001688,2024-10-14,C0192,West,Online,P0020,Monitor Arm,Office Supplies,1,193.94,0.1,174.55,129.4,45.15
O001689,2024-10-14,C0153,North,Online,P0015,Wallet,Apparel,1,245.76,0.05,233.47,149.83,83.64
O001690,2024-10-14,C0149,North,Online,P0017,Standing Desk,Office Supplies,5,143.29,0.2,573.16,434.75,138.41
O001691,2024-10-14,C0288,West,Online,P0013,Backpack,Apparel,2,282.71,0.0,565.42,401.48,163.94
O001692,2024-10-14,C0357,North,Retail,P0009,Vacuum Cleaner,Home & Kitchen,5,86.66,0.1,389.97,266.2,123.77
O001693,2024-10-14,C0060,West,Retail,P0015,Wallet,Apparel,7,245.76,0.0,1720.32,1048.81,671.51
O001694,2024-10-15,C0262,North,Retail,P0020,Monitor Arm,Office Supplies,6,193.94,0.1,1047.28,776.4,270.88
O001695,2024-10-15,C0006,South,Retail,P0015,Wallet,Apparel,7,245.76,0.05,1634.3,1048.81,585.49
O001696,2024-10-15,C0075,West,Online,P0003,Bluetooth Speaker,Electronics,3,365.93,0.0,1097.79,645.99,451.8
O001697,2024-10-15,C0366,East,Online,P0012,Denim Jacket,Apparel,4,97.06,0.05,368.83,227.28,141.55
O001698,2024-10-15,C0369,South,Retail,P0015,Wallet,Apparel,2,245.76,0.15,417.79,299.66,118.13
O001699,2024-10-15,C0119,South,Online,P0011,Running Shoes,Apparel,4,291.03,0.0,1164.12,541.28,622.84
O001700,2024-10-15,C0135,West,Wholesale,P0006,Air Fryer,Home & Kitchen,3,298.69,0.0,896.07,456.0,440.07
O001701,2024-10-15,C0378,East,Online,P0008,Cookware Set,Home & Kitchen,6,144.8,0.1,781.92,414.54,367.38
O001702,2024-10-15,C0202,North,Wholesale,P0004,Power Bank,Electronics,5,156.84,0.0,784.2,571.2,213.0
O001703,2024-10-15,C0063,West,Online,P0018,Notebook Set,Office Supplies,7,171.61,0.0,1201.27,598.99,602.28
O001704,2024-10-16,C0257,South,Retail,P0018,Notebook Set,Office Supplies,3,171.61,0.0,514.83,256.71,258.12
O001705,2024-10-16,C0255,West,Retail,P0009,Vacuum Cleaner,Home & Kitchen,2,86.66,0.0,173.32,106.48,66.84
O001706,2024-10-16,C0141,North,Online,P0002,Smart Watch,Electronics,6,189.4,0.0,1136.4,605.64,530.76
O001707,2024-10-16,C0048,South,Online,P0006,Air Fryer,Home & Kitchen,7,298.69,0.0,2090.83,1064.0,1026.83
O001708,2024-10-16,C0374,West,Retail,P0001,Wireless Earbuds,Electronics,2,46.85,0.05,89.02,48.36,40.66
O001709,2024-10-16,C0120,North,Online,P0004,Power Bank,Electronics,7,156.84,0.0,1097.88,799.68,298.2
O001710,2024-10-16,C0334,South,Retail,P0014,Sunglasses,Apparel,4,226.65,0.0,906.6,475.84,430.76
O001711,2024-10-16,C0393,North,Retail,P0009,Vacuum Cleaner,Home & Kitchen,4,86.66,0.0,346.64,212.96,133.68
O001712,2024-10-16,C0196,South,Online,P0014,Sunglasses,Apparel,1,226.65,0.05,215.32,118.96,96.36
O001713,2024-10-16,C0083,East,Retail,P0017,Standing Desk,Office Supplies,4,143.29,0.05,544.5,347.8,196.7
O001714,2024-10-16,C0168,South,Retail,P0004,Power Bank,Electronics,7,156.84,0.0,1097.88,799.68,298.2
O001715,2024-10-17,C0190,East,Retail,P0010,Coffee Maker,Home & Kitchen,3,276.64,0.1,746.93,616.26,130.67
O001716,2024-10-17,C0007,East,Wholesale,P0002,Smart Watch,Electronics,3,189.4,0.1,511.38,302.82,208.56
O001717,2024-10-17,C0354,North,Retail,P0003,Bluetooth Speaker,Electronics,4,365.93,0.15,1244.16,861.32,382.84
O001718,2024-10-17,C0126,North,Retail,P0004,Power Bank,Electronics,3,156.84,0.05,446.99,342.72,104.27
O001719,2024-10-17,C0182,South,Retail,P0017,Standing Desk,Office Supplies,5,143.29,0.2,573.16,434.75,138.41
O001720,2024-10-17,C0353,West,Wholesale,P0014,Sunglasses,Apparel,3,226.65,0.05,645.95,356.88,289.07
O001721,2024-10-17,C0207,South,Retail,P0008,Cookware Set,Home & Kitchen,5,144.8,0.2,579.2,345.45,233.75
O001722,2024-10-18,C0020,South,Retail,P0014,Sunglasses,Apparel,3,226.65,0.05,645.95,356.88,289.07
O001723,2024-10-18,C0107,East,Retail,P0020,Monitor Arm,Office Supplies,1,193.94,0.0,193.94,129.4,64.54
O001724,2024-10-18,C0389,West,Online,P0016,Ergonomic Chair,Office Supplies,3,85.32,0.1,230.36,154.29,76.07
O001725,2024-10-18,C0008,South,Retail,P0015,Wallet,Apparel,1,245.76,0.0,245.76,149.83,95.93
O001726,2024-10-18,C0106,West,Retail,P0017,Standing Desk,Office Supplies,7,143.29,0.05,952.88,608.65,344.23
O001727,2024-10-18,C0215,North,Retail,P0020,Monitor Arm,Office Supplies,2,193.94,0.05,368.49,258.8,109.69
O001728,2024-10-18,C0233,North,Online,P0012,Denim Jacket,Apparel,5,97.06,0.1,436.77,284.1,152.67
O001729,2024-10-18,C0201,North,Wholesale,P0009,Vacuum Cleaner,Home & Kitchen,6,86.66,0.05,493.96,319.44,174.52
O001730,2024-10-19,C0276,South,Wholesale,P0017,Standing Desk,Office Supplies,6,143.29,0.0,859.74,521.7,338.04
O001731,2024-10-19,C0293,East,Retail,P0010,Coffee Maker,Home & Kitchen,5,276.64,0.0,1383.2,1027.1,356.1
O001732,2024-10-19,C0253,North,Online,P0002,Smart Watch,Electronics,7,189.4,0.1,1193.22,706.58,486.64
O001733,2024-10-19,C0234,North,Retail,P0015,Wallet,Apparel,3,245.76,0.0,737.28,449.49,287.79
O001734,2024-10-19,C0152,East,Online,P0008,Cookware Set,Home & Kitchen,4,144.8,0.0,579.2,276.36,302.84
O001735,2024-10-19,C0092,East,Retail,P0020,Monitor Arm,Office Supplies,7,193.94,0.05,1289.7,905.8,383.9
O001736,2024-10-19,C0296,North,Wholesale,P0019,Desk Organizer,Office Supplies,5,260.68,0.05,1238.23,854.75,383.48
O001737,2024-10-19,C0250,South,Online,P0014,Sunglasses,Apparel,6,226.65,0.0,1359.9,713.76,646.14
O001738,2024-10-20,C0344,South,Wholesale,P0009,Vacuum Cleaner,Home & Kitchen,4,86.66,0.05,329.31,212.96,116.35
O001739,2024-10-20,C0152,East,Online,P0018,Notebook Set,Office Supplies,3,171.61,0.0,514.83,256.71,258.12
O001740,2024-10-20,C0047,West,Retail,P0002,Smart Watch,Electronics,7,189.4,0.05,1259.51,706.58,552.93
O001741,2024-10-20,C0155,East,Retail,P0013,Backpack,Apparel,5,282.71,0.0,1413.55,1003.7,409.85
O001742,2024-10-20,C0368,North,Wholesale,P0005,Laptop Stand,Electronics,2,108.18,0.1,194.72,129.82,64.9
O001743,2024-10-20,C0314,East,Retail,P0003,Bluetooth Speaker,Electronics,6,365.93,0.0,2195.58,1291.98,903.6
O001744,2024-10-20,C0358,East,Online,P0012,Denim Jacket,Apparel,5,97.06,0.05,461.04,284.1,176.94
O001745,2024-10-20,C0205,South,Wholesale,P0008,Cookware Set,Home & Kitchen,3,144.8,0.0,434.4,207.27,227.13
O001746,2024-10-20,C0075,West,Online,P0002,Smart Watch,Electronics,1,189.4,0.1,170.46,100.94,69.52
O001747,2024-10-20,C0024,South,Online,P0006,Air Fryer,Home & Kitchen,6,298.69,0.05,1702.53,912.0,790.53
O001748,2024-10-20,C0060,West,Retail,P0012,Denim Jacket,Apparel,2,97.06,0.0,194.12,113.64,80.48
O001749,2024-10-21,C0330,South,Retail,P0002,Smart Watch,Electronics,4,189.4,0.0,757.6,403.76,353.84
O001750,2024-10-21,C0095,East,Online,P0013,Backpack,Apparel,5,282.71,0.1,1272.2,1003.7,268.5
O001751,2024-10-21,C0212,West,Online,P0013,Backpack,Apparel,6,282.71,0.1,1526.63,1204.44,322.19
O001752,2024-10-21,C0101,West,Retail,P0018,Notebook Set,Office Supplies,6,171.61,0.05,978.18,513.42,464.76
O001753,2024-10-21,C0232,South,Online,P0011,Running Shoes,Apparel,1,291.03,0.0,291.03,135.32,155.71
O001754,2024-10-21,C0264,South,Retail,P0007,Blender,Home & Kitchen,1,121.55,0.1,109.4,88.76,20.64
O001755,2024-10-21,C0136,South,Online,P0013,Backpack,Apparel,3,282.71,0.05,805.72,602.22,203.5
O001756,2024-10-22,C0069,South,Retail,P0003,Bluetooth Speaker,Electronics,6,365.93,0.1,1976.02,1291.98,684.04
O001757,2024-10-22,C0139,South,Wholesale,P0015,Wallet,Apparel,2,245.76,0.05,466.94,299.66,167.28
O001758,2024-10-22,C0279,North,Retail,P0017,Standing Desk,Office Supplies,3,143.29,0.0,429.87,260.85,169.02
O001759,2024-10-22,C0207,South,Retail,P0004,Power Bank,Electronics,6,156.84,0.15,799.88,685.44,114.44
O001760,2024-10-22,C0379,West,Online,P0017,Standing Desk,Office Supplies,5,143.29,0.0,716.45,434.75,281.7
O001761,2024-10-22,C0243,West,Wholesale,P0003,Bluetooth Speaker,Electronics,7,365.93,0.0,2561.51,1507.31,1054.2
O001762,2024-10-22,C0345,East,Retail,P0007,Blender,Home & Kitchen,5,121.55,0.0,607.75,443.8,163.95
O001763,2024-10-22,C0313,North,Retail,P0009,Vacuum Cleaner,Home & Kitchen,3,86.66,0.1,233.98,159.72,74.26
O001764,2024-10-23,C0077,North,Wholesale,P0018,Notebook Set,Office Supplies,5,171.61,0.05,815.15,427.85,387.3
O001765,2024-10-23,C0180,South,Online,P0001,Wireless Earbuds,Electronics,3,46.85,0.1,126.5,72.54,53.96
O001766,2024-10-23,C0317,South,Retail,P0018,Notebook Set,Office Supplies,1,171.61,0.05,163.03,85.57,77.46
O001767,2024-10-23,C0052,North,Retail,P0014,Sunglasses,Apparel,4,226.65,0.1,815.94,475.84,340.1
O001768,2024-10-23,C0200,North,Retail,P0013,Backpack,Apparel,5,282.71,0.1,1272.2,1003.7,268.5
O001769,2024-10-23,C0181,West,Wholesale,P0007,Blender,Home & Kitchen,3,121.55,0.0,364.65,266.28,98.37
O001770,2024-10-23,C0353,West,Wholesale,P0013,Backpack,Apparel,7,282.71,0.0,1978.97,1405.18,573.79
O001771,2024-10-23,C0067,West,Retail,P0011,Running Shoes,Apparel,2,291.03,0.0,582.06,270.64,311.42
O001772,2024-10-23,C0076,North,Retail,P0003,Bluetooth Speaker,Electronics,4,365.93,0.2,1170.98,861.32,309.66
O001773,2024-10-23,C0174,West,Retail,P0015,Wallet,Apparel,1,245.76,0.05,233.47,149.83,83.64
O001774,2024-10-24,C0346,South,Online,P0018,Notebook Set,Office Supplies,2,171.61,0.0,343.22,171.14,172.08
O001775,2024-10-24,C0023,West,Wholesale,P0018,Notebook Set,Office Supplies,1,171.61,0.0,171.61,85.57,86.04
O001776,2024-10-24,C0113,South,Retail,P0009,Vacuum Cleaner,Home & Kitchen,4,86.66,0.1,311.98,212.96,99.02
O001777,2024-10-24,C0394,West,Retail,P0002,Smart Watch,Electronics,3,189.4,0.05,539.79,302.82,236.97
O001778,2024-10-24,C0037,East,Wholesale,P0001,Wireless Earbuds,Electronics,1,46.85,0.05,44.51,24.18,20.33
O001779,2024-10-24,C0085,East,Retail,P0020,Monitor Arm,Office Supplies,7,193.94,0.0,1357.58,905.8,451.78
O001780,2024-10-24,C0177,South,Online,P0001,Wireless Earbuds,Electronics,4,46.85,0.0,187.4,96.72,90.68
O001781,2024-10-24,C0325,West,Wholesale,P0014,Sunglasses,Apparel,6,226.65,0.1,1223.91,713.76,510.15
O001782,2024-10-24,C0016,West,Retail,P0019,Desk Organizer,Office Supplies,5,260.68,0.15,1107.89,854.75,253.14
O001783,2024-10-24,C0318,South,Retail,P0013,Backpack,Apparel,1,282.71,0.2,226.17,200.74,25.43
O001784,2024-10-25,C0216,North,Retail,P0002,Smart Watch,Electronics,1,189.4,0.05,179.93,100.94,78.99
O001785,2024-10-25,C0339,West,Retail,P0014,Sunglasses,Apparel,7,226.65,0.0,1586.55,832.72,753.83
O001786,2024-10-25,C0226,East,Wholesale,P0005,Laptop Stand,Electronics,1,108.18,0.1,97.36,64.91,32.45
O001787,2024-10-25,C0175,West,Wholesale,P0002,Smart Watch,Electronics,1,189.4,0.05,179.93,100.94,78.99
O001788,2024-10-25,C0126,North,Retail,P0017,Standing Desk,Office Supplies,5,143.29,0.05,680.63,434.75,245.88
O001789,2024-10-25,C0027,North,Online,P0002,Smart Watch,Electronics,1,189.4,0.15,160.99,100.94,60.05
O001790,2024-10-25,C0386,North,Online,P0017,Standing Desk,Office Supplies,5,143.29,0.1,644.8,434.75,210.05
O001791,2024-10-25,C0328,West,Online,P0008,Cookware Set,Home & Kitchen,5,144.8,0.0,724.0,345.45,378.55
O001792,2024-10-25,C0174,West,Retail,P0007,Blender,Home & Kitchen,7,121.55,0.15,723.22,621.32,101.9
O001793,2024-10-25,C0323,West,Online,P0020,Monitor Arm,Office Supplies,4,193.94,0.1,698.18,517.6,180.58
O001794,2024-10-25,C0090,West,Retail,P0012,Denim Jacket,Apparel,2,97.06,0.05,184.41,113.64,70.77
O001795,2024-10-25,C0327,South,Online,P0003,Bluetooth Speaker,Electronics,1,365.93,0.0,365.93,215.33,150.6
O001796,2024-10-25,C0373,West,Wholesale,P0009,Vacuum Cleaner,Home & Kitchen,4,86.66,0.15,294.64,212.96,81.68
O001797,2024-10-25,C0080,East,Wholesale,P0006,Air Fryer,Home & Kitchen,2,298.69,0.0,597.38,304.0,293.38
O001798,2024-10-25,C0039,North,Retail,P0002,Smart Watch,Electronics,1,189.4,0.0,189.4,100.94,88.46
O001799,2024-10-26,C0256,North,Retail,P0003,Bluetooth Speaker,Electronics,2,365.93,0.0,731.86,430.66,301.2
O001800,2024-10-26,C0300,South,Retail,P0002,Smart Watch,Electronics,6,189.4,0.1,1022.76,605.64,417.12
O001801,2024-10-26,C0104,South,Online,P0018,Notebook Set,Office Supplies,7,171.61,0.05,1141.21,598.99,542.22
O001802,2024-10-26,C0339,West,Retail,P0012,Denim Jacket,Apparel,3,97.06,0.1,262.06,170.46,91.6
O001803,2024-10-26,C0391,South,Online,P0011,Running Shoes,Apparel,5,291.03,0.0,1455.15,676.6,778.55
O001804,2024-10-26,C0384,West,Online,P0016,Ergonomic Chair,Office Supplies,4,85.32,0.05,324.22,205.72,118.5
O001805,2024-10-26,C0076,North,Retail,P0016,Ergonomic Chair,Office Supplies,5,85.32,0.0,426.6,257.15,169.45
O001806,2024-10-26,C0245,West,Wholesale,P0015,Wallet,Apparel,5,245.76,0.0,1228.8,749.15,479.65
O001807,2024-10-26,C0207,South,Retail,P0008,Cookware Set,Home & Kitchen,7,144.8,0.05,962.92,483.63,479.29
O001808,2024-10-27,C0327,South,Online,P0015,Wallet,Apparel,3,245.76,0.0,737.28,449.49,287.79
O001809,2024-10-27,C0305,East,Retail,P0012,Denim Jacket,Apparel,2,97.06,0.05,184.41,113.64,70.77
O001810,2024-10-27,C0260,North,Retail,P0001,Wireless Earbuds,Electronics,1,46.85,0.0,46.85,24.18,22.67
O001811,2024-10-27,C0397,North,Wholesale,P0019,Desk Organizer,Office Supplies,6,260.68,0.05,1485.88,1025.7,460.18
O001812,2024-10-27,C0176,South,Online,P0002,Smart Watch,Electronics,3,189.4,0.1,511.38,302.82,208.56
O001813,2024-10-27,C0283,West,Retail,P0015,Wallet,Apparel,1,245.76,0.15,208.9,149.83,59.07
O001814,2024-10-27,C0262,North,Retail,P0002,Smart Watch,Electronics,6,189.4,0.0,1136.4,605.64,530.76
O001815,2024-10-27,C0280,North,Retail,P0005,Laptop Stand,Electronics,4,108.18,0.0,432.72,259.64,173.08
O001816,2024-10-27,C0366,East,Online,P0019,Desk Organizer,Office Supplies,3,260.68,0.0,782.04,512.85,269.19
O001817,2024-10-27,C0013,East,Retail,P0018,Notebook Set,Office Supplies,5,171.61,0.05,815.15,427.85,387.3
O001818,2024-10-27,C0361,West,Retail,P0015,Wallet,Apparel,2,245.76,0.2,393.22,299.66,93.56
O001819,2024-10-27,C0026,West,Online,P0010,Coffee Maker,Home & Kitchen,4,276.64,0.05,1051.23,821.68,229.55
O001820,2024-10-27,C0105,East,Wholesale,P0019,Desk Organizer,Office Supplies,1,260.68,0.15,221.58,170.95,50.63
O001821,2024-10-28,C0071,East,Retail,P0013,Backpack,Apparel,3,282.71,0.0,848.13,602.22,245.91
O001822,2024-10-28,C0366,East,Online,P0016,Ergonomic Chair,Office Supplies,5,85.32,0.0,426.6,257.15,169.45
O001823,2024-10-28,C0130,North,Online,P0007,Blender,Home & Kitchen,4,121.55,0.0,486.2,355.04,131.16
O001824,2024-10-28,C0309,West,Retail,P0014,Sunglasses,Apparel,7,226.65,0.05,1507.22,832.72,674.5
O001825,2024-10-28,C0332,North,Wholesale,P0014,Sunglasses,Apparel,1,226.65,0.0,226.65,118.96,107.69
O001826,2024-10-28,C0323,West,Online,P0015,Wallet,Apparel,1,245.76,0.05,233.47,149.83,83.64
O001827,2024-10-29,C0148,North,Online,P0014,Sunglasses,Apparel,1,226.65,0.0,226.65,118.96,107.69
O001828,2024-10-29,C0236,North,Retail,P0009,Vacuum Cleaner,Home & Kitchen,2,86.66,0.0,173.32,106.48,66.84
O001829,2024-10-29,C0377,South,Retail,P0012,Denim Jacket,Apparel,2,97.06,0.1,174.71,113.64,61.07
O001830,2024-10-29,C0233,North,Online,P0017,Standing Desk,Office Supplies,2,143.29,0.0,286.58,173.9,112.68
O001831,2024-10-29,C0022,South,Online,P0016,Ergonomic Chair,Office Supplies,4,85.32,0.0,341.28,205.72,135.56
O001832,2024-10-29,C0330,South,Retail,P0001,Wireless Earbuds,Electronics,3,46.85,0.0,140.55,72.54,68.01
O001833,2024-10-29,C0017,South,Wholesale,P0015,Wallet,Apparel,1,245.76,0.1,221.18,149.83,71.35
O001834,2024-10-30,C0182,South,Retail,P0014,Sunglasses,Apparel,3,226.65,0.05,645.95,356.88,289.07
O001835,2024-10-30,C0172,South,Online,P0011,Running Shoes,Apparel,7,291.03,0.05,1935.35,947.24,988.11
O001836,2024-10-30,C0287,North,Wholesale,P0016,Ergonomic Chair,Office Supplies,6,85.32,0.0,511.92,308.58,203.34
O001837,2024-10-30,C0081,West,Retail,P0001,Wireless Earbuds,Electronics,1,46.85,0.1,42.16,24.18,17.98
O001838,2024-10-30,C0252,West,Retail,P0017,Standing Desk,Office Supplies,7,143.29,0.1,902.73,608.65,294.08
O001839,2024-10-30,C0095,East,Online,P0003,Bluetooth Speaker,Electronics,3,365.93,0.05,1042.9,645.99,396.91
O001840,2024-10-30,C0266,South,Retail,P0003,Bluetooth Speaker,Electronics,3,365.93,0.05,1042.9,645.99,396.91
O001841,2024-10-30,C0272,West,Retail,P0007,Blender,Home & Kitchen,7,121.55,0.1,765.76,621.32,144.44
O001842,2024-10-31,C0330,South,Retail,P0012,Denim Jacket,Apparel,2,97.06,0.15,165.0,113.64,51.36
O001843,2024-10-31,C0122,East,Retail,P0015,Wallet,Apparel,4,245.76,0.15,835.58,599.32,236.26
O001844,2024-10-31,C0115,West,Wholesale,P0008,Cookware Set,Home & Kitchen,1,144.8,0.0,144.8,69.09,75.71
O001845,2024-10-31,C0280,North,Retail,P0011,Running Shoes,Apparel,7,291.03,0.2,1629.77,947.24,682.53
O001846,2024-10-31,C0397,North,Wholesale,P0016,Ergonomic Chair,Office Supplies,5,85.32,0.0,426.6,257.15,169.45
O001847,2024-10-31,C0147,North,Online,P0020,Monitor Arm,Office Supplies,6,193.94,0.05,1105.46,776.4,329.06
O001848,2024-10-31,C0170,North,Wholesale,P0011,Running Shoes,Apparel,1,291.03,0.15,247.38,135.32,112.06
O001849,2024-10-31,C0395,West,Wholesale,P0001,Wireless Earbuds,Electronics,1,46.85,0.15,39.82,24.18,15.64
O001850,2024-10-31,C0375,East,Retail,P0008,Cookware Set,Home & Kitchen,6,144.8,0.0,868.8,414.54,454.26
O001851,2024-10-31,C0209,South,Online,P0003,Bluetooth Speaker,Electronics,1,365.93,0.15,311.04,215.33,95.71
O001852,2024-11-01,C0336,South,Wholesale,P0016,Ergonomic Chair,Office Supplies,3,85.32,0.0,255.96,154.29,101.67
O001853,2024-11-01,C0123,West,Retail,P0005,Laptop Stand,Electronics,2,108.18,0.0,216.36,129.82,86.54
O001854,2024-11-01,C0362,East,Online,P0016,Ergonomic Chair,Office Supplies,1,85.32,0.05,81.05,51.43,29.62
O001855,2024-11-01,C0235,South,Wholesale,P0017,Standing Desk,Office Supplies,2,143.29,0.1,257.92,173.9,84.02
O001856,2024-11-01,C0157,East,Online,P0007,Blender,Home & Kitchen,7,121.55,0.0,850.85,621.32,229.53
O001857,2024-11-01,C0208,West,Online,P0003,Bluetooth Speaker,Electronics,5,365.93,0.1,1646.69,1076.65,570.04
O001858,2024-11-01,C0124,East,Wholesale,P0019,Desk Organizer,Office Supplies,5,260.68,0.0,1303.4,854.75,448.65
O001859,2024-11-01,C0333,South,Online,P0010,Coffee Maker,Home & Kitchen,3,276.64,0.0,829.92,616.26,213.66
O001860,2024-11-01,C0217,West,Online,P0005,Laptop Stand,Electronics,3,108.18,0.05,308.31,194.73,113.58
O001861,2024-11-02,C0187,West,Online,P0002,Smart Watch,Electronics,5,189.4,0.0,947.0,504.7,442.3
O001862,2024-11-02,C0349,East,Wholesale,P0015,Wallet,Apparel,1,245.76,0.0,245.76,149.83,95.93
O001863,2024-11-02,C0124,East,Wholesale,P0002,Smart Watch,Electronics,7,189.4,0.15,1126.93,706.58,420.35
O001864,2024-11-02,C0027,North,Online,P0016,Ergonomic Chair,Office Supplies,2,85.32,0.1,153.58,102.86,50.72
O001865,2024-11-02,C0262,North,Retail,P0012,Denim Jacket,Apparel,2,97.06,0.1,174.71,113.64,61.07
O001866,2024-11-03,C0226,East,Wholesale,P0010,Coffee Maker,Home & Kitchen,2,276.64,0.05,525.62,410.84,114.78
O001867,2024-11-03,C0201,North,Wholesale,P0005,Laptop Stand,Electronics,1,108.18,0.15,91.95,64.91,27.04
O001868,2024-11-03,C0128,West,Retail,P0004,Power Bank,Electronics,7,156.84,0.0,1097.88,799.68,298.2
O001869,2024-11-03,C0115,West,Wholesale,P0018,Notebook Set,Office Supplies,2,171.61,0.0,343.22,171.14,172.08
O001870,2024-11-03,C0361,West,Retail,P0011,Running Shoes,Apparel,1,291.03,0.05,276.48,135.32,141.16
O001871,2024-11-03,C0367,South,Online,P0008,Cookware Set,Home & Kitchen,1,144.8,0.0,144.8,69.09,75.71
O001872,2024-11-03,C0135,West,Wholesale,P0008,Cookware Set,Home & Kitchen,2,144.8,0.0,289.6,138.18,151.42
O001873,2024-11-03,C0122,East,Retail,P0001,Wireless Earbuds,Electronics,1,46.85,0.05,44.51,24.18,20.33
O001874,2024-11-04,C0285,South,Retail,P0020,Monitor Arm,Office Supplies,3,193.94,0.05,552.73,388.2,164.53
O001875,2024-11-04,C0268,West,Retail,P0007,Blender,Home & Kitchen,1,121.55,0.2,97.24,88.76,8.48
O001876,2024-11-04,C0219,North,Retail,P0013,Backpack,Apparel,4,282.71,0.1,1017.76,802.96,214.8
O001877,2024-11-04,C0386,North,Online,P0009,Vacuum Cleaner,Home & Kitchen,7,86.66,0.1,545.96,372.68,173.28
O001878,2024-11-04,C0292,East,Retail,P0013,Backpack,Apparel,6,282.71,0.05,1611.45,1204.44,407.01
O001879,2024-11-05,C0247,North,Wholesale,P0001,Wireless Earbuds,Electronics,1,46.85,0.05,44.51,24.18,20.33
O001880,2024-11-05,C0218,East,Retail,P0005,Laptop Stand,Electronics,6,108.18,0.0,649.08,389.46,259.62
O001881,2024-11-05,C0393,North,Retail,P0004,Power Bank,Electronics,6,156.84,0.05,893.99,685.44,208.55
O001882,2024-11-05,C0242,North,Online,P0020,Monitor Arm,Office Supplies,3,193.94,0.1,523.64,388.2,135.44
O001883,2024-11-05,C0291,East,Online,P0005,Laptop Stand,Electronics,7,108.18,0.15,643.67,454.37,189.3
O001884,2024-11-05,C0233,North,Online,P0004,Power Bank,Electronics,5,156.84,0.05,744.99,571.2,173.79
O001885,2024-11-05,C0172,South,Online,P0002,Smart Watch,Electronics,3,189.4,0.05,539.79,302.82,236.97
O001886,2024-11-05,C0010,East,Online,P0012,Denim Jacket,Apparel,1,97.06,0.2,77.65,56.82,20.83
O001887,2024-11-05,C0394,West,Retail,P0005,Laptop Stand,Electronics,3,108.18,0.15,275.86,194.73,81.13
O001888,2024-11-05,C0070,North,Wholesale,P0012,Denim Jacket,Apparel,3,97.06,0.05,276.62,170.46,106.16
O001889,2024-11-05,C0327,South,Online,P0008,Cookware Set,Home & Kitchen,2,144.8,0.0,289.6,138.18,151.42
O001890,2024-11-05,C0090,West,Retail,P0017,Standing Desk,Office Supplies,6,143.29,0.0,859.74,521.7,338.04
O001891,2024-11-05,C0074,South,Retail,P0006,Air Fryer,Home & Kitchen,2,298.69,0.05,567.51,304.0,263.51
O001892,2024-11-05,C0087,South,Wholesale,P0010,Coffee Maker,Home & Kitchen,5,276.64,0.1,1244.88,1027.1,217.78
O001893,2024-11-05,C0147,North,Online,P0010,Coffee Maker,Home & Kitchen,4,276.64,0.1,995.9,821.68,174.22
O001894,2024-11-05,C0116,South,Retail,P0019,Desk Organizer,Office Supplies,3,260.68,0.05,742.94,512.85,230.09
O001895,2024-11-06,C0277,North,Retail,P0019,Desk Organizer,Office Supplies,4,260.68,0.1,938.45,683.8,254.65
O001896,2024-11-06,C0128,West,Retail,P0015,Wallet,Apparel,4,245.76,0.0,983.04,599.32,383.72
O001897,2024-11-06,C0150,North,Retail,P0005,Laptop Stand,Electronics,7,108.18,0.0,757.26,454.37,302.89
O001898,2024-11-07,C0242,North,Online,P0009,Vacuum Cleaner,Home & Kitchen,4,86.66,0.05,329.31,212.96,116.35
O001899,2024-11-07,C0362,East,Online,P0018,Notebook Set,Office Supplies,5,171.61,0.0,858.05,427.85,430.2
O001900,2024-11-07,C0275,East,Online,P0006,Air Fryer,Home & Kitchen,2,298.69,0.15,507.77,304.0,203.77
O001901,2024-11-07,C0189,South,Wholesale,P0009,Vacuum Cleaner,Home & Kitchen,6,86.66,0.15,441.97,319.44,122.53
O001902,2024-11-07,C0156,West,Retail,P0012,Denim Jacket,Apparel,7,97.06,0.0,679.42,397.74,281.68
O001903,2024-11-07,C0213,West,Retail,P0012,Denim Jacket,Apparel,5,97.06,0.05,461.04,284.1,176.94
O001904,2024-11-07,C0274,North,Online,P0012,Denim Jacket,Apparel,1,97.06,0.05,92.21,56.82,35.39
O001905,2024-11-07,C0350,East,Online,P0004,Power Bank,Electronics,3,156.84,0.05,446.99,342.72,104.27
O001906,2024-11-07,C0019,North,Retail,P0015,Wallet,Apparel,5,245.76,0.05,1167.36,749.15,418.21
O001907,2024-11-07,C0141,North,Online,P0012,Denim Jacket,Apparel,5,97.06,0.05,461.04,284.1,176.94
O001908,2024-11-07,C0280,North,Retail,P0013,Backpack,Apparel,3,282.71,0.2,678.5,602.22,76.28
O001909,2024-11-08,C0084,East,Online,P0006,Air Fryer,Home & Kitchen,1,298.69,0.05,283.76,152.0,131.76
O001910,2024-11-08,C0340,South,Online,P0002,Smart Watch,Electronics,7,189.4,0.0,1325.8,706.58,619.22
O001911,2024-11-08,C0018,West,Wholesale,P0009,Vacuum Cleaner,Home & Kitchen,6,86.66,0.15,441.97,319.44,122.53
O001912,2024-11-08,C0361,West,Retail,P0011,Running Shoes,Apparel,3,291.03,0.1,785.78,405.96,379.82
O001913,2024-11-08,C0340,South,Online,P0020,Monitor Arm,Office Supplies,3,193.94,0.0,581.82,388.2,193.62
O001914,2024-11-08,C0027,North,Online,P0002,Smart Watch,Electronics,3,189.4,0.0,568.2,302.82,265.38
O001915,2024-11-08,C0233,North,Online,P0015,Wallet,Apparel,1,245.76,0.05,233.47,149.83,83.64
O001916,2024-11-08,C0383,West,Retail,P0001,Wireless Earbuds,Electronics,1,46.85,0.0,46.85,24.18,22.67
O001917,2024-11-09,C0110,East,Retail,P0003,Bluetooth Speaker,Electronics,6,365.93,0.05,2085.8,1291.98,793.82
O001918,2024-11-09,C0378,East,Online,P0012,Denim Jacket,Apparel,1,97.06,0.0,97.06,56.82,40.24
O001919,2024-11-09,C0181,West,Wholesale,P0009,Vacuum Cleaner,Home & Kitchen,1,86.66,0.05,82.33,53.24,29.09
O001920,2024-11-09,C0145,West,Retail,P0020,Monitor Arm,Office Supplies,6,193.94,0.0,1163.64,776.4,387.24
O001921,2024-11-09,C0267,West,Retail,P0008,Cookware Set,Home & Kitchen,6,144.8,0.1,781.92,414.54,367.38
O001922,2024-11-09,C0288,West,Online,P0007,Blender,Home & Kitchen,2,121.55,0.05,230.94,177.52,53.42
O001923,2024-11-09,C0071,East,Retail,P0010,Coffee Maker,Home & Kitchen,2,276.64,0.15,470.29,410.84,59.45
O001924,2024-11-09,C0302,North,Online,P0004,Power Bank,Electronics,2,156.84,0.0,313.68,228.48,85.2
O001925,2024-11-10,C0323,West,Online,P0008,Cookware Set,Home & Kitchen,1,144.8,0.05,137.56,69.09,68.47
O001926,2024-11-10,C0156,West,Retail,P0010,Coffee Maker,Home & Kitchen,2,276.64,0.0,553.28,410.84,142.44
O001927,2024-11-10,C0266,South,Retail,P0020,Monitor Arm,Office Supplies,7,193.94,0.15,1153.94,905.8,248.14
O001928,2024-11-10,C0087,South,Wholesale,P0014,Sunglasses,Apparel,2,226.65,0.0,453.3,237.92,215.38
O001929,2024-11-10,C0275,East,Online,P0003,Bluetooth Speaker,Electronics,3,365.93,0.0,1097.79,645.99,451.8
O001930,2024-11-10,C0350,East,Online,P0014,Sunglasses,Apparel,2,226.65,0.05,430.64,237.92,192.72
O001931,2024-11-10,C0088,North,Online,P0009,Vacuum Cleaner,Home & Kitchen,6,86.66,0.15,441.97,319.44,122.53
O001932,2024-11-10,C0043,West,Retail,P0018,Notebook Set,Office Supplies,4,171.61,0.1,617.8,342.28,275.52
O001933,2024-11-10,C0365,North,Retail,P0018,Notebook Set,Office Supplies,4,171.61,0.1,617.8,342.28,275.52
O001934,2024-11-10,C0034,West,Online,P0010,Coffee Maker,Home & Kitchen,4,276.64,0.15,940.58,821.68,118.9
O001935,2024-11-10,C0313,North,Retail,P0008,Cookware Set,Home & Kitchen,5,144.8,0.0,724.0,345.45,378.55
O001936,2024-11-11,C0195,South,Retail,P0011,Running Shoes,Apparel,1,291.03,0.15,247.38,135.32,112.06
O001937,2024-11-11,C0129,South,Retail,P0010,Coffee Maker,Home & Kitchen,4,276.64,0.1,995.9,821.68,174.22
O001938,2024-11-11,C0285,South,Retail,P0002,Smart Watch,Electronics,3,189.4,0.0,568.2,302.82,265.38
O001939,2024-11-11,C0341,North,Online,P0014,Sunglasses,Apparel,5,226.65,0.1,1019.92,594.8,425.12
O001940,2024-11-11,C0154,West,Retail,P0015,Wallet,Apparel,5,245.76,0.05,1167.36,749.15,418.21
O001941,2024-11-11,C0246,East,Retail,P0017,Standing Desk,Office Supplies,6,143.29,0.15,730.78,521.7,209.08
O001942,2024-11-11,C0328,West,Online,P0020,Monitor Arm,Office Supplies,7,193.94,0.05,1289.7,905.8,383.9
O001943,2024-11-11,C0352,West,Retail,P0016,Ergonomic Chair,Office Supplies,2,85.32,0.0,170.64,102.86,67.78
O001944,2024-11-12,C0028,South,Wholesale,P0001,Wireless Earbuds,Electronics,6,46.85,0.05,267.04,145.08,121.96
O001945,2024-11-12,C0206,South,Retail,P0017,Standing Desk,Office Supplies,7,143.29,0.05,952.88,608.65,344.23
O001946,2024-11-12,C0276,South,Wholesale,P0012,Denim Jacket,Apparel,5,97.06,0.05,461.04,284.1,176.94
O001947,2024-11-12,C0129,South,Retail,P0008,Cookware Set,Home & Kitchen,6,144.8,0.0,868.8,414.54,454.26
O001948,2024-11-12,C0333,South,Online,P0001,Wireless Earbuds,Electronics,3,46.85,0.0,140.55,72.54,68.01
O001949,2024-11-12,C0074,South,Retail,P0013,Backpack,Apparel,7,282.71,0.2,1583.18,1405.18,178.0
O001950,2024-11-12,C0097,West,Retail,P0010,Coffee Maker,Home & Kitchen,5,276.64,0.0,1383.2,1027.1,356.1
O001951,2024-11-12,C0035,North,Retail,P0020,Monitor Arm,Office Supplies,2,193.94,0.0,387.88,258.8,129.08
O001952,2024-11-12,C0013,East,Retail,P0017,Standing Desk,Office Supplies,5,143.29,0.0,716.45,434.75,281.7
O001953,2024-11-12,C0056,North,Wholesale,P0010,Coffee Maker,Home & Kitchen,3,276.64,0.05,788.42,616.26,172.16
O001954,2024-11-12,C0262,North,Retail,P0009,Vacuum Cleaner,Home & Kitchen,5,86.66,0.0,433.3,266.2,167.1
O001955,2024-11-13,C0346,South,Online,P0010,Coffee Maker,Home & Kitchen,1,276.64,0.05,262.81,205.42,57.39
O001956,2024-11-13,C0207,South,Retail,P0017,Standing Desk,Office Supplies,5,143.29,0.0,716.45,434.75,281.7
O001957,2024-11-13,C0002,East,Retail,P0013,Backpack,Apparel,1,282.71,0.0,282.71,200.74,81.97
O001958,2024-11-13,C0087,South,Wholesale,P0004,Power Bank,Electronics,6,156.84,0.1,846.94,685.44,161.5
O001959,2024-11-13,C0211,South,Wholesale,P0020,Monitor Arm,Office Supplies,1,193.94,0.2,155.15,129.4,25.75
O001960,2024-11-13,C0288,West,Online,P0011,Running Shoes,Apparel,2,291.03,0.15,494.75,270.64,224.11
O001961,2024-11-14,C0187,West,Online,P0007,Blender,Home & Kitchen,6,121.55,0.0,729.3,532.56,196.74
O001962,2024-11-14,C0058,North,Retail,P0012,Denim Jacket,Apparel,7,97.06,0.15,577.51,397.74,179.77
O001963,2024-11-14,C0319,South,Online,P0005,Laptop Stand,Electronics,2,108.18,0.2,173.09,129.82,43.27
O001964,2024-11-14,C0075,West,Online,P0007,Blender,Home & Kitchen,5,121.55,0.05,577.36,443.8,133.56
O001965,2024-11-14,C0085,East,Retail,P0006,Air Fryer,Home & Kitchen,7,298.69,0.15,1777.21,1064.0,713.21
O001966,2024-11-14,C0067,West,Retail,P0014,Sunglasses,Apparel,6,226.65,0.05,1291.9,713.76,578.14
O001967,2024-11-14,C0346,South,Online,P0020,Monitor Arm,Office Supplies,7,193.94,0.1,1221.82,905.8,316.02
O001968,2024-11-14,C0190,East,Retail,P0016,Ergonomic Chair,Office Supplies,5,85.32,0.0,426.6,257.15,169.45
O001969,2024-11-15,C0015,West,Wholesale,P0007,Blender,Home & Kitchen,2,121.55,0.0,243.1,177.52,65.58
O001970,2024-11-15,C0149,North,Online,P0020,Monitor Arm,Office Supplies,1,193.94,0.0,193.94,129.4,64.54
O001971,2024-11-15,C0060,West,Retail,P0009,Vacuum Cleaner,Home & Kitchen,7,86.66,0.0,606.62,372.68,233.94
O001972,2024-11-15,C0273,South,Wholesale,P0014,Sunglasses,Apparel,3,226.65,0.1,611.96,356.88,255.08
O001973,2024-11-16,C0387,East,Retail,P0006,Air Fryer,Home & Kitchen,1,298.69,0.15,253.89,152.0,101.89
O001974,2024-11-16,C0119,South,Online,P0016,Ergonomic Chair,Office Supplies,1,85.32,0.05,81.05,51.43,29.62
O001975,2024-11-16,C0051,East,Retail,P0008,Cookware Set,Home & Kitchen,2,144.8,0.0,289.6,138.18,151.42
O001976,2024-11-17,C0330,South,Retail,P0016,Ergonomic Chair,Office Supplies,7,85.32,0.1,537.52,360.01,177.51
O001977,2024-11-17,C0346,South,Online,P0013,Backpack,Apparel,2,282.71,0.0,565.42,401.48,163.94
O001978,2024-11-17,C0337,North,Online,P0008,Cookware Set,Home & Kitchen,7,144.8,0.0,1013.6,483.63,529.97
O001979,2024-11-17,C0371,East,Wholesale,P0018,Notebook Set,Office Supplies,2,171.61,0.15,291.74,171.14,120.6
O001980,2024-11-17,C0136,South,Online,P0017,Standing Desk,Office Supplies,1,143.29,0.0,143.29,86.95,56.34
O001981,2024-11-17,C0304,South,Online,P0010,Coffee Maker,Home & Kitchen,2,276.64,0.15,470.29,410.84,59.45
O001982,2024-11-17,C0075,West,Online,P0001,Wireless Earbuds,Electronics,1,46.85,0.15,39.82,24.18,15.64
O001983,2024-11-17,C0180,South,Online,P0017,Standing Desk,Office Supplies,2,143.29,0.0,286.58,173.9,112.68
O001984,2024-11-17,C0276,South,Wholesale,P0004,Power Bank,Electronics,6,156.84,0.1,846.94,685.44,161.5
O001985,2024-11-17,C0083,East,Retail,P0007,Blender,Home & Kitchen,3,121.55,0.0,364.65,266.28,98.37
O001986,2024-11-17,C0199,West,Retail,P0003,Bluetooth Speaker,Electronics,5,365.93,0.1,1646.69,1076.65,570.04
O001987,2024-11-17,C0080,East,Wholesale,P0010,Coffee Maker,Home & Kitchen,4,276.64,0.0,1106.56,821.68,284.88
O001988,2024-11-17,C0112,North,Online,P0013,Backpack,Apparel,6,282.71,0.05,1611.45,1204.44,407.01
O001989,2024-11-17,C0214,South,Retail,P0019,Desk Organizer,Office Supplies,4,260.68,0.0,1042.72,683.8,358.92
O001990,2024-11-17,C0128,West,Retail,P0014,Sunglasses,Apparel,3,226.65,0.0,679.95,356.88,323.07
O001991,2024-11-18,C0082,West,Online,P0011,Running Shoes,Apparel,6,291.03,0.15,1484.25,811.92,672.33
O001992,2024-11-18,C0301,East,Retail,P0003,Bluetooth Speaker,Electronics,6,365.93,0.15,1866.24,1291.98,574.26
O001993,2024-11-18,C0304,South,Online,P0003,Bluetooth Speaker,Electronics,7,365.93,0.1,2305.36,1507.31,798.05
O001994,2024-11-18,C0012,North,Retail,P0001,Wireless Earbuds,Electronics,3,46.85,0.0,140.55,72.54,68.01
O001995,2024-11-18,C0110,East,Retail,P0010,Coffee Maker,Home & Kitchen,1,276.64,0.0,276.64,205.42,71.22
O001996,2024-11-18,C0386,North,Online,P0015,Wallet,Apparel,1,245.76,0.2,196.61,149.83,46.78
O001997,2024-11-18,C0369,South,Retail,P0005,Laptop Stand,Electronics,7,108.18,0.15,643.67,454.37,189.3
O001998,2024-11-18,C0313,North,Retail,P0003,Bluetooth Speaker,Electronics,3,365.93,0.0,1097.79,645.99,451.8
O001999,2024-11-18,C0147,North,Online,P0011,Running Shoes,Apparel,2,291.03,0.1,523.85,270.64,253.21
O002000,2024-11-18,C0124,East,Wholesale,P0019,Desk Organizer,Office Supplies,6,260.68,0.05,1485.88,1025.7,460.18
O002001,2024-11-18,C0038,West,Online,P0004,Power Bank,Electronics,2,156.84,0.0,313.68,228.48,85.2
O002002,2024-11-19,C0329,East,Online,P0002,Smart Watch,Electronics,6,189.4,0.0,1136.4,605.64,530.76
O002003,2024-11-19,C0370,North,Wholesale,P0015,Wallet,Apparel,4,245.76,0.0,983.04,599.32,383.72
O002004,2024-11-19,C0277,North,Retail,P0015,Wallet,Apparel,3,245.76,0.15,626.69,449.49,177.2
O002005,2024-11-19,C0292,East,Retail,P0017,Standing Desk,Office Supplies,7,143.29,0.0,1003.03,608.65,394.38
O002006,2024-11-19,C0355,West,Wholesale,P0020,Monitor Arm,Office Supplies,3,193.94,0.0,581.82,388.2,193.62
O002007,2024-11-19,C0359,North,Retail,P0011,Running Shoes,Apparel,3,291.03,0.0,873.09,405.96,467.13
O002008,2024-11-19,C0316,West,Retail,P0010,Coffee Maker,Home & Kitchen,5,276.64,0.0,1383.2,1027.1,356.1
O002009,2024-11-20,C0151,West,Wholesale,P0010,Coffee Maker,Home & Kitchen,5,276.64,0.05,1314.04,1027.1,286.94
O002010,2024-11-20,C0024,South,Online,P0002,Smart Watch,Electronics,2,189.4,0.0,378.8,201.88,176.92
O002011,2024-11-20,C0047,West,Retail,P0018,Notebook Set,Office Supplies,6,171.61,0.2,823.73,513.42,310.31
O002012,2024-11-20,C0079,West,Retail,P0013,Backpack,Apparel,3,282.71,0.05,805.72,602.22,203.5
O002013,2024-11-20,C0318,South,Retail,P0003,Bluetooth Speaker,Electronics,4,365.93,0.05,1390.53,861.32,529.21
O002014,2024-11-20,C0345,East,Retail,P0008,Cookware Set,Home & Kitchen,5,144.8,0.0,724.0,345.45,378.55
O002015,2024-11-20,C0096,East,Retail,P0015,Wallet,Apparel,7,245.76,0.15,1462.27,1048.81,413.46
O002016,2024-11-20,C0100,East,Retail,P0018,Notebook Set,Office Supplies,2,171.61,0.1,308.9,171.14,137.76
O002017,2024-11-20,C0369,South,Retail,P0001,Wireless Earbuds,Electronics,5,46.85,0.05,222.54,120.9,101.64
O002018,2024-11-21,C0308,East,Retail,P0015,Wallet,Apparel,5,245.76,0.0,1228.8,749.15,479.65
O002019,2024-11-21,C0111,West,Retail,P0015,Wallet,Apparel,1,245.76,0.1,221.18,149.83,71.35
O002020,2024-11-21,C0151,West,Wholesale,P0020,Monitor Arm,Office Supplies,1,193.94,0.0,193.94,129.4,64.54
O002021,2024-11-21,C0319,South,Online,P0002,Smart Watch,Electronics,6,189.4,0.15,965.94,605.64,360.3
O002022,2024-11-21,C0129,South,Retail,P0001,Wireless Earbuds,Electronics,6,46.85,0.1,252.99,145.08,107.91
O002023,2024-11-21,C0094,South,Retail,P0004,Power Bank,Electronics,4,156.84,0.1,564.62,456.96,107.66
O002024,2024-11-21,C0026,West,Online,P0018,Notebook Set,Office Supplies,7,171.61,0.1,1081.14,598.99,482.15
O002025,2024-11-22,C0142,South,Online,P0012,Denim Jacket,Apparel,3,97.06,0.0,291.18,170.46,120.72
O002026,2024-11-22,C0252,West,Retail,P0015,Wallet,Apparel,3,245.76,0.0,737.28,449.49,287.79
O002027,2024-11-22,C0390,West,Online,P0001,Wireless Earbuds,Electronics,6,46.85,0.1,252.99,145.08,107.91
O002028,2024-11-22,C0009,North,Online,P0014,Sunglasses,Apparel,7,226.65,0.15,1348.57,832.72,515.85
O002029,2024-11-22,C0075,West,Online,P0012,Denim Jacket,Apparel,2,97.06,0.05,184.41,113.64,70.77
O002030,2024-11-22,C0029,West,Online,P0004,Power Bank,Electronics,6,156.84,0.05,893.99,685.44,208.55
O002031,2024-11-22,C0036,South,Retail,P0011,Running Shoes,Apparel,4,291.03,0.0,1164.12,541.28,622.84
O002032,2024-11-22,C0387,East,Retail,P0008,Cookware Set,Home & Kitchen,6,144.8,0.0,868.8,414.54,454.26
O002033,2024-11-22,C0162,West,Online,P0010,Coffee Maker,Home & Kitchen,7,276.64,0.0,1936.48,1437.94,498.54
O002034,2024-11-22,C0339,West,Retail,P0009,Vacuum Cleaner,Home & Kitchen,6,86.66,0.05,493.96,319.44,174.52
O002035,2024-11-22,C0175,West,Wholesale,P0010,Coffee Maker,Home & Kitchen,3,276.64,0.0,829.92,616.26,213.66
O002036,2024-11-22,C0302,North,Online,P0003,Bluetooth Speaker,Electronics,3,365.93,0.1,988.01,645.99,342.02
O002037,2024-11-23,C0231,West,Wholesale,P0017,Standing Desk,Office Supplies,6,143.29,0.05,816.75,521.7,295.05
O002038,2024-11-23,C0127,North,Retail,P0008,Cookware Set,Home & Kitchen,2,144.8,0.1,260.64,138.18,122.46
O002039,2024-11-23,C0358,East,Online,P0016,Ergonomic Chair,Office Supplies,1,85.32,0.05,81.05,51.43,29.62
O002040,2024-11-23,C0003,South,Online,P0003,Bluetooth Speaker,Electronics,4,365.93,0.05,1390.53,861.32,529.21
O002041,2024-11-23,C0254,West,Retail,P0013,Backpack,Apparel,6,282.71,0.0,1696.26,1204.44,491.82
O002042,2024-11-23,C0365,North,Retail,P0011,Running Shoes,Apparel,3,291.03,0.15,742.13,405.96,336.17
O002043,2024-11-23,C0171,East,Retail,P0001,Wireless Earbuds,Electronics,6,46.85,0.2,224.88,145.08,79.8
O002044,2024-11-23,C0148,North,Online,P0004,Power Bank,Electronics,4,156.84,0.15,533.26,456.96,76.3
O002045,2024-11-23,C0023,West,Wholesale,P0012,Denim Jacket,Apparel,2,97.06,0.1,174.71,113.64,61.07
O002046,2024-11-23,C0351,East,Online,P0010,Coffee Maker,Home & Kitchen,7,276.64,0.05,1839.66,1437.94,401.72
O002047,2024-11-23,C0171,East,Retail,P0009,Vacuum Cleaner,Home & Kitchen,5,86.66,0.15,368.3,266.2,102.1
O002048,2024-11-24,C0161,North,Online,P0019,Desk Organizer,Office Supplies,2,260.68,0.2,417.09,341.9,75.19
O002049,2024-11-24,C0041,North,Wholesale,P0012,Denim Jacket,Apparel,6,97.06,0.0,582.36,340.92,241.44
O002050,2024-11-24,C0303,West,Retail,P0012,Denim Jacket,Apparel,2,97.06,0.0,194.12,113.64,80.48
O002051,2024-11-24,C0096,East,Retail,P0020,Monitor Arm,Office Supplies,7,193.94,0.0,1357.58,905.8,451.78
O002052,2024-11-24,C0160,West,Wholesale,P0015,Wallet,Apparel,5,245.76,0.15,1044.48,749.15,295.33
O002053,2024-11-24,C0237,South,Online,P0016,Ergonomic Chair,Office Supplies,7,85.32,0.1,537.52,360.01,177.51
O002054,2024-11-25,C0189,South,Wholesale,P0012,Denim Jacket,Apparel,6,97.06,0.1,524.12,340.92,183.2
O002055,2024-11-25,C0055,North,Retail,P0017,Standing Desk,Office Supplies,4,143.29,0.05,544.5,347.8,196.7
O002056,2024-11-25,C0346,South,Online,P0009,Vacuum Cleaner,Home & Kitchen,2,86.66,0.0,173.32,106.48,66.84
O002057,2024-11-25,C0356,North,Wholesale,P0006,Air Fryer,Home & Kitchen,4,298.69,0.15,1015.55,608.0,407.55
O002058,2024-11-25,C0131,West,Wholesale,P0007,Blender,Home & Kitchen,5,121.55,0.15,516.59,443.8,72.79
O002059,2024-11-25,C0251,East,Online,P0012,Denim Jacket,Apparel,5,97.06,0.05,461.04,284.1,176.94
O002060,2024-11-25,C0305,East,Retail,P0011,Running Shoes,Apparel,7,291.03,0.15,1731.63,947.24,784.39
O002061,2024-11-25,C0266,South,Retail,P0003,Bluetooth Speaker,Electronics,2,365.93,0.05,695.27,430.66,264.61
O002062,2024-11-25,C0198,South,Online,P0004,Power Bank,Electronics,7,156.84,0.0,1097.88,799.68,298.2
O002063,2024-11-25,C0052,North,Retail,P0006,Air Fryer,Home & Kitchen,5,298.69,0.0,1493.45,760.0,733.45
O002064,2024-11-26,C0388,South,Retail,P0012,Denim Jacket,Apparel,6,97.06,0.1,524.12,340.92,183.2
O002065,2024-11-26,C0180,South,Online,P0013,Backpack,Apparel,3,282.71,0.0,848.13,602.22,245.91
O002066,2024-11-26,C0272,West,Retail,P0005,Laptop Stand,Electronics,2,108.18,0.0,216.36,129.82,86.54
O002067,2024-11-26,C0097,West,Retail,P0011,Running Shoes,Apparel,5,291.03,0.0,1455.15,676.6,778.55
O002068,2024-11-26,C0018,West,Wholesale,P0018,Notebook Set,Office Supplies,2,171.61,0.05,326.06,171.14,154.92
O002069,2024-11-26,C0106,West,Retail,P0013,Backpack,Apparel,2,282.71,0.0,565.42,401.48,163.94
O002070,2024-11-26,C0066,South,Retail,P0008,Cookware Set,Home & Kitchen,5,144.8,0.05,687.8,345.45,342.35
O002071,2024-11-26,C0126,North,Retail,P0016,Ergonomic Chair,Office Supplies,1,85.32,0.05,81.05,51.43,29.62
O002072,2024-11-26,C0242,North,Online,P0003,Bluetooth Speaker,Electronics,1,365.93,0.1,329.34,215.33,114.01
O002073,2024-11-26,C0070,North,Wholesale,P0005,Laptop Stand,Electronics,6,108.18,0.15,551.72,389.46,162.26
O002074,2024-11-26,C0171,East,Retail,P0014,Sunglasses,Apparel,5,226.65,0.1,1019.92,594.8,425.12
O002075,2024-11-27,C0170,North,Wholesale,P0008,Cookware Set,Home & Kitchen,6,144.8,0.0,868.8,414.54,454.26
O002076,2024-11-27,C0045,West,Retail,P0003,Bluetooth Speaker,Electronics,2,365.93,0.15,622.08,430.66,191.42
O002077,2024-11-27,C0351,East,Online,P0011,Running Shoes,Apparel,3,291.03,0.1,785.78,405.96,379.82
O002078,2024-11-27,C0126,North,Retail,P0003,Bluetooth Speaker,Electronics,5,365.93,0.1,1646.69,1076.65,570.04
O002079,2024-11-27,C0248,North,Retail,P0005,Laptop Stand,Electronics,1,108.18,0.15,91.95,64.91,27.04
O002080,2024-11-27,C0145,West,Retail,P0011,Running Shoes,Apparel,4,291.03,0.05,1105.91,541.28,564.63
O002081,2024-11-28,C0187,West,Online,P0015,Wallet,Apparel,7,245.76,0.05,1634.3,1048.81,585.49
O002082,2024-11-28,C0346,South,Online,P0008,Cookware Set,Home & Kitchen,1,144.8,0.2,115.84,69.09,46.75
O002083,2024-11-28,C0331,North,Online,P0007,Blender,Home & Kitchen,7,121.55,0.15,723.22,621.32,101.9
O002084,2024-11-28,C0028,South,Wholesale,P0006,Air Fryer,Home & Kitchen,2,298.69,0.05,567.51,304.0,263.51
O002085,2024-11-28,C0138,East,Retail,P0011,Running Shoes,Apparel,7,291.03,0.05,1935.35,947.24,988.11
O002086,2024-11-28,C0295,South,Online,P0006,Air Fryer,Home & Kitchen,2,298.69,0.0,597.38,304.0,293.38
O002087,2024-11-28,C0080,East,Wholesale,P0006,Air Fryer,Home & Kitchen,6,298.69,0.0,1792.14,912.0,880.14
O002088,2024-11-28,C0234,North,Retail,P0001,Wireless Earbuds,Electronics,1,46.85,0.0,46.85,24.18,22.67
O002089,2024-11-28,C0130,North,Online,P0014,Sunglasses,Apparel,6,226.65,0.2,1087.92,713.76,374.16
O002090,2024-11-28,C0163,West,Retail,P0019,Desk Organizer,Office Supplies,1,260.68,0.0,260.68,170.95,89.73
O002091,2024-11-29,C0085,East,Retail,P0004,Power Bank,Electronics,5,156.84,0.05,744.99,571.2,173.79
O002092,2024-11-29,C0019,North,Retail,P0015,Wallet,Apparel,6,245.76,0.0,1474.56,898.98,575.58
O002093,2024-11-29,C0223,West,Wholesale,P0001,Wireless Earbuds,Electronics,3,46.85,0.0,140.55,72.54,68.01
O002094,2024-11-29,C0199,West,Retail,P0015,Wallet,Apparel,2,245.76,0.1,442.37,299.66,142.71
O002095,2024-11-29,C0084,East,Online,P0011,Running Shoes,Apparel,1,291.03,0.1,261.93,135.32,126.61
O002096,2024-11-29,C0338,East,Retail,P0014,Sunglasses,Apparel,4,226.65,0.05,861.27,475.84,385.43
O002097,2024-11-30,C0052,North,Retail,P0006,Air Fryer,Home & Kitchen,6,298.69,0.0,1792.14,912.0,880.14
O002098,2024-11-30,C0201,North,Wholesale,P0018,Notebook Set,Office Supplies,3,171.61,0.05,489.09,256.71,232.38
O002099,2024-11-30,C0215,North,Retail,P0008,Cookware Set,Home & Kitchen,2,144.8,0.0,289.6,138.18,151.42
O002100,2024-11-30,C0010,East,Online,P0018,Notebook Set,Office Supplies,2,171.61,0.1,308.9,171.14,137.76
O002101,2024-11-30,C0320,South,Retail,P0009,Vacuum Cleaner,Home & Kitchen,4,86.66,0.0,346.64,212.96,133.68
O002102,2024-11-30,C0279,North,Retail,P0012,Denim Jacket,Apparel,5,97.06,0.05,461.04,284.1,176.94
O002103,2024-11-30,C0247,North,Wholesale,P0002,Smart Watch,Electronics,7,189.4,0.2,1060.64,706.58,354.06
O002104,2024-11-30,C0138,East,Retail,P0004,Power Bank,Electronics,3,156.84,0.0,470.52,342.72,127.8
O002105,2024-11-30,C0107,East,Retail,P0002,Smart Watch,Electronics,1,189.4,0.0,189.4,100.94,88.46
O002106,2024-11-30,C0226,East,Wholesale,P0020,Monitor Arm,Office Supplies,5,193.94,0.0,969.7,647.0,322.7
O002107,2024-11-30,C0016,West,Retail,P0012,Denim Jacket,Apparel,2,97.06,0.2,155.3,113.64,41.66
O002108,2024-11-30,C0292,East,Retail,P0015,Wallet,Apparel,6,245.76,0.0,1474.56,898.98,575.58
O002109,2024-11-30,C0362,East,Online,P0001,Wireless Earbuds,Electronics,4,46.85,0.15,159.29,96.72,62.57
O002110,2024-12-01,C0396,South,Retail,P0010,Coffee Maker,Home & Kitchen,4,276.64,0.0,1106.56,821.68,284.88
O002111,2024-12-01,C0167,South,Retail,P0010,Coffee Maker,Home & Kitchen,5,276.64,0.0,1383.2,1027.1,356.1
O002112,2024-12-01,C0054,North,Retail,P0004,Power Bank,Electronics,3,156.84,0.0,470.52,342.72,127.8
O002113,2024-12-01,C0396,South,Retail,P0003,Bluetooth Speaker,Electronics,7,365.93,0.05,2433.43,1507.31,926.12
O002114,2024-12-01,C0139,South,Wholesale,P0009,Vacuum Cleaner,Home & Kitchen,5,86.66,0.1,389.97,266.2,123.77
O002115,2024-12-01,C0215,North,Retail,P0014,Sunglasses,Apparel,6,226.65,0.05,1291.9,713.76,578.14
O002116,2024-12-01,C0067,West,Retail,P0019,Desk Organizer,Office Supplies,5,260.68,0.15,1107.89,854.75,253.14
O002117,2024-12-01,C0090,West,Retail,P0010,Coffee Maker,Home & Kitchen,1,276.64,0.0,276.64,205.42,71.22
O002118,2024-12-01,C0061,North,Online,P0014,Sunglasses,Apparel,6,226.65,0.0,1359.9,713.76,646.14
O002119,2024-12-01,C0114,West,Retail,P0018,Notebook Set,Office Supplies,6,171.61,0.1,926.69,513.42,413.27
O002120,2024-12-02,C0278,East,Online,P0005,Laptop Stand,Electronics,6,108.18,0.1,584.17,389.46,194.71
O002121,2024-12-02,C0192,West,Online,P0003,Bluetooth Speaker,Electronics,6,365.93,0.15,1866.24,1291.98,574.26
O002122,2024-12-02,C0203,West,Online,P0017,Standing Desk,Office Supplies,2,143.29,0.0,286.58,173.9,112.68
O002123,2024-12-02,C0183,West,Retail,P0003,Bluetooth Speaker,Electronics,7,365.93,0.05,2433.43,1507.31,926.12
O002124,2024-12-02,C0059,East,Online,P0012,Denim Jacket,Apparel,7,97.06,0.0,679.42,397.74,281.68
O002125,2024-12-02,C0301,East,Retail,P0008,Cookware Set,Home & Kitchen,3,144.8,0.1,390.96,207.27,183.69
O002126,2024-12-02,C0276,South,Wholesale,P0009,Vacuum Cleaner,Home & Kitchen,3,86.66,0.0,259.98,159.72,100.26
O002127,2024-12-02,C0177,South,Online,P0019,Desk Organizer,Office Supplies,5,260.68,0.0,1303.4,854.75,448.65
O002128,2024-12-02,C0008,South,Retail,P0011,Running Shoes,Apparel,5,291.03,0.0,1455.15,676.6,778.55
O002129,2024-12-03,C0334,South,Retail,P0016,Ergonomic Chair,Office Supplies,3,85.32,0.0,255.96,154.29,101.67
O002130,2024-12-03,C0014,West,Online,P0020,Monitor Arm,Office Supplies,7,193.94,0.0,1357.58,905.8,451.78
O002131,2024-12-03,C0141,North,Online,P0004,Power Bank,Electronics,4,156.84,0.1,564.62,456.96,107.66
O002132,2024-12-03,C0107,East,Retail,P0001,Wireless Earbuds,Electronics,6,46.85,0.0,281.1,145.08,136.02
O002133,2024-12-03,C0291,East,Online,P0010,Coffee Maker,Home & Kitchen,1,276.64,0.1,248.98,205.42,43.56
O002134,2024-12-03,C0176,South,Online,P0019,Desk Organizer,Office Supplies,3,260.68,0.05,742.94,512.85,230.09
O002135,2024-12-03,C0362,East,Online,P0007,Blender,Home & Kitchen,7,121.55,0.0,850.85,621.32,229.53
O002136,2024-12-03,C0095,East,Online,P0020,Monitor Arm,Office Supplies,1,193.94,0.0,193.94,129.4,64.54
O002137,2024-12-03,C0137,West,Online,P0007,Blender,Home & Kitchen,1,121.55,0.05,115.47,88.76,26.71
O002138,2024-12-03,C0055,North,Retail,P0014,Sunglasses,Apparel,2,226.65,0.0,453.3,237.92,215.38
O002139,2024-12-04,C0138,East,Retail,P0009,Vacuum Cleaner,Home & Kitchen,2,86.66,0.15,147.32,106.48,40.84
O002140,2024-12-04,C0182,South,Retail,P0009,Vacuum Cleaner,Home & Kitchen,5,86.66,0.05,411.63,266.2,145.43
O002141,2024-12-04,C0155,East,Retail,P0018,Notebook Set,Office Supplies,7,171.61,0.1,1081.14,598.99,482.15
O002142,2024-12-04,C0379,West,Online,P0008,Cookware Set,Home & Kitchen,5,144.8,0.15,615.4,345.45,269.95
O002143,2024-12-04,C0013,East,Retail,P0003,Bluetooth Speaker,Electronics,2,365.93,0.0,731.86,430.66,301.2
O002144,2024-12-04,C0350,East,Online,P0012,Denim Jacket,Apparel,6,97.06,0.1,524.12,340.92,183.2
O002145,2024-12-04,C0001,South,Retail,P0014,Sunglasses,Apparel,4,226.65,0.05,861.27,475.84,385.43
O002146,2024-12-05,C0114,West,Retail,P0015,Wallet,Apparel,4,245.76,0.2,786.43,599.32,187.11
O002147,2024-12-05,C0327,South,Online,P0012,Denim Jacket,Apparel,1,97.06,0.0,97.06,56.82,40.24
O002148,2024-12-05,C0037,East,Wholesale,P0012,Denim Jacket,Apparel,6,97.06,0.15,495.01,340.92,154.09
O002149,2024-12-05,C0107,East,Retail,P0009,Vacuum Cleaner,Home & Kitchen,5,86.66,0.15,368.3,266.2,102.1
O002150,2024-12-05,C0244,East,Online,P0005,Laptop Stand,Electronics,4,108.18,0.0,432.72,259.64,173.08
O002151,2024-12-05,C0214,South,Retail,P0010,Coffee Maker,Home & Kitchen,3,276.64,0.0,829.92,616.26,213.66
O002152,2024-12-05,C0219,North,Retail,P0020,Monitor Arm,Office Supplies,3,193.94,0.05,552.73,388.2,164.53
O002153,2024-12-05,C0008,South,Retail,P0018,Notebook Set,Office Supplies,5,171.61,0.1,772.25,427.85,344.4
O002154,2024-12-05,C0148,North,Online,P0005,Laptop Stand,Electronics,4,108.18,0.0,432.72,259.64,173.08
O002155,2024-12-05,C0055,North,Retail,P0015,Wallet,Apparel,4,245.76,0.1,884.74,599.32,285.42
O002156,2024-12-05,C0017,South,Wholesale,P0019,Desk Organizer,Office Supplies,4,260.68,0.0,1042.72,683.8,358.92
O002157,2024-12-05,C0359,North,Retail,P0020,Monitor Arm,Office Supplies,4,193.94,0.0,775.76,517.6,258.16
O002158,2024-12-05,C0095,East,Online,P0018,Notebook Set,Office Supplies,5,171.61,0.05,815.15,427.85,387.3
O002159,2024-12-06,C0308,East,Retail,P0009,Vacuum Cleaner,Home & Kitchen,5,86.66,0.2,346.64,266.2,80.44
O002160,2024-12-06,C0022,South,Online,P0014,Sunglasses,Apparel,5,226.65,0.05,1076.59,594.8,481.79
O002161,2024-12-06,C0234,North,Retail,P0001,Wireless Earbuds,Electronics,4,46.85,0.0,187.4,96.72,90.68
O002162,2024-12-06,C0136,South,Online,P0006,Air Fryer,Home & Kitchen,4,298.69,0.1,1075.28,608.0,467.28
O002163,2024-12-06,C0352,West,Retail,P0006,Air Fryer,Home & Kitchen,2,298.69,0.05,567.51,304.0,263.51
O002164,2024-12-06,C0374,West,Retail,P0006,Air Fryer,Home & Kitchen,3,298.69,0.0,896.07,456.0,440.07
O002165,2024-12-06,C0013,East,Retail,P0012,Denim Jacket,Apparel,4,97.06,0.05,368.83,227.28,141.55
O002166,2024-12-06,C0226,East,Wholesale,P0008,Cookware Set,Home & Kitchen,1,144.8,0.05,137.56,69.09,68.47
O002167,2024-12-07,C0053,West,Retail,P0004,Power Bank,Electronics,6,156.84,0.05,893.99,685.44,208.55
O002168,2024-12-07,C0233,North,Online,P0018,Notebook Set,Office Supplies,4,171.61,0.15,583.47,342.28,241.19
O002169,2024-12-07,C0352,West,Retail,P0016,Ergonomic Chair,Office Supplies,5,85.32,0.15,362.61,257.15,105.46
O002170,2024-12-07,C0390,West,Online,P0019,Desk Organizer,Office Supplies,2,260.68,0.05,495.29,341.9,153.39
O002171,2024-12-07,C0271,North,Online,P0016,Ergonomic Chair,Office Supplies,3,85.32,0.0,255.96,154.29,101.67
O002172,2024-12-07,C0180,South,Online,P0008,Cookware Set,Home & Kitchen,6,144.8,0.05,825.36,414.54,410.82
O002173,2024-12-07,C0250,South,Online,P0009,Vacuum Cleaner,Home & Kitchen,1,86.66,0.0,86.66,53.24,33.42
O002174,2024-12-07,C0127,North,Retail,P0014,Sunglasses,Apparel,4,226.65,0.0,906.6,475.84,430.76
O002175,2024-12-07,C0270,East,Online,P0009,Vacuum Cleaner,Home & Kitchen,6,86.66,0.15,441.97,319.44,122.53
O002176,2024-12-08,C0003,South,Online,P0008,Cookware Set,Home & Kitchen,6,144.8,0.0,868.8,414.54,454.26
O002177,2024-12-08,C0181,West,Wholesale,P0007,Blender,Home & Kitchen,5,121.55,0.0,607.75,443.8,163.95
O002178,2024-12-08,C0324,North,Retail,P0007,Blender,Home & Kitchen,1,121.55,0.15,103.32,88.76,14.56
O002179,2024-12-08,C0235,South,Wholesale,P0018,Notebook Set,Office Supplies,2,171.61,0.1,308.9,171.14,137.76
O002180,2024-12-08,C0069,South,Retail,P0013,Backpack,Apparel,1,282.71,0.05,268.57,200.74,67.83
O002181,2024-12-08,C0271,North,Online,P0016,Ergonomic Chair,Office Supplies,1,85.32,0.0,85.32,51.43,33.89
O002182,2024-12-08,C0135,West,Wholesale,P0015,Wallet,Apparel,6,245.76,0.05,1400.83,898.98,501.85
O002183,2024-12-08,C0399,South,Online,P0008,Cookware Set,Home & Kitchen,5,144.8,0.0,724.0,345.45,378.55
O002184,2024-12-08,C0027,North,Online,P0002,Smart Watch,Electronics,5,189.4,0.05,899.65,504.7,394.95
O002185,2024-12-09,C0269,North,Online,P0011,Running Shoes,Apparel,5,291.03,0.1,1309.64,676.6,633.04
O002186,2024-12-09,C0289,North,Online,P0003,Bluetooth Speaker,Electronics,5,365.93,0.0,1829.65,1076.65,753.0
O002187,2024-12-09,C0376,North,Online,P0006,Air Fryer,Home & Kitchen,3,298.69,0.1,806.46,456.0,350.46
O002188,2024-12-09,C0162,West,Online,P0011,Running Shoes,Apparel,6,291.03,0.05,1658.87,811.92,846.95
O002189,2024-12-09,C0372,West,Wholesale,P0019,Desk Organizer,Office Supplies,1,260.68,0.1,234.61,170.95,63.66
O002190,2024-12-09,C0370,North,Wholesale,P0015,Wallet,Apparel,1,245.76,0.05,233.47,149.83,83.64
O002191,2024-12-09,C0013,East,Retail,P0004,Power Bank,Electronics,2,156.84,0.0,313.68,228.48,85.2
O002192,2024-12-09,C0363,West,Wholesale,P0016,Ergonomic Chair,Office Supplies,5,85.32,0.1,383.94,257.15,126.79
O002193,2024-12-09,C0051,East,Retail,P0004,Power Bank,Electronics,1,156.84,0.05,149.0,114.24,34.76
O002194,2024-12-09,C0294,West,Retail,P0006,Air Fryer,Home & Kitchen,5,298.69,0.05,1418.78,760.0,658.78
O002195,2024-12-09,C0338,East,Retail,P0008,Cookware Set,Home & Kitchen,1,144.8,0.0,144.8,69.09,75.71
O002196,2024-12-09,C0241,East,Retail,P0011,Running Shoes,Apparel,5,291.03,0.0,1455.15,676.6,778.55
O002197,2024-12-09,C0318,South,Retail,P0007,Blender,Home & Kitchen,3,121.55,0.0,364.65,266.28,98.37
O002198,2024-12-10,C0102,West,Online,P0015,Wallet,Apparel,3,245.76,0.1,663.55,449.49,214.06
O002199,2024-12-10,C0339,West,Retail,P0019,Desk Organizer,Office Supplies,2,260.68,0.15,443.16,341.9,101.26
O002200,2024-12-10,C0136,South,Online,P0020,Monitor Arm,Office Supplies,7,193.94,0.0,1357.58,905.8,451.78
O002201,2024-12-10,C0333,South,Online,P0018,Notebook Set,Office Supplies,6,171.61,0.1,926.69,513.42,413.27
O002202,2024-12-10,C0182,South,Retail,P0004,Power Bank,Electronics,6,156.84,0.05,893.99,685.44,208.55
O002203,2024-12-10,C0005,North,Online,P0011,Running Shoes,Apparel,5,291.03,0.1,1309.64,676.6,633.04
O002204,2024-12-10,C0057,East,Retail,P0012,Denim Jacket,Apparel,2,97.06,0.05,184.41,113.64,70.77
O002205,2024-12-10,C0227,West,Retail,P0016,Ergonomic Chair,Office Supplies,1,85.32,0.1,76.79,51.43,25.36
O002206,2024-12-10,C0354,North,Retail,P0016,Ergonomic Chair,Office Supplies,1,85.32,0.1,76.79,51.43,25.36
O002207,2024-12-10,C0193,West,Online,P0008,Cookware Set,Home & Kitchen,7,144.8,0.05,962.92,483.63,479.29
O002208,2024-12-11,C0014,West,Online,P0003,Bluetooth Speaker,Electronics,7,365.93,0.05,2433.43,1507.31,926.12
O002209,2024-12-11,C0266,South,Retail,P0009,Vacuum Cleaner,Home & Kitchen,2,86.66,0.0,173.32,106.48,66.84
O002210,2024-12-11,C0093,West,Wholesale,P0013,Backpack,Apparel,3,282.71,0.0,848.13,602.22,245.91
O002211,2024-12-11,C0115,West,Wholesale,P0017,Standing Desk,Office Supplies,5,143.29,0.0,716.45,434.75,281.7
O002212,2024-12-11,C0247,North,Wholesale,P0007,Blender,Home & Kitchen,4,121.55,0.05,461.89,355.04,106.85
O002213,2024-12-11,C0248,North,Retail,P0004,Power Bank,Electronics,6,156.84,0.0,941.04,685.44,255.6
O002214,2024-12-11,C0320,South,Retail,P0001,Wireless Earbuds,Electronics,4,46.85,0.1,168.66,96.72,71.94
O002215,2024-12-11,C0261,South,Wholesale,P0018,Notebook Set,Office Supplies,4,171.61,0.15,583.47,342.28,241.19
O002216,2024-12-11,C0123,West,Retail,P0015,Wallet,Apparel,5,245.76,0.0,1228.8,749.15,479.65
O002217,2024-12-12,C0304,South,Online,P0011,Running Shoes,Apparel,5,291.03,0.05,1382.39,676.6,705.79
O002218,2024-12-12,C0206,South,Retail,P0002,Smart Watch,Electronics,5,189.4,0.05,899.65,504.7,394.95
O002219,2024-12-12,C0017,South,Wholesale,P0008,Cookware Set,Home & Kitchen,1,144.8,0.1,130.32,69.09,61.23
O002220,2024-12-12,C0268,West,Retail,P0002,Smart Watch,Electronics,5,189.4,0.0,947.0,504.7,442.3
O002221,2024-12-12,C0123,West,Retail,P0004,Power Bank,Electronics,7,156.84,0.1,988.09,799.68,188.41
O002222,2024-12-12,C0289,North,Online,P0003,Bluetooth Speaker,Electronics,2,365.93,0.1,658.67,430.66,228.01
O002223,2024-12-12,C0125,North,Retail,P0009,Vacuum Cleaner,Home & Kitchen,7,86.66,0.0,606.62,372.68,233.94
O002224,2024-12-12,C0152,East,Online,P0003,Bluetooth Speaker,Electronics,6,365.93,0.2,1756.46,1291.98,464.48
O002225,2024-12-12,C0364,West,Retail,P0005,Laptop Stand,Electronics,7,108.18,0.15,643.67,454.37,189.3
O002226,2024-12-12,C0315,East,Online,P0005,Laptop Stand,Electronics,5,108.18,0.0,540.9,324.55,216.35
O002227,2024-12-12,C0354,North,Retail,P0014,Sunglasses,Apparel,7,226.65,0.15,1348.57,832.72,515.85
O002228,2024-12-13,C0041,North,Wholesale,P0016,Ergonomic Chair,Office Supplies,4,85.32,0.1,307.15,205.72,101.43
O002229,2024-12-13,C0151,West,Wholesale,P0008,Cookware Set,Home & Kitchen,6,144.8,0.0,868.8,414.54,454.26
O002230,2024-12-13,C0157,East,Online,P0001,Wireless Earbuds,Electronics,3,46.85,0.1,126.5,72.54,53.96
O002231,2024-12-13,C0139,South,Wholesale,P0005,Laptop Stand,Electronics,3,108.18,0.0,324.54,194.73,129.81
O002232,2024-12-13,C0222,North,Retail,P0009,Vacuum Cleaner,Home & Kitchen,3,86.66,0.1,233.98,159.72,74.26
O002233,2024-12-13,C0006,South,Retail,P0007,Blender,Home & Kitchen,5,121.55,0.15,516.59,443.8,72.79
O002234,2024-12-13,C0324,North,Retail,P0001,Wireless Earbuds,Electronics,3,46.85,0.15,119.47,72.54,46.93
O002235,2024-12-13,C0091,South,Retail,P0009,Vacuum Cleaner,Home & Kitchen,3,86.66,0.0,259.98,159.72,100.26
O002236,2024-12-13,C0131,West,Wholesale,P0020,Monitor Arm,Office Supplies,3,193.94,0.0,581.82,388.2,193.62
O002237,2024-12-14,C0003,South,Online,P0012,Denim Jacket,Apparel,7,97.06,0.0,679.42,397.74,281.68
O002238,2024-12-14,C0050,East,Online,P0006,Air Fryer,Home & Kitchen,5,298.69,0.05,1418.78,760.0,658.78
O002239,2024-12-14,C0042,North,Online,P0003,Bluetooth Speaker,Electronics,3,365.93,0.1,988.01,645.99,342.02
O002240,2024-12-14,C0102,West,Online,P0018,Notebook Set,Office Supplies,2,171.61,0.05,326.06,171.14,154.92
O002241,2024-12-14,C0038,West,Online,P0015,Wallet,Apparel,5,245.76,0.05,1167.36,749.15,418.21
O002242,2024-12-15,C0261,South,Wholesale,P0020,Monitor Arm,Office Supplies,4,193.94,0.0,775.76,517.6,258.16
O002243,2024-12-15,C0294,West,Retail,P0002,Smart Watch,Electronics,4,189.4,0.15,643.96,403.76,240.2
O002244,2024-12-15,C0351,East,Online,P0011,Running Shoes,Apparel,7,291.03,0.05,1935.35,947.24,988.11
O002245,2024-12-15,C0019,North,Retail,P0014,Sunglasses,Apparel,1,226.65,0.0,226.65,118.96,107.69
O002246,2024-12-15,C0203,West,Online,P0016,Ergonomic Chair,Office Supplies,1,85.32,0.0,85.32,51.43,33.89
O002247,2024-12-15,C0238,West,Wholesale,P0019,Desk Organizer,Office Supplies,3,260.68,0.05,742.94,512.85,230.09
O002248,2024-12-15,C0196,South,Online,P0011,Running Shoes,Apparel,4,291.03,0.0,1164.12,541.28,622.84
O002249,2024-12-15,C0346,South,Online,P0005,Laptop Stand,Electronics,1,108.18,0.1,97.36,64.91,32.45
O002250,2024-12-16,C0240,South,Retail,P0005,Laptop Stand,Electronics,4,108.18,0.15,367.81,259.64,108.17
O002251,2024-12-16,C0152,East,Online,P0017,Standing Desk,Office Supplies,4,143.29,0.1,515.84,347.8,168.04
O002252,2024-12-16,C0039,North,Retail,P0014,Sunglasses,Apparel,6,226.65,0.05,1291.9,713.76,578.14
O002253,2024-12-16,C0067,West,Retail,P0002,Smart Watch,Electronics,5,189.4,0.2,757.6,504.7,252.9
O002254,2024-12-16,C0113,South,Retail,P0003,Bluetooth Speaker,Electronics,5,365.93,0.1,1646.69,1076.65,570.04
O002255,2024-12-16,C0102,West,Online,P0006,Air Fryer,Home & Kitchen,7,298.69,0.05,1986.29,1064.0,922.29
O002256,2024-12-16,C0070,North,Wholesale,P0019,Desk Organizer,Office Supplies,7,260.68,0.05,1733.52,1196.65,536.87
O002257,2024-12-16,C0098,West,Wholesale,P0014,Sunglasses,Apparel,7,226.65,0.2,1269.24,832.72,436.52
O002258,2024-12-17,C0032,West,Retail,P0004,Power Bank,Electronics,6,156.84,0.0,941.04,685.44,255.6
O002259,2024-12-17,C0051,East,Retail,P0004,Power Bank,Electronics,7,156.84,0.2,878.3,799.68,78.62
O002260,2024-12-17,C0258,West,Retail,P0016,Ergonomic Chair,Office Supplies,1,85.32,0.05,81.05,51.43,29.62
O002261,2024-12-17,C0126,North,Retail,P0016,Ergonomic Chair,Office Supplies,3,85.32,0.0,255.96,154.29,101.67
O002262,2024-12-17,C0006,South,Retail,P0014,Sunglasses,Apparel,3,226.65,0.1,611.96,356.88,255.08
O002263,2024-12-17,C0088,North,Online,P0017,Standing Desk,Office Supplies,7,143.29,0.05,952.88,608.65,344.23
O002264,2024-12-17,C0375,East,Retail,P0018,Notebook Set,Office Supplies,6,171.61,0.2,823.73,513.42,310.31
O002265,2024-12-17,C0106,West,Retail,P0002,Smart Watch,Electronics,7,189.4,0.15,1126.93,706.58,420.35
O002266,2024-12-17,C0180,South,Online,P0001,Wireless Earbuds,Electronics,3,46.85,0.0,140.55,72.54,68.01
O002267,2024-12-18,C0154,West,Retail,P0003,Bluetooth Speaker,Electronics,5,365.93,0.0,1829.65,1076.65,753.0
O002268,2024-12-18,C0204,North,Retail,P0006,Air Fryer,Home & Kitchen,7,298.69,0.15,1777.21,1064.0,713.21
O002269,2024-12-18,C0084,East,Online,P0009,Vacuum Cleaner,Home & Kitchen,2,86.66,0.1,155.99,106.48,49.51
O002270,2024-12-18,C0051,East,Retail,P0009,Vacuum Cleaner,Home & Kitchen,2,86.66,0.2,138.66,106.48,32.18
O002271,2024-12-18,C0158,East,Retail,P0002,Smart Watch,Electronics,4,189.4,0.2,606.08,403.76,202.32
O002272,2024-12-18,C0020,South,Retail,P0005,Laptop Stand,Electronics,2,108.18,0.0,216.36,129.82,86.54
O002273,2024-12-18,C0093,West,Wholesale,P0018,Notebook Set,Office Supplies,4,171.61,0.1,617.8,342.28,275.52
O002274,2024-12-18,C0014,West,Online,P0002,Smart Watch,Electronics,5,189.4,0.1,852.3,504.7,347.6
O002275,2024-12-18,C0059,East,Online,P0016,Ergonomic Chair,Office Supplies,2,85.32,0.0,170.64,102.86,67.78
O002276,2024-12-18,C0315,East,Online,P0016,Ergonomic Chair,Office Supplies,3,85.32,0.2,204.77,154.29,50.48
O002277,2024-12-18,C0004,South,Online,P0020,Monitor Arm,Office Supplies,5,193.94,0.15,824.24,647.0,177.24
O002278,2024-12-18,C0119,South,Online,P0019,Desk Organizer,Office Supplies,3,260.68,0.2,625.63,512.85,112.78
O002279,2024-12-19,C0338,East,Retail,P0014,Sunglasses,Apparel,7,226.65,0.1,1427.9,832.72,595.18
O002280,2024-12-19,C0107,East,Retail,P0011,Running Shoes,Apparel,4,291.03,0.1,1047.71,541.28,506.43
O002281,2024-12-19,C0035,North,Retail,P0015,Wallet,Apparel,5,245.76,0.1,1105.92,749.15,356.77
O002282,2024-12-19,C0269,North,Online,P0001,Wireless Earbuds,Electronics,4,46.85,0.0,187.4,96.72,90.68
O002283,2024-12-19,C0165,East,Retail,P0011,Running Shoes,Apparel,7,291.03,0.05,1935.35,947.24,988.11
O002284,2024-12-19,C0327,South,Online,P0006,Air Fryer,Home & Kitchen,6,298.69,0.15,1523.32,912.0,611.32
O002285,2024-12-19,C0367,South,Online,P0007,Blender,Home & Kitchen,3,121.55,0.0,364.65,266.28,98.37
O002286,2024-12-19,C0336,South,Wholesale,P0019,Desk Organizer,Office Supplies,5,260.68,0.05,1238.23,854.75,383.48
O002287,2024-12-19,C0172,South,Online,P0007,Blender,Home & Kitchen,1,121.55,0.1,109.4,88.76,20.64
O002288,2024-12-19,C0281,West,Retail,P0018,Notebook Set,Office Supplies,1,171.61,0.0,171.61,85.57,86.04
O002289,2024-12-19,C0274,North,Online,P0015,Wallet,Apparel,2,245.76,0.05,466.94,299.66,167.28
O002290,2024-12-20,C0019,North,Retail,P0016,Ergonomic Chair,Office Supplies,1,85.32,0.0,85.32,51.43,33.89
O002291,2024-12-20,C0095,East,Online,P0014,Sunglasses,Apparel,7,226.65,0.0,1586.55,832.72,753.83
O002292,2024-12-20,C0322,East,Retail,P0004,Power Bank,Electronics,4,156.84,0.15,533.26,456.96,76.3
O002293,2024-12-20,C0182,South,Retail,P0002,Smart Watch,Electronics,3,189.4,0.0,568.2,302.82,265.38
O002294,2024-12-20,C0389,West,Online,P0020,Monitor Arm,Office Supplies,1,193.94,0.0,193.94,129.4,64.54
O002295,2024-12-20,C0060,West,Retail,P0018,Notebook Set,Office Supplies,7,171.61,0.1,1081.14,598.99,482.15
O002296,2024-12-20,C0175,West,Wholesale,P0015,Wallet,Apparel,3,245.76,0.0,737.28,449.49,287.79
O002297,2024-12-20,C0387,East,Retail,P0005,Laptop Stand,Electronics,4,108.18,0.0,432.72,259.64,173.08
O002298,2024-12-20,C0182,South,Retail,P0012,Denim Jacket,Apparel,6,97.06,0.0,582.36,340.92,241.44
O002299,2024-12-20,C0026,West,Online,P0010,Coffee Maker,Home & Kitchen,4,276.64,0.1,995.9,821.68,174.22
O002300,2024-12-20,C0380,West,Wholesale,P0010,Coffee Maker,Home & Kitchen,7,276.64,0.0,1936.48,1437.94,498.54
O002301,2024-12-20,C0372,West,Wholesale,P0006,Air Fryer,Home & Kitchen,2,298.69,0.0,597.38,304.0,293.38
O002302,2024-12-21,C0207,South,Retail,P0020,Monitor Arm,Office Supplies,7,193.94,0.05,1289.7,905.8,383.9
O002303,2024-12-21,C0316,West,Retail,P0011,Running Shoes,Apparel,7,291.03,0.0,2037.21,947.24,1089.97
O002304,2024-12-21,C0351,East,Online,P0019,Desk Organizer,Office Supplies,5,260.68,0.1,1173.06,854.75,318.31
O002305,2024-12-21,C0111,West,Retail,P0009,Vacuum Cleaner,Home & Kitchen,2,86.66,0.1,155.99,106.48,49.51
O002306,2024-12-21,C0035,North,Retail,P0002,Smart Watch,Electronics,2,189.4,0.0,378.8,201.88,176.92
O002307,2024-12-21,C0243,West,Wholesale,P0019,Desk Organizer,Office Supplies,6,260.68,0.0,1564.08,1025.7,538.38
O002308,2024-12-21,C0057,East,Retail,P0016,Ergonomic Chair,Office Supplies,7,85.32,0.0,597.24,360.01,237.23
O002309,2024-12-21,C0209,South,Online,P0017,Standing Desk,Office Supplies,6,143.29,0.0,859.74,521.7,338.04
O002310,2024-12-21,C0092,East,Retail,P0015,Wallet,Apparel,1,245.76,0.05,233.47,149.83,83.64
O002311,2024-12-21,C0376,North,Online,P0004,Power Bank,Electronics,5,156.84,0.15,666.57,571.2,95.37
O002312,2024-12-21,C0011,West,Online,P0011,Running Shoes,Apparel,3,291.03,0.0,873.09,405.96,467.13
O002313,2024-12-21,C0324,North,Retail,P0008,Cookware Set,Home & Kitchen,1,144.8,0.05,137.56,69.09,68.47
O002314,2024-12-21,C0269,North,Online,P0009,Vacuum Cleaner,Home & Kitchen,6,86.66,0.0,519.96,319.44,200.52
O002315,2024-12-21,C0347,South,Online,P0015,Wallet,Apparel,7,245.76,0.05,1634.3,1048.81,585.49
O002316,2024-12-21,C0148,North,Online,P0012,Denim Jacket,Apparel,6,97.06,0.05,553.24,340.92,212.32
O002317,2024-12-21,C0288,West,Online,P0012,Denim Jacket,Apparel,1,97.06,0.05,92.21,56.82,35.39
O002318,2024-12-22,C0390,West,Online,P0016,Ergonomic Chair,Office Supplies,2,85.32,0.1,153.58,102.86,50.72
O002319,2024-12-22,C0134,East,Online,P0008,Cookware Set,Home & Kitchen,4,144.8,0.1,521.28,276.36,244.92
O002320,2024-12-22,C0154,West,Retail,P0020,Monitor Arm,Office Supplies,3,193.94,0.0,581.82,388.2,193.62
O002321,2024-12-22,C0216,North,Retail,P0009,Vacuum Cleaner,Home & Kitchen,4,86.66,0.0,346.64,212.96,133.68
O002322,2024-12-22,C0209,South,Online,P0010,Coffee Maker,Home & Kitchen,4,276.64,0.2,885.25,821.68,63.57
O002323,2024-12-23,C0182,South,Retail,P0006,Air Fryer,Home & Kitchen,1,298.69,0.05,283.76,152.0,131.76
O002324,2024-12-23,C0256,North,Retail,P0016,Ergonomic Chair,Office Supplies,2,85.32,0.2,136.51,102.86,33.65
O002325,2024-12-23,C0205,South,Wholesale,P0013,Backpack,Apparel,4,282.71,0.05,1074.3,802.96,271.34
O002326,2024-12-23,C0208,West,Online,P0001,Wireless Earbuds,Electronics,3,46.85,0.05,133.52,72.54,60.98
O002327,2024-12-23,C0350,East,Online,P0010,Coffee Maker,Home & Kitchen,5,276.64,0.0,1383.2,1027.1,356.1
O002328,2024-12-23,C0272,West,Retail,P0011,Running Shoes,Apparel,4,291.03,0.0,1164.12,541.28,622.84
O002329,2024-12-23,C0208,West,Online,P0006,Air Fryer,Home & Kitchen,4,298.69,0.0,1194.76,608.0,586.76
O002330,2024-12-24,C0027,North,Online,P0003,Bluetooth Speaker,Electronics,4,365.93,0.2,1170.98,861.32,309.66
O002331,2024-12-24,C0010,East,Online,P0016,Ergonomic Chair,Office Supplies,3,85.32,0.1,230.36,154.29,76.07
O002332,2024-12-24,C0055,North,Retail,P0012,Denim Jacket,Apparel,1,97.06,0.1,87.35,56.82,30.53
O002333,2024-12-24,C0034,West,Online,P0019,Desk Organizer,Office Supplies,2,260.68,0.0,521.36,341.9,179.46
O002334,2024-12-24,C0397,North,Wholesale,P0009,Vacuum Cleaner,Home & Kitchen,5,86.66,0.1,389.97,266.2,123.77
O002335,2024-12-24,C0135,West,Wholesale,P0019,Desk Organizer,Office Supplies,1,260.68,0.1,234.61,170.95,63.66
O002336,2024-12-24,C0349,East,Wholesale,P0008,Cookware Set,Home & Kitchen,5,144.8,0.05,687.8,345.45,342.35
O002337,2024-12-24,C0066,South,Retail,P0001,Wireless Earbuds,Electronics,7,46.85,0.0,327.95,169.26,158.69
O002338,2024-12-24,C0193,West,Online,P0010,Coffee Maker,Home & Kitchen,3,276.64,0.1,746.93,616.26,130.67
O002339,2024-12-24,C0036,South,Retail,P0015,Wallet,Apparel,3,245.76,0.0,737.28,449.49,287.79
O002340,2024-12-24,C0349,East,Wholesale,P0019,Desk Organizer,Office Supplies,2,260.68,0.05,495.29,341.9,153.39
O002341,2024-12-24,C0138,East,Retail,P0001,Wireless Earbuds,Electronics,3,46.85,0.1,126.5,72.54,53.96
O002342,2024-12-24,C0345,East,Retail,P0020,Monitor Arm,Office Supplies,4,193.94,0.2,620.61,517.6,103.01
O002343,2024-12-25,C0249,South,Online,P0013,Backpack,Apparel,2,282.71,0.0,565.42,401.48,163.94
O002344,2024-12-25,C0384,West,Online,P0008,Cookware Set,Home & Kitchen,1,144.8,0.1,130.32,69.09,61.23
O002345,2024-12-25,C0151,West,Wholesale,P0016,Ergonomic Chair,Office Supplies,1,85.32,0.05,81.05,51.43,29.62
O002346,2024-12-25,C0227,West,Retail,P0012,Denim Jacket,Apparel,2,97.06,0.0,194.12,113.64,80.48
O002347,2024-12-25,C0120,North,Online,P0009,Vacuum Cleaner,Home & Kitchen,1,86.66,0.05,82.33,53.24,29.09
O002348,2024-12-25,C0200,North,Retail,P0009,Vacuum Cleaner,Home & Kitchen,3,86.66,0.0,259.98,159.72,100.26
O002349,2024-12-26,C0246,East,Retail,P0010,Coffee Maker,Home & Kitchen,6,276.64,0.0,1659.84,1232.52,427.32
O002350,2024-12-26,C0363,West,Wholesale,P0009,Vacuum Cleaner,Home & Kitchen,7,86.66,0.0,606.62,372.68,233.94
O002351,2024-12-26,C0181,West,Wholesale,P0019,Desk Organizer,Office Supplies,7,260.68,0.05,1733.52,1196.65,536.87
O002352,2024-12-26,C0332,North,Wholesale,P0003,Bluetooth Speaker,Electronics,6,365.93,0.05,2085.8,1291.98,793.82
O002353,2024-12-26,C0279,North,Retail,P0009,Vacuum Cleaner,Home & Kitchen,4,86.66,0.05,329.31,212.96,116.35
O002354,2024-12-26,C0264,South,Retail,P0002,Smart Watch,Electronics,4,189.4,0.05,719.72,403.76,315.96
O002355,2024-12-26,C0320,South,Retail,P0010,Coffee Maker,Home & Kitchen,5,276.64,0.1,1244.88,1027.1,217.78
O002356,2024-12-26,C0155,East,Retail,P0013,Backpack,Apparel,7,282.71,0.2,1583.18,1405.18,178.0
O002357,2024-12-26,C0113,South,Retail,P0008,Cookware Set,Home & Kitchen,3,144.8,0.15,369.24,207.27,161.97
O002358,2024-12-26,C0146,West,Wholesale,P0006,Air Fryer,Home & Kitchen,2,298.69,0.1,537.64,304.0,233.64
O002359,2024-12-26,C0282,South,Wholesale,P0008,Cookware Set,Home & Kitchen,2,144.8,0.1,260.64,138.18,122.46
O002360,2024-12-26,C0091,South,Retail,P0020,Monitor Arm,Office Supplies,2,193.94,0.0,387.88,258.8,129.08
O002361,2024-12-26,C0051,East,Retail,P0008,Cookware Set,Home & Kitchen,1,144.8,0.15,123.08,69.09,53.99
O002362,2024-12-27,C0276,South,Wholesale,P0002,Smart Watch,Electronics,3,189.4,0.2,454.56,302.82,151.74
O002363,2024-12-27,C0197,East,Retail,P0009,Vacuum Cleaner,Home & Kitchen,1,86.66,0.0,86.66,53.24,33.42
O002364,2024-12-27,C0182,South,Retail,P0015,Wallet,Apparel,4,245.76,0.15,835.58,599.32,236.26
O002365,2024-12-27,C0355,West,Wholesale,P0019,Desk Organizer,Office Supplies,4,260.68,0.0,1042.72,683.8,358.92
O002366,2024-12-27,C0370,North,Wholesale,P0003,Bluetooth Speaker,Electronics,5,365.93,0.0,1829.65,1076.65,753.0
O002367,2024-12-27,C0167,South,Retail,P0015,Wallet,Apparel,5,245.76,0.1,1105.92,749.15,356.77
O002368,2024-12-27,C0043,West,Retail,P0001,Wireless Earbuds,Electronics,7,46.85,0.0,327.95,169.26,158.69
O002369,2024-12-27,C0091,South,Retail,P0018,Notebook Set,Office Supplies,2,171.61,0.1,308.9,171.14,137.76
O002370,2024-12-27,C0106,West,Retail,P0009,Vacuum Cleaner,Home & Kitchen,1,86.66,0.1,77.99,53.24,24.75
O002371,2024-12-27,C0193,West,Online,P0013,Backpack,Apparel,3,282.71,0.0,848.13,602.22,245.91
O002372,2024-12-27,C0087,South,Wholesale,P0006,Air Fryer,Home & Kitchen,1,298.69,0.0,298.69,152.0,146.69
O002373,2024-12-27,C0251,East,Online,P0009,Vacuum Cleaner,Home & Kitchen,3,86.66,0.05,246.98,159.72,87.26
O002374,2024-12-27,C0189,South,Wholesale,P0001,Wireless Earbuds,Electronics,1,46.85,0.15,39.82,24.18,15.64
O002375,2024-12-27,C0142,South,Online,P0017,Standing Desk,Office Supplies,1,143.29,0.05,136.13,86.95,49.18
O002376,2024-12-27,C0272,West,Retail,P0007,Blender,Home & Kitchen,3,121.55,0.0,364.65,266.28,98.37
O002377,2024-12-27,C0267,West,Retail,P0016,Ergonomic Chair,Office Supplies,5,85.32,0.1,383.94,257.15,126.79
O002378,2024-12-27,C0164,North,Retail,P0010,Coffee Maker,Home & Kitchen,3,276.64,0.05,788.42,616.26,172.16
O002379,2024-12-27,C0367,South,Online,P0018,Notebook Set,Office Supplies,5,171.61,0.05,815.15,427.85,387.3
O002380,2024-12-27,C0057,East,Retail,P0014,Sunglasses,Apparel,1,226.65,0.0,226.65,118.96,107.69
O002381,2024-12-27,C0241,East,Retail,P0012,Denim Jacket,Apparel,7,97.06,0.05,645.45,397.74,247.71
O002382,2024-12-28,C0071,East,Retail,P0006,Air Fryer,Home & Kitchen,4,298.69,0.0,1194.76,608.0,586.76
O002383,2024-12-28,C0213,West,Retail,P0003,Bluetooth Speaker,Electronics,6,365.93,0.2,1756.46,1291.98,464.48
O002384,2024-12-28,C0012,North,Retail,P0004,Power Bank,Electronics,5,156.84,0.05,744.99,571.2,173.79
O002385,2024-12-28,C0078,South,Wholesale,P0004,Power Bank,Electronics,2,156.84,0.0,313.68,228.48,85.2
O002386,2024-12-28,C0302,North,Online,P0017,Standing Desk,Office Supplies,4,143.29,0.1,515.84,347.8,168.04
O002387,2024-12-28,C0086,West,Online,P0014,Sunglasses,Apparel,3,226.65,0.0,679.95,356.88,323.07
O002388,2024-12-28,C0042,North,Online,P0017,Standing Desk,Office Supplies,6,143.29,0.1,773.77,521.7,252.07
O002389,2024-12-28,C0301,East,Retail,P0019,Desk Organizer,Office Supplies,6,260.68,0.1,1407.67,1025.7,381.97
O002390,2024-12-28,C0268,West,Retail,P0014,Sunglasses,Apparel,6,226.65,0.15,1155.92,713.76,442.16
O002391,2024-12-29,C0285,South,Retail,P0001,Wireless Earbuds,Electronics,3,46.85,0.15,119.47,72.54,46.93
O002392,2024-12-29,C0116,South,Retail,P0014,Sunglasses,Apparel,3,226.65,0.05,645.95,356.88,289.07
O002393,2024-12-29,C0303,West,Retail,P0017,Standing Desk,Office Supplies,6,143.29,0.0,859.74,521.7,338.04
O002394,2024-12-29,C0202,North,Wholesale,P0006,Air Fryer,Home & Kitchen,7,298.69,0.0,2090.83,1064.0,1026.83
O002395,2024-12-29,C0029,West,Online,P0017,Standing Desk,Office Supplies,4,143.29,0.15,487.19,347.8,139.39
O002396,2024-12-29,C0039,North,Retail,P0010,Coffee Maker,Home & Kitchen,4,276.64,0.0,1106.56,821.68,284.88
O002397,2024-12-29,C0208,West,Online,P0008,Cookware Set,Home & Kitchen,4,144.8,0.05,550.24,276.36,273.88
O002398,2024-12-29,C0390,West,Online,P0018,Notebook Set,Office Supplies,4,171.61,0.0,686.44,342.28,344.16
O002399,2024-12-30,C0009,North,Online,P0015,Wallet,Apparel,7,245.76,0.0,1720.32,1048.81,671.51
O002400,2024-12-30,C0276,South,Wholesale,P0009,Vacuum Cleaner,Home & Kitchen,5,86.66,0.1,389.97,266.2,123.77
O002401,2024-12-30,C0001,South,Retail,P0002,Smart Watch,Electronics,1,189.4,0.2,151.52,100.94,50.58
O002402,2024-12-30,C0242,North,Online,P0003,Bluetooth Speaker,Electronics,6,365.93,0.1,1976.02,1291.98,684.04
O002403,2024-12-30,C0326,North,Wholesale,P0014,Sunglasses,Apparel,7,226.65,0.15,1348.57,832.72,515.85
O002404,2024-12-30,C0328,West,Online,P0017,Standing Desk,Office Supplies,3,143.29,0.05,408.38,260.85,147.53
O002405,2024-12-30,C0362,East,Online,P0014,Sunglasses,Apparel,1,226.65,0.0,226.65,118.96,107.69
O002406,2024-12-31,C0136,South,Online,P0017,Standing Desk,Office Supplies,7,143.29,0.1,902.73,608.65,294.08
O002407,2024-12-31,C0271,North,Online,P0017,Standing Desk,Office Supplies,3,143.29,0.0,429.87,260.85,169.02
O002408,2024-12-31,C0185,North,Retail,P0019,Desk Organizer,Office Supplies,3,260.68,0.0,782.04,512.85,269.19
O002409,2024-12-31,C0235,South,Wholesale,P0002,Smart Watch,Electronics,4,189.4,0.05,719.72,403.76,315.96
O002410,2024-12-31,C0080,East,Wholesale,P0003,Bluetooth Speaker,Electronics,5,365.93,0.0,1829.65,1076.65,753.0
O002411,2024-12-31,C0173,South,Online,P0002,Smart Watch,Electronics,5,189.4,0.0,947.0,504.7,442.3
O002412,2024-12-31,C0327,South,Online,P0016,Ergonomic Chair,Office Supplies,7,85.32,0.15,507.65,360.01,147.64
O002413,2024-12-31,C0302,North,Online,P0019,Desk Organizer,Office Supplies,2,260.68,0.0,521.36,341.9,179.46
O002414,2024-12-31,C0164,North,Retail,P0011,Running Shoes,Apparel,6,291.03,0.05,1658.87,811.92,846.95
O002415,2024-12-31,C0018,West,Wholesale,P0014,Sunglasses,Apparel,4,226.65,0.0,906.6,475.84,430.76
O002416,2024-12-31,C0070,North,Wholesale,P0011,Running Shoes,Apparel,6,291.03,0.15,1484.25,811.92,672.33
O002417,2025-01-01,C0082,West,Online,P0015,Wallet,Apparel,5,245.76,0.0,1228.8,749.15,479.65
O002418,2025-01-01,C0175,West,Wholesale,P0014,Sunglasses,Apparel,7,226.65,0.0,1586.55,832.72,753.83
O002419,2025-01-01,C0126,North,Retail,P0013,Backpack,Apparel,6,282.71,0.15,1441.82,1204.44,237.38
O002420,2025-01-01,C0023,West,Wholesale,P0010,Coffee Maker,Home & Kitchen,3,276.64,0.15,705.43,616.26,89.17
O002421,2025-01-01,C0281,West,Retail,P0020,Monitor Arm,Office Supplies,6,193.94,0.05,1105.46,776.4,329.06
O002422,2025-01-01,C0281,West,Retail,P0014,Sunglasses,Apparel,1,226.65,0.2,181.32,118.96,62.36
O002423,2025-01-01,C0176,South,Online,P0018,Notebook Set,Office Supplies,3,171.61,0.0,514.83,256.71,258.12
O002424,2025-01-01,C0199,West,Retail,P0020,Monitor Arm,Office Supplies,4,193.94,0.05,736.97,517.6,219.37
O002425,2025-01-01,C0008,South,Retail,P0013,Backpack,Apparel,2,282.71,0.05,537.15,401.48,135.67
O002426,2025-01-01,C0093,West,Wholesale,P0005,Laptop Stand,Electronics,1,108.18,0.05,102.77,64.91,37.86
O002427,2025-01-01,C0096,East,Retail,P0007,Blender,Home & Kitchen,7,121.55,0.0,850.85,621.32,229.53
O002428,2025-01-02,C0352,West,Retail,P0020,Monitor Arm,Office Supplies,2,193.94,0.05,368.49,258.8,109.69
O002429,2025-01-02,C0068,East,Retail,P0004,Power Bank,Electronics,4,156.84,0.0,627.36,456.96,170.4
O002430,2025-01-03,C0185,North,Retail,P0016,Ergonomic Chair,Office Supplies,4,85.32,0.0,341.28,205.72,135.56
O002431,2025-01-03,C0022,South,Online,P0015,Wallet,Apparel,5,245.76,0.0,1228.8,749.15,479.65
O002432,2025-01-03,C0048,South,Online,P0020,Monitor Arm,Office Supplies,6,193.94,0.1,1047.28,776.4,270.88
O002433,2025-01-03,C0230,East,Retail,P0020,Monitor Arm,Office Supplies,7,193.94,0.0,1357.58,905.8,451.78
O002434,2025-01-03,C0238,West,Wholesale,P0009,Vacuum Cleaner,Home & Kitchen,4,86.66,0.15,294.64,212.96,81.68
O002435,2025-01-03,C0264,South,Retail,P0005,Laptop Stand,Electronics,2,108.18,0.05,205.54,129.82,75.72
O002436,2025-01-03,C0056,North,Wholesale,P0017,Standing Desk,Office Supplies,3,143.29,0.0,429.87,260.85,169.02
O002437,2025-01-04,C0010,East,Online,P0004,Power Bank,Electronics,3,156.84,0.05,446.99,342.72,104.27
O002438,2025-01-04,C0078,South,Wholesale,P0005,Laptop Stand,Electronics,7,108.18,0.05,719.4,454.37,265.03
O002439,2025-01-04,C0090,West,Retail,P0013,Backpack,Apparel,2,282.71,0.05,537.15,401.48,135.67
O002440,2025-01-04,C0039,North,Retail,P0007,Blender,Home & Kitchen,4,121.55,0.0,486.2,355.04,131.16
O002441,2025-01-04,C0296,North,Wholesale,P0020,Monitor Arm,Office Supplies,5,193.94,0.05,921.22,647.0,274.22
O002442,2025-01-05,C0181,West,Wholesale,P0001,Wireless Earbuds,Electronics,4,46.85,0.0,187.4,96.72,90.68
O002443,2025-01-05,C0332,North,Wholesale,P0009,Vacuum Cleaner,Home & Kitchen,5,86.66,0.0,433.3,266.2,167.1
O002444,2025-01-05,C0294,West,Retail,P0020,Monitor Arm,Office Supplies,1,193.94,0.05,184.24,129.4,54.84
O002445,2025-01-05,C0203,West,Online,P0015,Wallet,Apparel,4,245.76,0.0,983.04,599.32,383.72
O002446,2025-01-05,C0255,West,Retail,P0016,Ergonomic Chair,Office Supplies,4,85.32,0.2,273.02,205.72,67.3
O002447,2025-01-06,C0185,North,Retail,P0018,Notebook Set,Office Supplies,3,171.61,0.2,411.86,256.71,155.15
O002448,2025-01-07,C0270,East,Online,P0020,Monitor Arm,Office Supplies,2,193.94,0.1,349.09,258.8,90.29
O002449,2025-01-07,C0276,South,Wholesale,P0018,Notebook Set,Office Supplies,6,171.61,0.15,875.21,513.42,361.79
O002450,2025-01-07,C0198,South,Online,P0017,Standing Desk,Office Supplies,3,143.29,0.05,408.38,260.85,147.53
O002451,2025-01-07,C0060,West,Retail,P0002,Smart Watch,Electronics,6,189.4,0.05,1079.58,605.64,473.94
O002452,2025-01-07,C0113,South,Retail,P0004,Power Bank,Electronics,2,156.84,0.0,313.68,228.48,85.2
O002453,2025-01-07,C0369,South,Retail,P0007,Blender,Home & Kitchen,4,121.55,0.05,461.89,355.04,106.85
O002454,2025-01-07,C0336,South,Wholesale,P0014,Sunglasses,Apparel,6,226.65,0.05,1291.9,713.76,578.14
O002455,2025-01-07,C0271,North,Online,P0008,Cookware Set,Home & Kitchen,7,144.8,0.1,912.24,483.63,428.61
O002456,2025-01-08,C0217,West,Online,P0014,Sunglasses,Apparel,6,226.65,0.05,1291.9,713.76,578.14
O002457,2025-01-08,C0394,West,Retail,P0012,Denim Jacket,Apparel,4,97.06,0.15,330.0,227.28,102.72
O002458,2025-01-08,C0322,East,Retail,P0008,Cookware Set,Home & Kitchen,5,144.8,0.0,724.0,345.45,378.55
O002459,2025-01-08,C0305,East,Retail,P0020,Monitor Arm,Office Supplies,1,193.94,0.0,193.94,129.4,64.54
O002460,2025-01-08,C0308,East,Retail,P0019,Desk Organizer,Office Supplies,4,260.68,0.0,1042.72,683.8,358.92
O002461,2025-01-08,C0033,East,Online,P0005,Laptop Stand,Electronics,2,108.18,0.05,205.54,129.82,75.72
O002462,2025-01-08,C0190,East,Retail,P0012,Denim Jacket,Apparel,4,97.06,0.0,388.24,227.28,160.96
O002463,2025-01-08,C0127,North,Retail,P0007,Blender,Home & Kitchen,4,121.55,0.0,486.2,355.04,131.16
O002464,2025-01-09,C0294,West,Retail,P0010,Coffee Maker,Home & Kitchen,2,276.64,0.0,553.28,410.84,142.44
O002465,2025-01-09,C0016,West,Retail,P0009,Vacuum Cleaner,Home & Kitchen,7,86.66,0.0,606.62,372.68,233.94
O002466,2025-01-09,C0283,West,Retail,P0003,Bluetooth Speaker,Electronics,7,365.93,0.15,2177.28,1507.31,669.97
O002467,2025-01-09,C0190,East,Retail,P0010,Coffee Maker,Home & Kitchen,2,276.64,0.15,470.29,410.84,59.45
O002468,2025-01-09,C0398,West,Retail,P0019,Desk Organizer,Office Supplies,1,260.68,0.05,247.65,170.95,76.7
O002469,2025-01-09,C0098,West,Wholesale,P0018,Notebook Set,Office Supplies,5,171.61,0.15,729.34,427.85,301.49
O002470,2025-01-09,C0111,West,Retail,P0008,Cookware Set,Home & Kitchen,1,144.8,0.1,130.32,69.09,61.23
O002471,2025-01-09,C0203,West,Online,P0005,Laptop Stand,Electronics,5,108.18,0.0,540.9,324.55,216.35
O002472,2025-01-09,C0376,North,Online,P0004,Power Bank,Electronics,4,156.84,0.05,595.99,456.96,139.03
O002473,2025-01-09,C0068,East,Retail,P0011,Running Shoes,Apparel,5,291.03,0.0,1455.15,676.6,778.55
O002474,2025-01-09,C0241,East,Retail,P0003,Bluetooth Speaker,Electronics,7,365.93,0.1,2305.36,1507.31,798.05
O002475,2025-01-10,C0154,West,Retail,P0001,Wireless Earbuds,Electronics,6,46.85,0.1,252.99,145.08,107.91
O002476,2025-01-10,C0226,East,Wholesale,P0018,Notebook Set,Office Supplies,5,171.61,0.0,858.05,427.85,430.2
O002477,2025-01-10,C0198,South,Online,P0010,Coffee Maker,Home & Kitchen,6,276.64,0.15,1410.86,1232.52,178.34
O002478,2025-01-10,C0369,South,Retail,P0017,Standing Desk,Office Supplies,6,143.29,0.1,773.77,521.7,252.07
O002479,2025-01-11,C0019,North,Retail,P0005,Laptop Stand,Electronics,6,108.18,0.05,616.63,389.46,227.17
O002480,2025-01-11,C0068,East,Retail,P0012,Denim Jacket,Apparel,2,97.06,0.15,165.0,113.64,51.36
O002481,2025-01-11,C0071,East,Retail,P0017,Standing Desk,Office Supplies,3,143.29,0.0,429.87,260.85,169.02
O002482,2025-01-11,C0058,North,Retail,P0002,Smart Watch,Electronics,6,189.4,0.0,1136.4,605.64,530.76
O002483,2025-01-11,C0247,North,Wholesale,P0001,Wireless Earbuds,Electronics,2,46.85,0.15,79.64,48.36,31.28
O002484,2025-01-11,C0354,North,Retail,P0011,Running Shoes,Apparel,7,291.03,0.0,2037.21,947.24,1089.97
O002485,2025-01-12,C0239,West,Online,P0020,Monitor Arm,Office Supplies,4,193.94,0.0,775.76,517.6,258.16
O002486,2025-01-12,C0111,West,Retail,P0019,Desk Organizer,Office Supplies,7,260.68,0.0,1824.76,1196.65,628.11
O002487,2025-01-12,C0064,East,Online,P0018,Notebook Set,Office Supplies,1,171.61,0.05,163.03,85.57,77.46
O002488,2025-01-12,C0040,East,Retail,P0018,Notebook Set,Office Supplies,2,171.61,0.0,343.22,171.14,172.08
O002489,2025-01-12,C0226,East,Wholesale,P0013,Backpack,Apparel,3,282.71,0.0,848.13,602.22,245.91
O002490,2025-01-12,C0106,West,Retail,P0016,Ergonomic Chair,Office Supplies,2,85.32,0.05,162.11,102.86,59.25
O002491,2025-01-12,C0271,North,Online,P0007,Blender,Home & Kitchen,3,121.55,0.0,364.65,266.28,98.37
O002492,2025-01-12,C0056,North,Wholesale,P0017,Standing Desk,Office Supplies,1,143.29,0.05,136.13,86.95,49.18
O002493,2025-01-12,C0379,West,Online,P0009,Vacuum Cleaner,Home & Kitchen,3,86.66,0.1,233.98,159.72,74.26
O002494,2025-01-12,C0161,North,Online,P0011,Running Shoes,Apparel,4,291.03,0.0,1164.12,541.28,622.84
O002495,2025-01-12,C0178,South,Online,P0016,Ergonomic Chair,Office Supplies,3,85.32,0.05,243.16,154.29,88.87
O002496,2025-01-12,C0227,West,Retail,P0020,Monitor Arm,Office Supplies,5,193.94,0.0,969.7,647.0,322.7
O002497,2025-01-12,C0086,West,Online,P0020,Monitor Arm,Office Supplies,7,193.94,0.15,1153.94,905.8,248.14
O002498,2025-01-13,C0231,West,Wholesale,P0010,Coffee Maker,Home & Kitchen,1,276.64,0.0,276.64,205.42,71.22
O002499,2025-01-13,C0057,East,Retail,P0010,Coffee Maker,Home & Kitchen,6,276.64,0.0,1659.84,1232.52,427.32
O002500,2025-01-13,C0194,North,Online,P0020,Monitor Arm,Office Supplies,2,193.94,0.05,368.49,258.8,109.69
O002501,2025-01-13,C0264,South,Retail,P0016,Ergonomic Chair,Office Supplies,5,85.32,0.0,426.6,257.15,169.45
O002502,2025-01-13,C0074,South,Retail,P0017,Standing Desk,Office Supplies,3,143.29,0.1,386.88,260.85,126.03
O002503,2025-01-13,C0335,South,Retail,P0008,Cookware Set,Home & Kitchen,1,144.8,0.0,144.8,69.09,75.71
O002504,2025-01-14,C0363,West,Wholesale,P0009,Vacuum Cleaner,Home & Kitchen,1,86.66,0.2,69.33,53.24,16.09
O002505,2025-01-14,C0208,West,Online,P0014,Sunglasses,Apparel,6,226.65,0.0,1359.9,713.76,646.14
O002506,2025-01-14,C0246,East,Retail,P0015,Wallet,Apparel,2,245.76,0.05,466.94,299.66,167.28
O002507,2025-01-14,C0284,North,Wholesale,P0001,Wireless Earbuds,Electronics,2,46.85,0.05,89.02,48.36,40.66
O002508,2025-01-14,C0317,South,Retail,P0007,Blender,Home & Kitchen,2,121.55,0.05,230.94,177.52,53.42
O002509,2025-01-14,C0061,North,Online,P0005,Laptop Stand,Electronics,1,108.18,0.05,102.77,64.91,37.86
O002510,2025-01-14,C0212,West,Online,P0005,Laptop Stand,Electronics,6,108.18,0.15,551.72,389.46,162.26
O002511,2025-01-15,C0295,South,Online,P0003,Bluetooth Speaker,Electronics,5,365.93,0.0,1829.65,1076.65,753.0
O002512,2025-01-15,C0068,East,Retail,P0001,Wireless Earbuds,Electronics,1,46.85,0.05,44.51,24.18,20.33
O002513,2025-01-15,C0370,North,Wholesale,P0020,Monitor Arm,Office Supplies,2,193.94,0.0,387.88,258.8,129.08
O002514,2025-01-15,C0233,North,Online,P0004,Power Bank,Electronics,4,156.84,0.1,564.62,456.96,107.66
O002515,2025-01-15,C0265,South,Retail,P0018,Notebook Set,Office Supplies,3,171.61,0.0,514.83,256.71,258.12
O002516,2025-01-15,C0306,South,Online,P0010,Coffee Maker,Home & Kitchen,1,276.64,0.15,235.14,205.42,29.72
O002517,2025-01-15,C0387,East,Retail,P0009,Vacuum Cleaner,Home & Kitchen,7,86.66,0.05,576.29,372.68,203.61
O002518,2025-01-16,C0050,East,Online,P0002,Smart Watch,Electronics,4,189.4,0.05,719.72,403.76,315.96
O002519,2025-01-16,C0364,West,Retail,P0013,Backpack,Apparel,5,282.71,0.1,1272.2,1003.7,268.5
O002520,2025-01-16,C0054,North,Retail,P0016,Ergonomic Chair,Office Supplies,3,85.32,0.1,230.36,154.29,76.07
O002521,2025-01-16,C0314,East,Retail,P0004,Power Bank,Electronics,4,156.84,0.0,627.36,456.96,170.4
O002522,2025-01-17,C0135,West,Wholesale,P0009,Vacuum Cleaner,Home & Kitchen,2,86.66,0.15,147.32,106.48,40.84
O002523,2025-01-17,C0075,West,Online,P0012,Denim Jacket,Apparel,7,97.06,0.15,577.51,397.74,179.77
O002524,2025-01-17,C0169,South,Online,P0010,Coffee Maker,Home & Kitchen,3,276.64,0.0,829.92,616.26,213.66
O002525,2025-01-17,C0148,North,Online,P0008,Cookware Set,Home & Kitchen,6,144.8,0.05,825.36,414.54,410.82
O002526,2025-01-17,C0207,South,Retail,P0013,Backpack,Apparel,1,282.71,0.1,254.44,200.74,53.7
O002527,2025-01-18,C0326,North,Wholesale,P0004,Power Bank,Electronics,2,156.84,0.0,313.68,228.48,85.2
O002528,2025-01-18,C0020,South,Retail,P0004,Power Bank,Electronics,7,156.84,0.1,988.09,799.68,188.41
O002529,2025-01-18,C0393,North,Retail,P0014,Sunglasses,Apparel,5,226.65,0.05,1076.59,594.8,481.79
O002530,2025-01-18,C0178,South,Online,P0002,Smart Watch,Electronics,2,189.4,0.05,359.86,201.88,157.98
O002531,2025-01-19,C0149,North,Online,P0010,Coffee Maker,Home & Kitchen,6,276.64,0.15,1410.86,1232.52,178.34
O002532,2025-01-19,C0388,South,Retail,P0003,Bluetooth Speaker,Electronics,3,365.93,0.05,1042.9,645.99,396.91
O002533,2025-01-19,C0228,East,Online,P0013,Backpack,Apparel,7,282.71,0.0,1978.97,1405.18,573.79
O002534,2025-01-19,C0244,East,Online,P0014,Sunglasses,Apparel,3,226.65,0.05,645.95,356.88,289.07
O002535,2025-01-19,C0344,South,Wholesale,P0011,Running Shoes,Apparel,5,291.03,0.0,1455.15,676.6,778.55
O002536,2025-01-19,C0124,East,Wholesale,P0014,Sunglasses,Apparel,7,226.65,0.1,1427.9,832.72,595.18
O002537,2025-01-19,C0160,West,Wholesale,P0020,Monitor Arm,Office Supplies,3,193.94,0.0,581.82,388.2,193.62
O002538,2025-01-20,C0334,South,Retail,P0020,Monitor Arm,Office Supplies,5,193.94,0.05,921.22,647.0,274.22
O002539,2025-01-20,C0164,North,Retail,P0001,Wireless Earbuds,Electronics,2,46.85,0.05,89.02,48.36,40.66
O002540,2025-01-20,C0291,East,Online,P0010,Coffee Maker,Home & Kitchen,2,276.64,0.1,497.95,410.84,87.11
O002541,2025-01-20,C0278,East,Online,P0005,Laptop Stand,Electronics,1,108.18,0.0,108.18,64.91,43.27
O002542,2025-01-20,C0296,North,Wholesale,P0001,Wireless Earbuds,Electronics,5,46.85,0.0,234.25,120.9,113.35
O002543,2025-01-21,C0393,North,Retail,P0009,Vacuum Cleaner,Home & Kitchen,3,86.66,0.05,246.98,159.72,87.26
O002544,2025-01-21,C0386,North,Online,P0019,Desk Organizer,Office Supplies,5,260.68,0.15,1107.89,854.75,253.14
O002545,2025-01-21,C0085,East,Retail,P0018,Notebook Set,Office Supplies,3,171.61,0.05,489.09,256.71,232.38
O002546,2025-01-21,C0069,South,Retail,P0008,Cookware Set,Home & Kitchen,3,144.8,0.0,434.4,207.27,227.13
O002547,2025-01-21,C0231,West,Wholesale,P0011,Running Shoes,Apparel,1,291.03,0.0,291.03,135.32,155.71
O002548,2025-01-21,C0366,East,Online,P0007,Blender,Home & Kitchen,7,121.55,0.1,765.76,621.32,144.44
O002549,2025-01-21,C0089,West,Wholesale,P0016,Ergonomic Chair,Office Supplies,4,85.32,0.0,341.28,205.72,135.56
O002550,2025-01-21,C0324,North,Retail,P0001,Wireless Earbuds,Electronics,6,46.85,0.05,267.04,145.08,121.96
O002551,2025-01-21,C0267,West,Retail,P0005,Laptop Stand,Electronics,5,108.18,0.0,540.9,324.55,216.35
O002552,2025-01-22,C0057,East,Retail,P0004,Power Bank,Electronics,5,156.84,0.0,784.2,571.2,213.0
O002553,2025-01-22,C0113,South,Retail,P0003,Bluetooth Speaker,Electronics,2,365.93,0.05,695.27,430.66,264.61
O002554,2025-01-22,C0391,South,Online,P0016,Ergonomic Chair,Office Supplies,4,85.32,0.0,341.28,205.72,135.56
O002555,2025-01-22,C0073,North,Retail,P0016,Ergonomic Chair,Office Supplies,7,85.32,0.0,597.24,360.01,237.23
O002556,2025-01-22,C0225,South,Wholesale,P0006,Air Fryer,Home & Kitchen,5,298.69,0.05,1418.78,760.0,658.78
O002557,2025-01-22,C0153,North,Online,P0012,Denim Jacket,Apparel,3,97.06,0.05,276.62,170.46,106.16
O002558,2025-01-22,C0052,North,Retail,P0020,Monitor Arm,Office Supplies,1,193.94,0.1,174.55,129.4,45.15
O002559,2025-01-23,C0326,North,Wholesale,P0007,Blender,Home & Kitchen,7,121.55,0.15,723.22,621.32,101.9
O002560,2025-01-23,C0070,North,Wholesale,P0012,Denim Jacket,Apparel,6,97.06,0.1,524.12,340.92,183.2
O002561,2025-01-23,C0123,West,Retail,P0019,Desk Organizer,Office Supplies,4,260.68,0.0,1042.72,683.8,358.92
O002562,2025-01-23,C0321,South,Retail,P0016,Ergonomic Chair,Office Supplies,1,85.32,0.15,72.52,51.43,21.09
O002563,2025-01-24,C0364,West,Retail,P0018,Notebook Set,Office Supplies,1,171.61,0.0,171.61,85.57,86.04
O002564,2025-01-24,C0163,West,Retail,P0015,Wallet,Apparel,1,245.76,0.1,221.18,149.83,71.35
O002565,2025-01-24,C0226,East,Wholesale,P0001,Wireless Earbuds,Electronics,4,46.85,0.1,168.66,96.72,71.94
O002566,2025-01-24,C0227,West,Retail,P0003,Bluetooth Speaker,Electronics,5,365.93,0.15,1555.2,1076.65,478.55
O002567,2025-01-24,C0064,East,Online,P0012,Denim Jacket,Apparel,3,97.06,0.05,276.62,170.46,106.16
O002568,2025-01-24,C0141,North,Online,P0004,Power Bank,Electronics,1,156.84,0.0,156.84,114.24,42.6
O002569,2025-01-24,C0301,East,Retail,P0016,Ergonomic Chair,Office Supplies,6,85.32,0.05,486.32,308.58,177.74
O002570,2025-01-24,C0121,North,Online,P0020,Monitor Arm,Office Supplies,7,193.94,0.0,1357.58,905.8,451.78
O002571,2025-01-25,C0312,East,Retail,P0012,Denim Jacket,Apparel,5,97.06,0.05,461.04,284.1,176.94
O002572,2025-01-25,C0146,West,Wholesale,P0015,Wallet,Apparel,3,245.76,0.05,700.42,449.49,250.93
O002573,2025-01-25,C0145,West,Retail,P0002,Smart Watch,Electronics,7,189.4,0.05,1259.51,706.58,552.93
O002574,2025-01-25,C0051,East,Retail,P0017,Standing Desk,Office Supplies,5,143.29,0.15,608.98,434.75,174.23
O002575,2025-01-25,C0070,North,Wholesale,P0012,Denim Jacket,Apparel,3,97.06,0.1,262.06,170.46,91.6
O002576,2025-01-26,C0244,East,Online,P0002,Smart Watch,Electronics,6,189.4,0.1,1022.76,605.64,417.12
O002577,2025-01-26,C0196,South,Online,P0001,Wireless Earbuds,Electronics,2,46.85,0.0,93.7,48.36,45.34
O002578,2025-01-26,C0284,North,Wholesale,P0007,Blender,Home & Kitchen,6,121.55,0.1,656.37,532.56,123.81
O002579,2025-01-26,C0343,East,Retail,P0012,Denim Jacket,Apparel,7,97.06,0.1,611.48,397.74,213.74
O002580,2025-01-26,C0316,West,Retail,P0007,Blender,Home & Kitchen,3,121.55,0.0,364.65,266.28,98.37
O002581,2025-01-27,C0189,South,Wholesale,P0014,Sunglasses,Apparel,5,226.65,0.05,1076.59,594.8,481.79
O002582,2025-01-27,C0331,North,Online,P0017,Standing Desk,Office Supplies,2,143.29,0.0,286.58,173.9,112.68
O002583,2025-01-27,C0291,East,Online,P0018,Notebook Set,Office Supplies,5,171.61,0.0,858.05,427.85,430.2
O002584,2025-01-28,C0378,East,Online,P0005,Laptop Stand,Electronics,1,108.18,0.05,102.77,64.91,37.86
O002585,2025-01-28,C0194,North,Online,P0008,Cookware Set,Home & Kitchen,6,144.8,0.0,868.8,414.54,454.26
O002586,2025-01-28,C0005,North,Online,P0013,Backpack,Apparel,3,282.71,0.1,763.32,602.22,161.1
O002587,2025-01-28,C0391,South,Online,P0017,Standing Desk,Office Supplies,5,143.29,0.0,716.45,434.75,281.7
O002588,2025-01-28,C0373,West,Wholesale,P0009,Vacuum Cleaner,Home & Kitchen,4,86.66,0.0,346.64,212.96,133.68
O002589,2025-01-28,C0255,West,Retail,P0012,Denim Jacket,Apparel,2,97.06,0.0,194.12,113.64,80.48
O002590,2025-01-28,C0065,North,Retail,P0014,Sunglasses,Apparel,5,226.65,0.2,906.6,594.8,311.8
O002591,2025-01-29,C0178,South,Online,P0014,Sunglasses,Apparel,7,226.65,0.0,1586.55,832.72,753.83
O002592,2025-01-29,C0183,West,Retail,P0012,Denim Jacket,Apparel,1,97.06,0.0,97.06,56.82,40.24
O002593,2025-01-29,C0351,East,Online,P0011,Running Shoes,Apparel,6,291.03,0.05,1658.87,811.92,846.95
O002594,2025-01-29,C0303,West,Retail,P0017,Standing Desk,Office Supplies,4,143.29,0.0,573.16,347.8,225.36
O002595,2025-01-29,C0292,East,Retail,P0011,Running Shoes,Apparel,2,291.03,0.0,582.06,270.64,311.42
O002596,2025-01-30,C0227,West,Retail,P0015,Wallet,Apparel,1,245.76,0.1,221.18,149.83,71.35
O002597,2025-01-30,C0066,South,Retail,P0015,Wallet,Apparel,2,245.76,0.0,491.52,299.66,191.86
O002598,2025-01-30,C0353,West,Wholesale,P0010,Coffee Maker,Home & Kitchen,7,276.64,0.0,1936.48,1437.94,498.54
O002599,2025-01-31,C0379,West,Online,P0015,Wallet,Apparel,7,245.76,0.1,1548.29,1048.81,499.48
O002600,2025-01-31,C0051,East,Retail,P0005,Laptop Stand,Electronics,7,108.18,0.2,605.81,454.37,151.44
O002601,2025-01-31,C0037,East,Wholesale,P0020,Monitor Arm,Office Supplies,1,193.94,0.0,193.94,129.4,64.54
O002602,2025-01-31,C0374,West,Retail,P0007,Blender,Home & Kitchen,5,121.55,0.05,577.36,443.8,133.56
O002603,2025-01-31,C0065,North,Retail,P0008,Cookware Set,Home & Kitchen,4,144.8,0.0,579.2,276.36,302.84
O002604,2025-01-31,C0302,North,Online,P0009,Vacuum Cleaner,Home & Kitchen,6,86.66,0.15,441.97,319.44,122.53
O002605,2025-02-01,C0200,North,Retail,P0010,Coffee Maker,Home & Kitchen,2,276.64,0.1,497.95,410.84,87.11
O002606,2025-02-01,C0171,East,Retail,P0005,Laptop Stand,Electronics,6,108.18,0.0,649.08,389.46,259.62
O002607,2025-02-01,C0345,East,Retail,P0020,Monitor Arm,Office Supplies,2,193.94,0.05,368.49,258.8,109.69
O002608,2025-02-01,C0082,West,Online,P0015,Wallet,Apparel,4,245.76,0.05,933.89,599.32,334.57
O002609,2025-02-02,C0044,East,Online,P0017,Standing Desk,Office Supplies,7,143.29,0.05,952.88,608.65,344.23
O002610,2025-02-02,C0019,North,Retail,P0010,Coffee Maker,Home & Kitchen,7,276.64,0.2,1549.18,1437.94,111.24
O002611,2025-02-02,C0306,South,Online,P0014,Sunglasses,Apparel,4,226.65,0.0,906.6,475.84,430.76
O002612,2025-02-02,C0162,West,Online,P0011,Running Shoes,Apparel,7,291.03,0.0,2037.21,947.24,1089.97
O002613,2025-02-02,C0019,North,Retail,P0006,Air Fryer,Home & Kitchen,1,298.69,0.2,238.95,152.0,86.95
O002614,2025-02-02,C0011,West,Online,P0001,Wireless Earbuds,Electronics,7,46.85,0.15,278.76,169.26,109.5
O002615,2025-02-03,C0018,West,Wholesale,P0014,Sunglasses,Apparel,7,226.65,0.05,1507.22,832.72,674.5
O002616,2025-02-03,C0388,South,Retail,P0014,Sunglasses,Apparel,5,226.65,0.0,1133.25,594.8,538.45
O002617,2025-02-03,C0366,East,Online,P0016,Ergonomic Chair,Office Supplies,3,85.32,0.05,243.16,154.29,88.87
O002618,2025-02-04,C0361,West,Retail,P0011,Running Shoes,Apparel,7,291.03,0.2,1629.77,947.24,682.53
O002619,2025-02-04,C0230,East,Retail,P0016,Ergonomic Chair,Office Supplies,2,85.32,0.0,170.64,102.86,67.78
O002620,2025-02-04,C0277,North,Retail,P0001,Wireless Earbuds,Electronics,6,46.85,0.1,252.99,145.08,107.91
O002621,2025-02-05,C0155,East,Retail,P0018,Notebook Set,Office Supplies,5,171.61,0.05,815.15,427.85,387.3
O002622,2025-02-05,C0327,South,Online,P0006,Air Fryer,Home & Kitchen,1,298.69,0.15,253.89,152.0,101.89
O002623,2025-02-05,C0043,West,Retail,P0005,Laptop Stand,Electronics,2,108.18,0.0,216.36,129.82,86.54
O002624,2025-02-05,C0186,East,Online,P0010,Coffee Maker,Home & Kitchen,2,276.64,0.0,553.28,410.84,142.44
O002625,2025-02-05,C0195,South,Retail,P0012,Denim Jacket,Apparel,2,97.06,0.0,194.12,113.64,80.48
O002626,2025-02-05,C0381,North,Retail,P0002,Smart Watch,Electronics,6,189.4,0.0,1136.4,605.64,530.76
O002627,2025-02-06,C0173,South,Online,P0020,Monitor Arm,Office Supplies,6,193.94,0.1,1047.28,776.4,270.88
O002628,2025-02-07,C0185,North,Retail,P0017,Standing Desk,Office Supplies,1,143.29,0.0,143.29,86.95,56.34
O002629,2025-02-07,C0116,South,Retail,P0002,Smart Watch,Electronics,6,189.4,0.0,1136.4,605.64,530.76
O002630,2025-02-07,C0242,North,Online,P0014,Sunglasses,Apparel,7,226.65,0.05,1507.22,832.72,674.5
O002631,2025-02-07,C0304,South,Online,P0001,Wireless Earbuds,Electronics,4,46.85,0.05,178.03,96.72,81.31
O002632,2025-02-07,C0144,North,Retail,P0009,Vacuum Cleaner,Home & Kitchen,6,86.66,0.05,493.96,319.44,174.52
O002633,2025-02-08,C0186,East,Online,P0005,Laptop Stand,Electronics,5,108.18,0.0,540.9,324.55,216.35
O002634,2025-02-08,C0295,South,Online,P0019,Desk Organizer,Office Supplies,6,260.68,0.0,1564.08,1025.7,538.38
O002635,2025-02-08,C0067,West,Retail,P0009,Vacuum Cleaner,Home & Kitchen,6,86.66,0.1,467.96,319.44,148.52
O002636,2025-02-09,C0322,East,Retail,P0016,Ergonomic Chair,Office Supplies,5,85.32,0.05,405.27,257.15,148.12
O002637,2025-02-09,C0009,North,Online,P0014,Sunglasses,Apparel,7,226.65,0.1,1427.9,832.72,595.18
O002638,2025-02-10,C0389,West,Online,P0019,Desk Organizer,Office Supplies,3,260.68,0.15,664.73,512.85,151.88
O002639,2025-02-10,C0003,South,Online,P0018,Notebook Set,Office Supplies,5,171.61,0.0,858.05,427.85,430.2
O002640,2025-02-10,C0076,North,Retail,P0008,Cookware Set,Home & Kitchen,4,144.8,0.0,579.2,276.36,302.84
O002641,2025-02-10,C0124,East,Wholesale,P0009,Vacuum Cleaner,Home & Kitchen,6,86.66,0.05,493.96,319.44,174.52
O002642,2025-02-11,C0191,East,Online,P0008,Cookware Set,Home & Kitchen,5,144.8,0.05,687.8,345.45,342.35
O002643,2025-02-11,C0156,West,Retail,P0020,Monitor Arm,Office Supplies,4,193.94,0.0,775.76,517.6,258.16
O002644,2025-02-11,C0213,West,Retail,P0012,Denim Jacket,Apparel,5,97.06,0.0,485.3,284.1,201.2
O002645,2025-02-11,C0203,West,Online,P0019,Desk Organizer,Office Supplies,3,260.68,0.1,703.84,512.85,190.99
O002646,2025-02-11,C0106,West,Retail,P0013,Backpack,Apparel,2,282.71,0.0,565.42,401.48,163.94
O002647,2025-02-11,C0375,East,Retail,P0006,Air Fryer,Home & Kitchen,4,298.69,0.05,1135.02,608.0,527.02
O002648,2025-02-11,C0278,East,Online,P0005,Laptop Stand,Electronics,6,108.18,0.05,616.63,389.46,227.17
O002649,2025-02-11,C0005,North,Online,P0014,Sunglasses,Apparel,3,226.65,0.1,611.96,356.88,255.08
O002650,2025-02-11,C0014,West,Online,P0020,Monitor Arm,Office Supplies,5,193.94,0.1,872.73,647.0,225.73
O002651,2025-02-13,C0155,East,Retail,P0006,Air Fryer,Home & Kitchen,2,298.69,0.05,567.51,304.0,263.51
O002652,2025-02-13,C0058,North,Retail,P0013,Backpack,Apparel,2,282.71,0.1,508.88,401.48,107.4
O002653,2025-02-13,C0035,North,Retail,P0020,Monitor Arm,Office Supplies,7,193.94,0.0,1357.58,905.8,451.78
O002654,2025-02-13,C0182,South,Retail,P0007,Blender,Home & Kitchen,6,121.55,0.0,729.3,532.56,196.74
O002655,2025-02-14,C0371,East,Wholesale,P0013,Backpack,Apparel,7,282.71,0.0,1978.97,1405.18,573.79
O002656,2025-02-14,C0301,East,Retail,P0019,Desk Organizer,Office Supplies,5,260.68,0.1,1173.06,854.75,318.31
O002657,2025-02-14,C0271,North,Online,P0006,Air Fryer,Home & Kitchen,2,298.69,0.15,507.77,304.0,203.77
O002658,2025-02-14,C0098,West,Wholesale,P0006,Air Fryer,Home & Kitchen,2,298.69,0.05,567.51,304.0,263.51
O002659,2025-02-15,C0187,West,Online,P0016,Ergonomic Chair,Office Supplies,3,85.32,0.05,243.16,154.29,88.87
O002660,2025-02-15,C0327,South,Online,P0009,Vacuum Cleaner,Home & Kitchen,3,86.66,0.0,259.98,159.72,100.26
O002661,2025-02-15,C0231,West,Wholesale,P0001,Wireless Earbuds,Electronics,6,46.85,0.05,267.04,145.08,121.96
O002662,2025-02-15,C0081,West,Retail,P0003,Bluetooth Speaker,Electronics,3,365.93,0.0,1097.79,645.99,451.8
O002663,2025-02-16,C0360,East,Online,P0003,Bluetooth Speaker,Electronics,7,365.93,0.0,2561.51,1507.31,1054.2
O002664,2025-02-16,C0400,South,Online,P0012,Denim Jacket,Apparel,3,97.06,0.0,291.18,170.46,120.72
O002665,2025-02-16,C0213,West,Retail,P0020,Monitor Arm,Office Supplies,4,193.94,0.0,775.76,517.6,258.16
O002666,2025-02-16,C0089,West,Wholesale,P0004,Power Bank,Electronics,5,156.84,0.0,784.2,571.2,213.0
O002667,2025-02-17,C0310,South,Wholesale,P0005,Laptop Stand,Electronics,4,108.18,0.0,432.72,259.64,173.08
O002668,2025-02-17,C0010,East,Online,P0014,Sunglasses,Apparel,3,226.65,0.0,679.95,356.88,323.07
O002669,2025-02-17,C0230,East,Retail,P0015,Wallet,Apparel,2,245.76,0.05,466.94,299.66,167.28
O002670,2025-02-17,C0290,North,Online,P0019,Desk Organizer,Office Supplies,5,260.68,0.0,1303.4,854.75,448.65
O002671,2025-02-17,C0106,West,Retail,P0009,Vacuum Cleaner,Home & Kitchen,6,86.66,0.0,519.96,319.44,200.52
O002672,2025-02-18,C0156,West,Retail,P0012,Denim Jacket,Apparel,5,97.06,0.05,461.04,284.1,176.94
O002673,2025-02-19,C0104,South,Online,P0013,Backpack,Apparel,2,282.71,0.05,537.15,401.48,135.67
O002674,2025-02-19,C0194,North,Online,P0013,Backpack,Apparel,1,282.71,0.05,268.57,200.74,67.83
O002675,2025-02-19,C0330,South,Retail,P0020,Monitor Arm,Office Supplies,3,193.94,0.1,523.64,388.2,135.44
O002676,2025-02-19,C0264,South,Retail,P0014,Sunglasses,Apparel,2,226.65,0.05,430.64,237.92,192.72
O002677,2025-02-19,C0331,North,Online,P0020,Monitor Arm,Office Supplies,5,193.94,0.1,872.73,647.0,225.73
O002678,2025-02-20,C0055,North,Retail,P0012,Denim Jacket,Apparel,7,97.06,0.05,645.45,397.74,247.71
O002679,2025-02-20,C0335,South,Retail,P0009,Vacuum Cleaner,Home & Kitchen,3,86.66,0.1,233.98,159.72,74.26
O002680,2025-02-20,C0256,North,Retail,P0017,Standing Desk,Office Supplies,1,143.29,0.1,128.96,86.95,42.01
O002681,2025-02-20,C0376,North,Online,P0011,Running Shoes,Apparel,1,291.03,0.05,276.48,135.32,141.16
O002682,2025-02-20,C0282,South,Wholesale,P0015,Wallet,Apparel,7,245.76,0.0,1720.32,1048.81,671.51
O002683,2025-02-21,C0122,East,Retail,P0011,Running Shoes,Apparel,2,291.03,0.15,494.75,270.64,224.11
O002684,2025-02-21,C0015,West,Wholesale,P0004,Power Bank,Electronics,6,156.84,0.05,893.99,685.44,208.55
O002685,2025-02-21,C0005,North,Online,P0003,Bluetooth Speaker,Electronics,1,365.93,0.0,365.93,215.33,150.6
O002686,2025-02-21,C0016,West,Retail,P0003,Bluetooth Speaker,Electronics,2,365.93,0.1,658.67,430.66,228.01
O002687,2025-02-21,C0084,East,Online,P0011,Running Shoes,Apparel,2,291.03,0.05,552.96,270.64,282.32
O002688,2025-02-22,C0271,North,Online,P0009,Vacuum Cleaner,Home & Kitchen,1,86.66,0.05,82.33,53.24,29.09
O002689,2025-02-22,C0056,North,Wholesale,P0002,Smart Watch,Electronics,2,189.4,0.15,321.98,201.88,120.1
O002690,2025-02-22,C0237,South,Online,P0014,Sunglasses,Apparel,6,226.65,0.0,1359.9,713.76,646.14
O002691,2025-02-22,C0151,West,Wholesale,P0003,Bluetooth Speaker,Electronics,4,365.93,0.05,1390.53,861.32,529.21
O002692,2025-02-23,C0366,East,Online,P0016,Ergonomic Chair,Office Supplies,5,85.32,0.0,426.6,257.15,169.45
O002693,2025-02-23,C0321,South,Retail,P0010,Coffee Maker,Home & Kitchen,7,276.64,0.1,1742.83,1437.94,304.89
O002694,2025-02-23,C0279,North,Retail,P0007,Blender,Home & Kitchen,1,121.55,0.1,109.4,88.76,20.64
O002695,2025-02-23,C0245,West,Wholesale,P0001,Wireless Earbuds,Electronics,2,46.85,0.15,79.64,48.36,31.28
O002696,2025-02-23,C0368,North,Wholesale,P0012,Denim Jacket,Apparel,5,97.06,0.0,485.3,284.1,201.2
O002697,2025-02-23,C0158,East,Retail,P0016,Ergonomic Chair,Office Supplies,5,85.32,0.05,405.27,257.15,148.12
O002698,2025-02-23,C0019,North,Retail,P0010,Coffee Maker,Home & Kitchen,1,276.64,0.0,276.64,205.42,71.22
O002699,2025-02-23,C0161,North,Online,P0018,Notebook Set,Office Supplies,6,171.61,0.05,978.18,513.42,464.76
O002700,2025-02-23,C0045,West,Retail,P0001,Wireless Earbuds,Electronics,7,46.85,0.0,327.95,169.26,158.69
O002701,2025-02-24,C0032,West,Retail,P0014,Sunglasses,Apparel,7,226.65,0.0,1586.55,832.72,753.83
O002702,2025-02-24,C0051,East,Retail,P0003,Bluetooth Speaker,Electronics,5,365.93,0.15,1555.2,1076.65,478.55
O002703,2025-02-24,C0206,South,Retail,P0016,Ergonomic Chair,Office Supplies,6,85.32,0.0,511.92,308.58,203.34
O002704,2025-02-24,C0132,North,Online,P0006,Air Fryer,Home & Kitchen,5,298.69,0.1,1344.1,760.0,584.1
O002705,2025-02-25,C0339,West,Retail,P0014,Sunglasses,Apparel,4,226.65,0.05,861.27,475.84,385.43
O002706,2025-02-25,C0022,South,Online,P0007,Blender,Home & Kitchen,2,121.55,0.0,243.1,177.52,65.58
O002707,2025-02-25,C0361,West,Retail,P0007,Blender,Home & Kitchen,7,121.55,0.05,808.31,621.32,186.99
O002708,2025-02-25,C0363,West,Wholesale,P0001,Wireless Earbuds,Electronics,5,46.85,0.0,234.25,120.9,113.35
O002709,2025-02-25,C0381,North,Retail,P0018,Notebook Set,Office Supplies,7,171.61,0.0,1201.27,598.99,602.28
O002710,2025-02-25,C0122,East,Retail,P0004,Power Bank,Electronics,2,156.84,0.05,298.0,228.48,69.52
O002711,2025-02-25,C0217,West,Online,P0012,Denim Jacket,Apparel,3,97.06,0.05,276.62,170.46,106.16
O002712,2025-02-26,C0211,South,Wholesale,P0015,Wallet,Apparel,6,245.76,0.15,1253.38,898.98,354.4
O002713,2025-02-26,C0115,West,Wholesale,P0003,Bluetooth Speaker,Electronics,2,365.93,0.05,695.27,430.66,264.61
O002714,2025-02-26,C0099,South,Wholesale,P0013,Backpack,Apparel,7,282.71,0.0,1978.97,1405.18,573.79
O002715,2025-02-26,C0203,West,Online,P0011,Running Shoes,Apparel,6,291.03,0.0,1746.18,811.92,934.26
O002716,2025-02-26,C0173,South,Online,P0004,Power Bank,Electronics,2,156.84,0.2,250.94,228.48,22.46
O002717,2025-02-27,C0130,North,Online,P0008,Cookware Set,Home & Kitchen,3,144.8,0.1,390.96,207.27,183.69
O002718,2025-02-27,C0064,East,Online,P0009,Vacuum Cleaner,Home & Kitchen,3,86.66,0.1,233.98,159.72,74.26
O002719,2025-02-27,C0032,West,Retail,P0013,Backpack,Apparel,3,282.71,0.05,805.72,602.22,203.5
O002720,2025-02-27,C0371,East,Wholesale,P0013,Backpack,Apparel,7,282.71,0.05,1880.02,1405.18,474.84
O002721,2025-02-27,C0069,South,Retail,P0015,Wallet,Apparel,7,245.76,0.0,1720.32,1048.81,671.51
O002722,2025-02-27,C0400,South,Online,P0013,Backpack,Apparel,5,282.71,0.1,1272.2,1003.7,268.5
O002723,2025-02-27,C0367,South,Online,P0003,Bluetooth Speaker,Electronics,1,365.93,0.0,365.93,215.33,150.6
O002724,2025-02-28,C0236,North,Retail,P0013,Backpack,Apparel,3,282.71,0.1,763.32,602.22,161.1
O002725,2025-02-28,C0109,East,Online,P0020,Monitor Arm,Office Supplies,7,193.94,0.05,1289.7,905.8,383.9
O002726,2025-03-01,C0271,North,Online,P0010,Coffee Maker,Home & Kitchen,5,276.64,0.05,1314.04,1027.1,286.94
O002727,2025-03-01,C0041,North,Wholesale,P0015,Wallet,Apparel,1,245.76,0.0,245.76,149.83,95.93
O002728,2025-03-01,C0164,North,Retail,P0020,Monitor Arm,Office Supplies,2,193.94,0.1,349.09,258.8,90.29
O002729,2025-03-01,C0135,West,Wholesale,P0012,Denim Jacket,Apparel,7,97.06,0.1,611.48,397.74,213.74
O002730,2025-03-01,C0277,North,Retail,P0012,Denim Jacket,Apparel,6,97.06,0.0,582.36,340.92,241.44
O002731,2025-03-01,C0230,East,Retail,P0003,Bluetooth Speaker,Electronics,6,365.93,0.05,2085.8,1291.98,793.82
O002732,2025-03-01,C0317,South,Retail,P0015,Wallet,Apparel,6,245.76,0.2,1179.65,898.98,280.67
O002733,2025-03-01,C0002,East,Retail,P0009,Vacuum Cleaner,Home & Kitchen,1,86.66,0.1,77.99,53.24,24.75
O002734,2025-03-01,C0370,North,Wholesale,P0012,Denim Jacket,Apparel,1,97.06,0.05,92.21,56.82,35.39
O002735,2025-03-02,C0388,South,Retail,P0001,Wireless Earbuds,Electronics,7,46.85,0.2,262.36,169.26,93.1
O002736,2025-03-02,C0007,East,Wholesale,P0010,Coffee Maker,Home & Kitchen,7,276.64,0.15,1646.01,1437.94,208.07
O002737,2025-03-02,C0397,North,Wholesale,P0020,Monitor Arm,Office Supplies,5,193.94,0.0,969.7,647.0,322.7
O002738,2025-03-02,C0143,North,Wholesale,P0006,Air Fryer,Home & Kitchen,7,298.69,0.0,2090.83,1064.0,1026.83
O002739,2025-03-02,C0374,West,Retail,P0008,Cookware Set,Home & Kitchen,7,144.8,0.05,962.92,483.63,479.29
O002740,2025-03-03,C0362,East,Online,P0018,Notebook Set,Office Supplies,4,171.61,0.0,686.44,342.28,344.16
O002741,2025-03-03,C0075,West,Online,P0013,Backpack,Apparel,1,282.71,0.0,282.71,200.74,81.97
O002742,2025-03-03,C0088,North,Online,P0007,Blender,Home & Kitchen,4,121.55,0.05,461.89,355.04,106.85
O002743,2025-03-03,C0312,East,Retail,P0004,Power Bank,Electronics,6,156.84,0.0,941.04,685.44,255.6
O002744,2025-03-04,C0194,North,Online,P0017,Standing Desk,Office Supplies,1,143.29,0.0,143.29,86.95,56.34
O002745,2025-03-04,C0242,North,Online,P0005,Laptop Stand,Electronics,4,108.18,0.15,367.81,259.64,108.17
O002746,2025-03-04,C0040,East,Retail,P0015,Wallet,Apparel,1,245.76,0.05,233.47,149.83,83.64
O002747,2025-03-04,C0324,North,Retail,P0009,Vacuum Cleaner,Home & Kitchen,3,86.66,0.0,259.98,159.72,100.26
O002748,2025-03-04,C0231,West,Wholesale,P0012,Denim Jacket,Apparel,6,97.06,0.0,582.36,340.92,241.44
O002749,2025-03-04,C0014,West,Online,P0019,Desk Organizer,Office Supplies,6,260.68,0.05,1485.88,1025.7,460.18
O002750,2025-03-04,C0131,West,Wholesale,P0004,Power Bank,Electronics,7,156.84,0.15,933.2,799.68,133.52
O002751,2025-03-05,C0311,North,Online,P0003,Bluetooth Speaker,Electronics,2,365.93,0.1,658.67,430.66,228.01
O002752,2025-03-05,C0014,West,Online,P0018,Notebook Set,Office Supplies,2,171.61,0.1,308.9,171.14,137.76
O002753,2025-03-05,C0312,East,Retail,P0020,Monitor Arm,Office Supplies,4,193.94,0.2,620.61,517.6,103.01
O002754,2025-03-05,C0140,South,Online,P0017,Standing Desk,Office Supplies,1,143.29,0.1,128.96,86.95,42.01
O002755,2025-03-05,C0157,East,Online,P0019,Desk Organizer,Office Supplies,2,260.68,0.15,443.16,341.9,101.26
O002756,2025-03-06,C0024,South,Online,P0008,Cookware Set,Home & Kitchen,3,144.8,0.0,434.4,207.27,227.13
O002757,2025-03-06,C0258,West,Retail,P0014,Sunglasses,Apparel,6,226.65,0.1,1223.91,713.76,510.15
O002758,2025-03-06,C0105,East,Wholesale,P0004,Power Bank,Electronics,6,156.84,0.0,941.04,685.44,255.6
O002759,2025-03-06,C0373,West,Wholesale,P0009,Vacuum Cleaner,Home & Kitchen,3,86.66,0.1,233.98,159.72,74.26
O002760,2025-03-06,C0287,North,Wholesale,P0015,Wallet,Apparel,6,245.76,0.0,1474.56,898.98,575.58
O002761,2025-03-06,C0001,South,Retail,P0001,Wireless Earbuds,Electronics,7,46.85,0.1,295.15,169.26,125.89
O002762,2025-03-07,C0193,West,Online,P0014,Sunglasses,Apparel,5,226.65,0.05,1076.59,594.8,481.79
O002763,2025-03-07,C0185,North,Retail,P0008,Cookware Set,Home & Kitchen,6,144.8,0.0,868.8,414.54,454.26
O002764,2025-03-07,C0123,West,Retail,P0004,Power Bank,Electronics,5,156.84,0.0,784.2,571.2,213.0
O002765,2025-03-07,C0020,South,Retail,P0009,Vacuum Cleaner,Home & Kitchen,2,86.66,0.2,138.66,106.48,32.18
O002766,2025-03-07,C0221,West,Online,P0010,Coffee Maker,Home & Kitchen,2,276.64,0.2,442.62,410.84,31.78
O002767,2025-03-07,C0153,North,Online,P0016,Ergonomic Chair,Office Supplies,1,85.32,0.05,81.05,51.43,29.62
O002768,2025-03-07,C0210,East,Wholesale,P0016,Ergonomic Chair,Office Supplies,3,85.32,0.0,255.96,154.29,101.67
O002769,2025-03-07,C0069,South,Retail,P0015,Wallet,Apparel,7,245.76,0.05,1634.3,1048.81,585.49
O002770,2025-03-08,C0056,North,Wholesale,P0014,Sunglasses,Apparel,5,226.65,0.0,1133.25,594.8,538.45
O002771,2025-03-08,C0295,South,Online,P0013,Backpack,Apparel,3,282.71,0.1,763.32,602.22,161.1
O002772,2025-03-08,C0299,North,Retail,P0017,Standing Desk,Office Supplies,3,143.29,0.0,429.87,260.85,169.02
O002773,2025-03-08,C0385,East,Retail,P0012,Denim Jacket,Apparel,6,97.06,0.0,582.36,340.92,241.44
O002774,2025-03-08,C0059,East,Online,P0018,Notebook Set,Office Supplies,1,171.61,0.2,137.29,85.57,51.72
O002775,2025-03-08,C0278,East,Online,P0004,Power Bank,Electronics,3,156.84,0.05,446.99,342.72,104.27
O002776,2025-03-08,C0292,East,Retail,P0004,Power Bank,Electronics,2,156.84,0.0,313.68,228.48,85.2
O002777,2025-03-08,C0398,West,Retail,P0018,Notebook Set,Office Supplies,7,171.61,0.1,1081.14,598.99,482.15
O002778,2025-03-08,C0034,West,Online,P0011,Running Shoes,Apparel,3,291.03,0.05,829.44,405.96,423.48
O002779,2025-03-08,C0305,East,Retail,P0009,Vacuum Cleaner,Home & Kitchen,3,86.66,0.0,259.98,159.72,100.26
O002780,2025-03-08,C0338,East,Retail,P0020,Monitor Arm,Office Supplies,4,193.94,0.1,698.18,517.6,180.58
O002781,2025-03-09,C0360,East,Online,P0010,Coffee Maker,Home & Kitchen,3,276.64,0.05,788.42,616.26,172.16
O002782,2025-03-09,C0342,North,Wholesale,P0017,Standing Desk,Office Supplies,2,143.29,0.1,257.92,173.9,84.02
O002783,2025-03-09,C0371,East,Wholesale,P0011,Running Shoes,Apparel,5,291.03,0.0,1455.15,676.6,778.55
O002784,2025-03-09,C0060,West,Retail,P0015,Wallet,Apparel,2,245.76,0.15,417.79,299.66,118.13
O002785,2025-03-09,C0234,North,Retail,P0008,Cookware Set,Home & Kitchen,5,144.8,0.05,687.8,345.45,342.35
O002786,2025-03-09,C0009,North,Online,P0003,Bluetooth Speaker,Electronics,7,365.93,0.05,2433.43,1507.31,926.12
O002787,2025-03-09,C0044,East,Online,P0016,Ergonomic Chair,Office Supplies,4,85.32,0.05,324.22,205.72,118.5
O002788,2025-03-10,C0121,North,Online,P0013,Backpack,Apparel,5,282.71,0.15,1201.52,1003.7,197.82
O002789,2025-03-10,C0026,West,Online,P0001,Wireless Earbuds,Electronics,3,46.85,0.1,126.5,72.54,53.96
O002790,2025-03-10,C0104,South,Online,P0017,Standing Desk,Office Supplies,5,143.29,0.0,716.45,434.75,281.7
O002791,2025-03-10,C0270,East,Online,P0011,Running Shoes,Apparel,6,291.03,0.05,1658.87,811.92,846.95
O002792,2025-03-10,C0260,North,Retail,P0005,Laptop Stand,Electronics,1,108.18,0.05,102.77,64.91,37.86
O002793,2025-03-10,C0181,West,Wholesale,P0006,Air Fryer,Home & Kitchen,6,298.69,0.1,1612.93,912.0,700.93
O002794,2025-03-10,C0395,West,Wholesale,P0005,Laptop Stand,Electronics,3,108.18,0.1,292.09,194.73,97.36
O002795,2025-03-10,C0299,North,Retail,P0016,Ergonomic Chair,Office Supplies,3,85.32,0.15,217.57,154.29,63.28
O002796,2025-03-10,C0166,South,Wholesale,P0001,Wireless Earbuds,Electronics,4,46.85,0.0,187.4,96.72,90.68
O002797,2025-03-11,C0187,West,Online,P0004,Power Bank,Electronics,1,156.84,0.0,156.84,114.24,42.6
O002798,2025-03-11,C0307,North,Online,P0006,Air Fryer,Home & Kitchen,7,298.69,0.0,2090.83,1064.0,1026.83
O002799,2025-03-11,C0053,West,Retail,P0007,Blender,Home & Kitchen,5,121.55,0.1,546.98,443.8,103.18
O002800,2025-03-11,C0220,North,Retail,P0015,Wallet,Apparel,4,245.76,0.05,933.89,599.32,334.57
O002801,2025-03-12,C0359,North,Retail,P0013,Backpack,Apparel,7,282.71,0.0,1978.97,1405.18,573.79
O002802,2025-03-12,C0195,South,Retail,P0013,Backpack,Apparel,4,282.71,0.15,961.21,802.96,158.25
O002803,2025-03-12,C0214,South,Retail,P0008,Cookware Set,Home & Kitchen,6,144.8,0.05,825.36,414.54,410.82
O002804,2025-03-13,C0189,South,Wholesale,P0010,Coffee Maker,Home & Kitchen,2,276.64,0.0,553.28,410.84,142.44
O002805,2025-03-13,C0227,West,Retail,P0009,Vacuum Cleaner,Home & Kitchen,3,86.66,0.1,233.98,159.72,74.26
O002806,2025-03-13,C0078,South,Wholesale,P0015,Wallet,Apparel,7,245.76,0.15,1462.27,1048.81,413.46
O002807,2025-03-13,C0038,West,Online,P0008,Cookware Set,Home & Kitchen,2,144.8,0.0,289.6,138.18,151.42
O002808,2025-03-13,C0272,West,Retail,P0004,Power Bank,Electronics,1,156.84,0.0,156.84,114.24,42.6
O002809,2025-03-13,C0179,East,Retail,P0005,Laptop Stand,Electronics,6,108.18,0.0,649.08,389.46,259.62
O002810,2025-03-13,C0164,North,Retail,P0016,Ergonomic Chair,Office Supplies,4,85.32,0.15,290.09,205.72,84.37
O002811,2025-03-13,C0391,South,Online,P0012,Denim Jacket,Apparel,3,97.06,0.15,247.5,170.46,77.04
O002812,2025-03-14,C0364,West,Retail,P0005,Laptop Stand,Electronics,2,108.18,0.0,216.36,129.82,86.54
O002813,2025-03-14,C0275,East,Online,P0007,Blender,Home & Kitchen,1,121.55,0.0,121.55,88.76,32.79
O002814,2025-03-14,C0071,East,Retail,P0004,Power Bank,Electronics,7,156.84,0.05,1042.99,799.68,243.31
O002815,2025-03-14,C0225,South,Wholesale,P0009,Vacuum Cleaner,Home & Kitchen,6,86.66,0.05,493.96,319.44,174.52
O002816,2025-03-14,C0111,West,Retail,P0016,Ergonomic Chair,Office Supplies,7,85.32,0.0,597.24,360.01,237.23
O002817,2025-03-14,C0237,South,Online,P0007,Blender,Home & Kitchen,1,121.55,0.0,121.55,88.76,32.79
O002818,2025-03-14,C0203,West,Online,P0011,Running Shoes,Apparel,2,291.03,0.0,582.06,270.64,311.42
O002819,2025-03-14,C0107,East,Retail,P0018,Notebook Set,Office Supplies,2,171.61,0.15,291.74,171.14,120.6
O002820,2025-03-14,C0057,East,Retail,P0013,Backpack,Apparel,7,282.71,0.0,1978.97,1405.18,573.79
O002821,2025-03-15,C0169,South,Online,P0016,Ergonomic Chair,Office Supplies,5,85.32,0.2,341.28,257.15,84.13
O002822,2025-03-15,C0351,East,Online,P0006,Air Fryer,Home & Kitchen,1,298.69,0.05,283.76,152.0,131.76
O002823,2025-03-15,C0296,North,Wholesale,P0002,Smart Watch,Electronics,1,189.4,0.1,170.46,100.94,69.52
O002824,2025-03-15,C0021,North,Retail,P0011,Running Shoes,Apparel,7,291.03,0.1,1833.49,947.24,886.25
O002825,2025-03-15,C0387,East,Retail,P0009,Vacuum Cleaner,Home & Kitchen,1,86.66,0.05,82.33,53.24,29.09
O002826,2025-03-16,C0266,South,Retail,P0007,Blender,Home & Kitchen,6,121.55,0.15,619.9,532.56,87.34
O002827,2025-03-16,C0010,East,Online,P0013,Backpack,Apparel,5,282.71,0.1,1272.2,1003.7,268.5
O002828,2025-03-16,C0114,West,Retail,P0012,Denim Jacket,Apparel,1,97.06,0.0,97.06,56.82,40.24
O002829,2025-03-16,C0231,West,Wholesale,P0019,Desk Organizer,Office Supplies,5,260.68,0.0,1303.4,854.75,448.65
O002830,2025-03-16,C0315,East,Online,P0009,Vacuum Cleaner,Home & Kitchen,2,86.66,0.0,173.32,106.48,66.84
O002831,2025-03-16,C0024,South,Online,P0008,Cookware Set,Home & Kitchen,4,144.8,0.05,550.24,276.36,273.88
O002832,2025-03-16,C0318,South,Retail,P0007,Blender,Home & Kitchen,3,121.55,0.0,364.65,266.28,98.37
O002833,2025-03-16,C0145,West,Retail,P0020,Monitor Arm,Office Supplies,7,193.94,0.1,1221.82,905.8,316.02
O002834,2025-03-16,C0250,South,Online,P0018,Notebook Set,Office Supplies,5,171.61,0.1,772.25,427.85,344.4
O002835,2025-03-16,C0004,South,Online,P0013,Backpack,Apparel,2,282.71,0.15,480.61,401.48,79.13
O002836,2025-03-16,C0375,East,Retail,P0017,Standing Desk,Office Supplies,7,143.29,0.05,952.88,608.65,344.23
O002837,2025-03-17,C0242,North,Online,P0017,Standing Desk,Office Supplies,5,143.29,0.1,644.8,434.75,210.05
O002838,2025-03-17,C0253,North,Online,P0004,Power Bank,Electronics,4,156.84,0.1,564.62,456.96,107.66
O002839,2025-03-17,C0290,North,Online,P0015,Wallet,Apparel,4,245.76,0.05,933.89,599.32,334.57
O002840,2025-03-17,C0070,North,Wholesale,P0013,Backpack,Apparel,4,282.71,0.1,1017.76,802.96,214.8
O002841,2025-03-17,C0211,South,Wholesale,P0003,Bluetooth Speaker,Electronics,2,365.93,0.15,622.08,430.66,191.42
O002842,2025-03-17,C0054,North,Retail,P0015,Wallet,Apparel,5,245.76,0.15,1044.48,749.15,295.33
O002843,2025-03-17,C0242,North,Online,P0012,Denim Jacket,Apparel,2,97.06,0.0,194.12,113.64,80.48
O002844,2025-03-18,C0200,North,Retail,P0001,Wireless Earbuds,Electronics,7,46.85,0.1,295.15,169.26,125.89
O002845,2025-03-18,C0313,North,Retail,P0003,Bluetooth Speaker,Electronics,4,365.93,0.0,1463.72,861.32,602.4
O002846,2025-03-18,C0060,West,Retail,P0001,Wireless Earbuds,Electronics,7,46.85,0.05,311.55,169.26,142.29
O002847,2025-03-18,C0155,East,Retail,P0017,Standing Desk,Office Supplies,5,143.29,0.0,716.45,434.75,281.7
O002848,2025-03-18,C0061,North,Online,P0003,Bluetooth Speaker,Electronics,2,365.93,0.0,731.86,430.66,301.2
O002849,2025-03-18,C0050,East,Online,P0003,Bluetooth Speaker,Electronics,1,365.93,0.0,365.93,215.33,150.6
O002850,2025-03-18,C0244,East,Online,P0002,Smart Watch,Electronics,2,189.4,0.05,359.86,201.88,157.98
O002851,2025-03-18,C0297,East,Online,P0008,Cookware Set,Home & Kitchen,2,144.8,0.0,289.6,138.18,151.42
O002852,2025-03-19,C0280,North,Retail,P0003,Bluetooth Speaker,Electronics,3,365.93,0.05,1042.9,645.99,396.91
O002853,2025-03-19,C0210,East,Wholesale,P0018,Notebook Set,Office Supplies,7,171.61,0.05,1141.21,598.99,542.22
O002854,2025-03-19,C0255,West,Retail,P0016,Ergonomic Chair,Office Supplies,1,85.32,0.1,76.79,51.43,25.36
O002855,2025-03-19,C0369,South,Retail,P0008,Cookware Set,Home & Kitchen,5,144.8,0.05,687.8,345.45,342.35
O002856,2025-03-19,C0323,West,Online,P0019,Desk Organizer,Office Supplies,1,260.68,0.0,260.68,170.95,89.73
O002857,2025-03-19,C0074,South,Retail,P0020,Monitor Arm,Office Supplies,7,193.94,0.1,1221.82,905.8,316.02
O002858,2025-03-19,C0045,West,Retail,P0010,Coffee Maker,Home & Kitchen,4,276.64,0.0,1106.56,821.68,284.88
O002859,2025-03-19,C0031,North,Retail,P0020,Monitor Arm,Office Supplies,3,193.94,0.1,523.64,388.2,135.44
O002860,2025-03-19,C0150,North,Retail,P0009,Vacuum Cleaner,Home & Kitchen,1,86.66,0.15,73.66,53.24,20.42
O002861,2025-03-19,C0100,East,Retail,P0001,Wireless Earbuds,Electronics,1,46.85,0.05,44.51,24.18,20.33
O002862,2025-03-20,C0100,East,Retail,P0010,Coffee Maker,Home & Kitchen,3,276.64,0.0,829.92,616.26,213.66
O002863,2025-03-20,C0224,South,Wholesale,P0018,Notebook Set,Office Supplies,5,171.61,0.15,729.34,427.85,301.49
O002864,2025-03-20,C0131,West,Wholesale,P0007,Blender,Home & Kitchen,7,121.55,0.0,850.85,621.32,229.53
O002865,2025-03-20,C0192,West,Online,P0020,Monitor Arm,Office Supplies,3,193.94,0.0,581.82,388.2,193.62
O002866,2025-03-20,C0147,North,Online,P0005,Laptop Stand,Electronics,6,108.18,0.1,584.17,389.46,194.71
O002867,2025-03-20,C0247,North,Wholesale,P0003,Bluetooth Speaker,Electronics,7,365.93,0.1,2305.36,1507.31,798.05
O002868,2025-03-20,C0157,East,Online,P0018,Notebook Set,Office Supplies,1,171.61,0.0,171.61,85.57,86.04
O002869,2025-03-20,C0084,East,Online,P0018,Notebook Set,Office Supplies,4,171.61,0.05,652.12,342.28,309.84
O002870,2025-03-21,C0122,East,Retail,P0016,Ergonomic Chair,Office Supplies,2,85.32,0.0,170.64,102.86,67.78
O002871,2025-03-21,C0371,East,Wholesale,P0016,Ergonomic Chair,Office Supplies,4,85.32,0.05,324.22,205.72,118.5
O002872,2025-03-21,C0354,North,Retail,P0019,Desk Organizer,Office Supplies,1,260.68,0.05,247.65,170.95,76.7
O002873,2025-03-21,C0140,South,Online,P0017,Standing Desk,Office Supplies,5,143.29,0.1,644.8,434.75,210.05
O002874,2025-03-21,C0109,East,Online,P0007,Blender,Home & Kitchen,5,121.55,0.0,607.75,443.8,163.95
O002875,2025-03-21,C0212,West,Online,P0016,Ergonomic Chair,Office Supplies,6,85.32,0.05,486.32,308.58,177.74
O002876,2025-03-22,C0199,West,Retail,P0011,Running Shoes,Apparel,5,291.03,0.0,1455.15,676.6,778.55
O002877,2025-03-22,C0325,West,Wholesale,P0009,Vacuum Cleaner,Home & Kitchen,4,86.66,0.0,346.64,212.96,133.68
O002878,2025-03-22,C0312,East,Retail,P0016,Ergonomic Chair,Office Supplies,1,85.32,0.0,85.32,51.43,33.89
O002879,2025-03-22,C0171,East,Retail,P0017,Standing Desk,Office Supplies,4,143.29,0.1,515.84,347.8,168.04
O002880,2025-03-23,C0176,South,Online,P0004,Power Bank,Electronics,1,156.84,0.05,149.0,114.24,34.76
O002881,2025-03-23,C0191,East,Online,P0004,Power Bank,Electronics,3,156.84,0.05,446.99,342.72,104.27
O002882,2025-03-23,C0089,West,Wholesale,P0017,Standing Desk,Office Supplies,3,143.29,0.0,429.87,260.85,169.02
O002883,2025-03-23,C0207,South,Retail,P0019,Desk Organizer,Office Supplies,2,260.68,0.05,495.29,341.9,153.39
O002884,2025-03-23,C0142,South,Online,P0003,Bluetooth Speaker,Electronics,5,365.93,0.05,1738.17,1076.65,661.52
O002885,2025-03-23,C0301,East,Retail,P0019,Desk Organizer,Office Supplies,1,260.68,0.1,234.61,170.95,63.66
O002886,2025-03-23,C0036,South,Retail,P0009,Vacuum Cleaner,Home & Kitchen,6,86.66,0.0,519.96,319.44,200.52
O002887,2025-03-23,C0277,North,Retail,P0020,Monitor Arm,Office Supplies,4,193.94,0.0,775.76,517.6,258.16
O002888,2025-03-24,C0247,North,Wholesale,P0010,Coffee Maker,Home & Kitchen,6,276.64,0.0,1659.84,1232.52,427.32
O002889,2025-03-24,C0064,East,Online,P0018,Notebook Set,Office Supplies,3,171.61,0.1,463.35,256.71,206.64
O002890,2025-03-24,C0184,West,Online,P0014,Sunglasses,Apparel,6,226.65,0.0,1359.9,713.76,646.14
O002891,2025-03-24,C0015,West,Wholesale,P0016,Ergonomic Chair,Office Supplies,1,85.32,0.15,72.52,51.43,21.09
O002892,2025-03-24,C0268,West,Retail,P0005,Laptop Stand,Electronics,7,108.18,0.0,757.26,454.37,302.89
O002893,2025-03-24,C0298,West,Retail,P0014,Sunglasses,Apparel,1,226.65,0.15,192.65,118.96,73.69
O002894,2025-03-25,C0334,South,Retail,P0009,Vacuum Cleaner,Home & Kitchen,3,86.66,0.0,259.98,159.72,100.26
O002895,2025-03-25,C0240,South,Retail,P0009,Vacuum Cleaner,Home & Kitchen,3,86.66,0.05,246.98,159.72,87.26
O002896,2025-03-25,C0060,West,Retail,P0009,Vacuum Cleaner,Home & Kitchen,5,86.66,0.15,368.3,266.2,102.1
O002897,2025-03-25,C0244,East,Online,P0001,Wireless Earbuds,Electronics,4,46.85,0.15,159.29,96.72,62.57
O002898,2025-03-25,C0198,South,Online,P0011,Running Shoes,Apparel,5,291.03,0.0,1455.15,676.6,778.55
O002899,2025-03-25,C0124,East,Wholesale,P0001,Wireless Earbuds,Electronics,2,46.85,0.0,93.7,48.36,45.34
O002900,2025-03-25,C0218,East,Retail,P0017,Standing Desk,Office Supplies,7,143.29,0.0,1003.03,608.65,394.38
O002901,2025-03-25,C0145,West,Retail,P0001,Wireless Earbuds,Electronics,7,46.85,0.1,295.15,169.26,125.89
O002902,2025-03-26,C0209,South,Online,P0018,Notebook Set,Office Supplies,4,171.61,0.1,617.8,342.28,275.52
O002903,2025-03-26,C0254,West,Retail,P0008,Cookware Set,Home & Kitchen,6,144.8,0.0,868.8,414.54,454.26
O002904,2025-03-26,C0261,South,Wholesale,P0012,Denim Jacket,Apparel,2,97.06,0.05,184.41,113.64,70.77
O002905,2025-03-26,C0312,East,Retail,P0019,Desk Organizer,Office Supplies,7,260.68,0.05,1733.52,1196.65,536.87
O002906,2025-03-26,C0230,East,Retail,P0007,Blender,Home & Kitchen,3,121.55,0.1,328.18,266.28,61.9
O002907,2025-03-26,C0309,West,Retail,P0011,Running Shoes,Apparel,3,291.03,0.1,785.78,405.96,379.82
O002908,2025-03-27,C0384,West,Online,P0013,Backpack,Apparel,6,282.71,0.15,1441.82,1204.44,237.38
O002909,2025-03-27,C0379,West,Online,P0019,Desk Organizer,Office Supplies,3,260.68,0.05,742.94,512.85,230.09
O002910,2025-03-27,C0291,East,Online,P0016,Ergonomic Chair,Office Supplies,1,85.32,0.15,72.52,51.43,21.09
O002911,2025-03-27,C0214,South,Retail,P0020,Monitor Arm,Office Supplies,2,193.94,0.0,387.88,258.8,129.08
O002912,2025-03-27,C0261,South,Wholesale,P0012,Denim Jacket,Apparel,4,97.06,0.0,388.24,227.28,160.96
O002913,2025-03-27,C0296,North,Wholesale,P0019,Desk Organizer,Office Supplies,5,260.68,0.05,1238.23,854.75,383.48
O002914,2025-03-28,C0154,West,Retail,P0004,Power Bank,Electronics,6,156.84,0.1,846.94,685.44,161.5
O002915,2025-03-28,C0064,East,Online,P0003,Bluetooth Speaker,Electronics,3,365.93,0.05,1042.9,645.99,396.91
O002916,2025-03-28,C0284,North,Wholesale,P0012,Denim Jacket,Apparel,7,97.06,0.15,577.51,397.74,179.77
O002917,2025-03-28,C0068,East,Retail,P0007,Blender,Home & Kitchen,1,121.55,0.15,103.32,88.76,14.56
O002918,2025-03-28,C0376,North,Online,P0010,Coffee Maker,Home & Kitchen,4,276.64,0.0,1106.56,821.68,284.88
O002919,2025-03-28,C0207,South,Retail,P0018,Notebook Set,Office Supplies,5,171.61,0.0,858.05,427.85,430.2
O002920,2025-03-28,C0110,East,Retail,P0019,Desk Organizer,Office Supplies,5,260.68,0.1,1173.06,854.75,318.31
O002921,2025-03-28,C0043,West,Retail,P0001,Wireless Earbuds,Electronics,7,46.85,0.0,327.95,169.26,158.69
O002922,2025-03-28,C0338,East,Retail,P0018,Notebook Set,Office Supplies,4,171.61,0.1,617.8,342.28,275.52
O002923,2025-03-28,C0171,East,Retail,P0004,Power Bank,Electronics,7,156.84,0.0,1097.88,799.68,298.2
O002924,2025-03-28,C0047,West,Retail,P0012,Denim Jacket,Apparel,1,97.06,0.05,92.21,56.82,35.39
O002925,2025-03-29,C0281,West,Retail,P0009,Vacuum Cleaner,Home & Kitchen,1,86.66,0.15,73.66,53.24,20.42
O002926,2025-03-29,C0393,North,Retail,P0016,Ergonomic Chair,Office Supplies,6,85.32,0.05,486.32,308.58,177.74
O002927,2025-03-29,C0024,South,Online,P0009,Vacuum Cleaner,Home & Kitchen,3,86.66,0.0,259.98,159.72,100.26
O002928,2025-03-29,C0037,East,Wholesale,P0015,Wallet,Apparel,1,245.76,0.1,221.18,149.83,71.35
O002929,2025-03-30,C0189,South,Wholesale,P0007,Blender,Home & Kitchen,4,121.55,0.05,461.89,355.04,106.85
O002930,2025-03-30,C0055,North,Retail,P0004,Power Bank,Electronics,3,156.84,0.05,446.99,342.72,104.27
O002931,2025-03-30,C0379,West,Online,P0019,Desk Organizer,Office Supplies,2,260.68,0.05,495.29,341.9,153.39
O002932,2025-03-30,C0087,South,Wholesale,P0006,Air Fryer,Home & Kitchen,3,298.69,0.1,806.46,456.0,350.46
O002933,2025-03-30,C0363,West,Wholesale,P0019,Desk Organizer,Office Supplies,5,260.68,0.05,1238.23,854.75,383.48
O002934,2025-03-30,C0360,East,Online,P0013,Backpack,Apparel,5,282.71,0.0,1413.55,1003.7,409.85
O002935,2025-03-30,C0079,West,Retail,P0017,Standing Desk,Office Supplies,2,143.29,0.2,229.26,173.9,55.36
O002936,2025-03-30,C0270,East,Online,P0020,Monitor Arm,Office Supplies,5,193.94,0.0,969.7,647.0,322.7
O002937,2025-03-31,C0367,South,Online,P0020,Monitor Arm,Office Supplies,2,193.94,0.0,387.88,258.8,129.08
O002938,2025-03-31,C0005,North,Online,P0006,Air Fryer,Home & Kitchen,1,298.69,0.05,283.76,152.0,131.76
O002939,2025-03-31,C0068,East,Retail,P0014,Sunglasses,Apparel,4,226.65,0.05,861.27,475.84,385.43
O002940,2025-03-31,C0093,West,Wholesale,P0012,Denim Jacket,Apparel,6,97.06,0.0,582.36,340.92,241.44
O002941,2025-03-31,C0142,South,Online,P0016,Ergonomic Chair,Office Supplies,6,85.32,0.05,486.32,308.58,177.74
O002942,2025-03-31,C0270,East,Online,P0017,Standing Desk,Office Supplies,3,143.29,0.0,429.87,260.85,169.02
O002943,2025-03-31,C0028,South,Wholesale,P0018,Notebook Set,Office Supplies,4,171.61,0.05,652.12,342.28,309.84
O002944,2025-03-31,C0057,East,Retail,P0007,Blender,Home & Kitchen,7,121.55,0.0,850.85,621.32,229.53
O002945,2025-03-31,C0163,West,Retail,P0009,Vacuum Cleaner,Home & Kitchen,7,86.66,0.05,576.29,372.68,203.61
O002946,2025-03-31,C0339,West,Retail,P0001,Wireless Earbuds,Electronics,4,46.85,0.0,187.4,96.72,90.68
O002947,2025-03-31,C0332,North,Wholesale,P0006,Air Fryer,Home & Kitchen,7,298.69,0.05,1986.29,1064.0,922.29
O002948,2025-04-01,C0048,South,Online,P0008,Cookware Set,Home & Kitchen,5,144.8,0.05,687.8,345.45,342.35
O002949,2025-04-01,C0278,East,Online,P0020,Monitor Arm,Office Supplies,2,193.94,0.0,387.88,258.8,129.08
O002950,2025-04-01,C0059,East,Online,P0005,Laptop Stand,Electronics,7,108.18,0.15,643.67,454.37,189.3
O002951,2025-04-01,C0287,North,Wholesale,P0004,Power Bank,Electronics,3,156.84,0.0,470.52,342.72,127.8
O002952,2025-04-01,C0108,North,Online,P0014,Sunglasses,Apparel,3,226.65,0.0,679.95,356.88,323.07
O002953,2025-04-01,C0370,North,Wholesale,P0004,Power Bank,Electronics,3,156.84,0.1,423.47,342.72,80.75
O002954,2025-04-01,C0105,East,Wholesale,P0008,Cookware Set,Home & Kitchen,7,144.8,0.0,1013.6,483.63,529.97
O002955,2025-04-01,C0055,North,Retail,P0018,Notebook Set,Office Supplies,6,171.61,0.0,1029.66,513.42,516.24
O002956,2025-04-01,C0118,South,Retail,P0013,Backpack,Apparel,4,282.71,0.05,1074.3,802.96,271.34
O002957,2025-04-01,C0110,East,Retail,P0007,Blender,Home & Kitchen,7,121.55,0.1,765.76,621.32,144.44
O002958,2025-04-01,C0051,East,Retail,P0003,Bluetooth Speaker,Electronics,7,365.93,0.1,2305.36,1507.31,798.05
O002959,2025-04-02,C0082,West,Online,P0001,Wireless Earbuds,Electronics,2,46.85,0.0,93.7,48.36,45.34
O002960,2025-04-03,C0050,East,Online,P0004,Power Bank,Electronics,1,156.84,0.1,141.16,114.24,26.92
O002961,2025-04-03,C0207,South,Retail,P0019,Desk Organizer,Office Supplies,4,260.68,0.0,1042.72,683.8,358.92
O002962,2025-04-03,C0244,East,Online,P0004,Power Bank,Electronics,2,156.84,0.05,298.0,228.48,69.52
O002963,2025-04-03,C0122,East,Retail,P0002,Smart Watch,Electronics,7,189.4,0.0,1325.8,706.58,619.22
O002964,2025-04-03,C0369,South,Retail,P0007,Blender,Home & Kitchen,7,121.55,0.0,850.85,621.32,229.53
O002965,2025-04-03,C0231,West,Wholesale,P0014,Sunglasses,Apparel,2,226.65,0.0,453.3,237.92,215.38
O002966,2025-04-04,C0257,South,Retail,P0010,Coffee Maker,Home & Kitchen,2,276.64,0.05,525.62,410.84,114.78
O002967,2025-04-04,C0193,West,Online,P0020,Monitor Arm,Office Supplies,5,193.94,0.0,969.7,647.0,322.7
O002968,2025-04-04,C0308,East,Retail,P0005,Laptop Stand,Electronics,6,108.18,0.15,551.72,389.46,162.26
O002969,2025-04-04,C0228,East,Online,P0005,Laptop Stand,Electronics,4,108.18,0.0,432.72,259.64,173.08
O002970,2025-04-04,C0245,West,Wholesale,P0013,Backpack,Apparel,4,282.71,0.1,1017.76,802.96,214.8
O002971,2025-04-04,C0050,East,Online,P0018,Notebook Set,Office Supplies,1,171.61,0.0,171.61,85.57,86.04
O002972,2025-04-04,C0250,South,Online,P0002,Smart Watch,Electronics,4,189.4,0.05,719.72,403.76,315.96
O002973,2025-04-04,C0264,South,Retail,P0018,Notebook Set,Office Supplies,7,171.61,0.15,1021.08,598.99,422.09
O002974,2025-04-04,C0051,East,Retail,P0003,Bluetooth Speaker,Electronics,1,365.93,0.05,347.63,215.33,132.3
O002975,2025-04-04,C0003,South,Online,P0006,Air Fryer,Home & Kitchen,1,298.69,0.2,238.95,152.0,86.95
O002976,2025-04-05,C0035,North,Retail,P0009,Vacuum Cleaner,Home & Kitchen,6,86.66,0.15,441.97,319.44,122.53
O002977,2025-04-05,C0155,East,Retail,P0010,Coffee Maker,Home & Kitchen,4,276.64,0.0,1106.56,821.68,284.88
O002978,2025-04-05,C0235,South,Wholesale,P0006,Air Fryer,Home & Kitchen,3,298.69,0.05,851.27,456.0,395.27
O002979,2025-04-05,C0250,South,Online,P0018,Notebook Set,Office Supplies,6,171.61,0.0,1029.66,513.42,516.24
O002980,2025-04-05,C0017,South,Wholesale,P0008,Cookware Set,Home & Kitchen,3,144.8,0.0,434.4,207.27,227.13
O002981,2025-04-05,C0221,West,Online,P0013,Backpack,Apparel,3,282.71,0.0,848.13,602.22,245.91
O002982,2025-04-05,C0358,East,Online,P0006,Air Fryer,Home & Kitchen,5,298.69,0.05,1418.78,760.0,658.78
O002983,2025-04-05,C0081,West,Retail,P0007,Blender,Home & Kitchen,1,121.55,0.0,121.55,88.76,32.79
O002984,2025-04-05,C0371,East,Wholesale,P0007,Blender,Home & Kitchen,2,121.55,0.0,243.1,177.52,65.58
O002985,2025-04-05,C0012,North,Retail,P0016,Ergonomic Chair,Office Supplies,4,85.32,0.0,341.28,205.72,135.56
O002986,2025-04-06,C0370,North,Wholesale,P0019,Desk Organizer,Office Supplies,2,260.68,0.1,469.22,341.9,127.32
O002987,2025-04-06,C0055,North,Retail,P0005,Laptop Stand,Electronics,5,108.18,0.05,513.86,324.55,189.31
O002988,2025-04-06,C0089,West,Wholesale,P0007,Blender,Home & Kitchen,4,121.55,0.0,486.2,355.04,131.16
O002989,2025-04-07,C0121,North,Online,P0005,Laptop Stand,Electronics,1,108.18,0.0,108.18,64.91,43.27
O002990,2025-04-07,C0092,East,Retail,P0016,Ergonomic Chair,Office Supplies,6,85.32,0.05,486.32,308.58,177.74
O002991,2025-04-07,C0224,South,Wholesale,P0020,Monitor Arm,Office Supplies,5,193.94,0.1,872.73,647.0,225.73
O002992,2025-04-07,C0247,North,Wholesale,P0006,Air Fryer,Home & Kitchen,7,298.69,0.05,1986.29,1064.0,922.29
O002993,2025-04-07,C0228,East,Online,P0007,Blender,Home & Kitchen,4,121.55,0.0,486.2,355.04,131.16
O002994,2025-04-07,C0176,South,Online,P0019,Desk Organizer,Office Supplies,6,260.68,0.1,1407.67,1025.7,381.97
O002995,2025-04-08,C0209,South,Online,P0012,Denim Jacket,Apparel,4,97.06,0.1,349.42,227.28,122.14
O002996,2025-04-08,C0222,North,Retail,P0018,Notebook Set,Office Supplies,7,171.61,0.0,1201.27,598.99,602.28
O002997,2025-04-08,C0342,North,Wholesale,P0014,Sunglasses,Apparel,4,226.65,0.15,770.61,475.84,294.77
O002998,2025-04-08,C0228,East,Online,P0010,Coffee Maker,Home & Kitchen,7,276.64,0.1,1742.83,1437.94,304.89
O002999,2025-04-08,C0168,South,Retail,P0020,Monitor Arm,Office Supplies,7,193.94,0.2,1086.06,905.8,180.26
O003000,2025-04-08,C0118,South,Retail,P0011,Running Shoes,Apparel,6,291.03,0.0,1746.18,811.92,934.26
O003001,2025-04-08,C0317,South,Retail,P0006,Air Fryer,Home & Kitchen,1,298.69,0.2,238.95,152.0,86.95
O003002,2025-04-08,C0198,South,Online,P0019,Desk Organizer,Office Supplies,7,260.68,0.0,1824.76,1196.65,628.11
O003003,2025-04-09,C0348,North,Wholesale,P0014,Sunglasses,Apparel,3,226.65,0.0,679.95,356.88,323.07
O003004,2025-04-09,C0151,West,Wholesale,P0001,Wireless Earbuds,Electronics,2,46.85,0.2,74.96,48.36,26.6
O003005,2025-04-09,C0346,South,Online,P0008,Cookware Set,Home & Kitchen,5,144.8,0.1,651.6,345.45,306.15
O003006,2025-04-09,C0286,West,Online,P0002,Smart Watch,Electronics,5,189.4,0.1,852.3,504.7,347.6
O003007,2025-04-09,C0093,West,Wholesale,P0018,Notebook Set,Office Supplies,6,171.61,0.0,1029.66,513.42,516.24
O003008,2025-04-09,C0021,North,Retail,P0002,Smart Watch,Electronics,3,189.4,0.05,539.79,302.82,236.97
O003009,2025-04-09,C0222,North,Retail,P0009,Vacuum Cleaner,Home & Kitchen,5,86.66,0.0,433.3,266.2,167.1
O003010,2025-04-09,C0066,South,Retail,P0008,Cookware Set,Home & Kitchen,7,144.8,0.0,1013.6,483.63,529.97
O003011,2025-04-10,C0254,West,Retail,P0001,Wireless Earbuds,Electronics,6,46.85,0.0,281.1,145.08,136.02
O003012,2025-04-10,C0392,North,Online,P0018,Notebook Set,Office Supplies,6,171.61,0.15,875.21,513.42,361.79
O003013,2025-04-10,C0052,North,Retail,P0019,Desk Organizer,Office Supplies,1,260.68,0.15,221.58,170.95,50.63
O003014,2025-04-11,C0179,East,Retail,P0006,Air Fryer,Home & Kitchen,6,298.69,0.0,1792.14,912.0,880.14
O003015,2025-04-11,C0357,North,Retail,P0014,Sunglasses,Apparel,3,226.65,0.15,577.96,356.88,221.08
O003016,2025-04-11,C0304,South,Online,P0007,Blender,Home & Kitchen,3,121.55,0.15,309.95,266.28,43.67
O003017,2025-04-11,C0169,South,Online,P0009,Vacuum Cleaner,Home & Kitchen,3,86.66,0.15,220.98,159.72,61.26
O003018,2025-04-11,C0134,East,Online,P0002,Smart Watch,Electronics,6,189.4,0.0,1136.4,605.64,530.76
O003019,2025-04-12,C0318,South,Retail,P0014,Sunglasses,Apparel,2,226.65,0.2,362.64,237.92,124.72
O003020,2025-04-12,C0302,North,Online,P0018,Notebook Set,Office Supplies,5,171.61,0.05,815.15,427.85,387.3
O003021,2025-04-12,C0278,East,Online,P0015,Wallet,Apparel,7,245.76,0.1,1548.29,1048.81,499.48
O003022,2025-04-12,C0275,East,Online,P0004,Power Bank,Electronics,7,156.84,0.1,988.09,799.68,188.41
O003023,2025-04-12,C0139,South,Wholesale,P0003,Bluetooth Speaker,Electronics,1,365.93,0.05,347.63,215.33,132.3
O003024,2025-04-13,C0206,South,Retail,P0018,Notebook Set,Office Supplies,2,171.61,0.0,343.22,171.14,172.08
O003025,2025-04-13,C0018,West,Wholesale,P0014,Sunglasses,Apparel,6,226.65,0.05,1291.9,713.76,578.14
O003026,2025-04-13,C0258,West,Retail,P0010,Coffee Maker,Home & Kitchen,5,276.64,0.05,1314.04,1027.1,286.94
O003027,2025-04-13,C0090,West,Retail,P0004,Power Bank,Electronics,2,156.84,0.0,313.68,228.48,85.2
O003028,2025-04-14,C0373,West,Wholesale,P0012,Denim Jacket,Apparel,3,97.06,0.0,291.18,170.46,120.72
O003029,2025-04-14,C0252,West,Retail,P0018,Notebook Set,Office Supplies,1,171.61,0.0,171.61,85.57,86.04
O003030,2025-04-14,C0200,North,Retail,P0008,Cookware Set,Home & Kitchen,7,144.8,0.1,912.24,483.63,428.61
O003031,2025-04-14,C0204,North,Retail,P0012,Denim Jacket,Apparel,6,97.06,0.1,524.12,340.92,183.2
O003032,2025-04-14,C0262,North,Retail,P0001,Wireless Earbuds,Electronics,3,46.85,0.0,140.55,72.54,68.01
O003033,2025-04-14,C0244,East,Online,P0007,Blender,Home & Kitchen,2,121.55,0.0,243.1,177.52,65.58
O003034,2025-04-14,C0312,East,Retail,P0018,Notebook Set,Office Supplies,3,171.61,0.05,489.09,256.71,232.38
O003035,2025-04-14,C0267,West,Retail,P0001,Wireless Earbuds,Electronics,2,46.85,0.1,84.33,48.36,35.97
O003036,2025-04-14,C0117,North,Online,P0014,Sunglasses,Apparel,3,226.65,0.1,611.96,356.88,255.08
O003037,2025-04-15,C0332,North,Wholesale,P0002,Smart Watch,Electronics,4,189.4,0.0,757.6,403.76,353.84
O003038,2025-04-15,C0080,East,Wholesale,P0002,Smart Watch,Electronics,7,189.4,0.0,1325.8,706.58,619.22
O003039,2025-04-15,C0125,North,Retail,P0003,Bluetooth Speaker,Electronics,5,365.93,0.05,1738.17,1076.65,661.52
O003040,2025-04-15,C0056,North,Wholesale,P0007,Blender,Home & Kitchen,3,121.55,0.1,328.18,266.28,61.9
O003041,2025-04-15,C0368,North,Wholesale,P0013,Backpack,Apparel,6,282.71,0.0,1696.26,1204.44,491.82
O003042,2025-04-16,C0085,East,Retail,P0007,Blender,Home & Kitchen,4,121.55,0.05,461.89,355.04,106.85
O003043,2025-04-16,C0281,West,Retail,P0006,Air Fryer,Home & Kitchen,1,298.69,0.15,253.89,152.0,101.89
O003044,2025-04-16,C0172,South,Online,P0004,Power Bank,Electronics,6,156.84,0.0,941.04,685.44,255.6
O003045,2025-04-17,C0285,South,Retail,P0016,Ergonomic Chair,Office Supplies,1,85.32,0.15,72.52,51.43,21.09
O003046,2025-04-17,C0067,West,Retail,P0005,Laptop Stand,Electronics,6,108.18,0.1,584.17,389.46,194.71
O003047,2025-04-17,C0083,East,Retail,P0009,Vacuum Cleaner,Home & Kitchen,4,86.66,0.1,311.98,212.96,99.02
O003048,2025-04-17,C0351,East,Online,P0006,Air Fryer,Home & Kitchen,2,298.69,0.0,597.38,304.0,293.38
O003049,2025-04-17,C0005,North,Online,P0005,Laptop Stand,Electronics,2,108.18,0.15,183.91,129.82,54.09
O003050,2025-04-18,C0383,West,Retail,P0014,Sunglasses,Apparel,5,226.65,0.15,963.26,594.8,368.46
O003051,2025-04-18,C0288,West,Online,P0002,Smart Watch,Electronics,1,189.4,0.0,189.4,100.94,88.46
O003052,2025-04-18,C0391,South,Online,P0002,Smart Watch,Electronics,7,189.4,0.2,1060.64,706.58,354.06
O003053,2025-04-18,C0072,East,Retail,P0009,Vacuum Cleaner,Home & Kitchen,5,86.66,0.05,411.63,266.2,145.43
O003054,2025-04-18,C0286,West,Online,P0018,Notebook Set,Office Supplies,3,171.61,0.1,463.35,256.71,206.64
O003055,2025-04-18,C0123,West,Retail,P0010,Coffee Maker,Home & Kitchen,3,276.64,0.1,746.93,616.26,130.67
O003056,2025-04-18,C0351,East,Online,P0004,Power Bank,Electronics,1,156.84,0.2,125.47,114.24,11.23
O003057,2025-04-19,C0067,West,Retail,P0003,Bluetooth Speaker,Electronics,4,365.93,0.05,1390.53,861.32,529.21
O003058,2025-04-19,C0144,North,Retail,P0019,Desk Organizer,Office Supplies,1,260.68,0.0,260.68,170.95,89.73
O003059,2025-04-19,C0282,South,Wholesale,P0007,Blender,Home & Kitchen,7,121.55,0.05,808.31,621.32,186.99
O003060,2025-04-19,C0034,West,Online,P0018,Notebook Set,Office Supplies,5,171.61,0.1,772.25,427.85,344.4
O003061,2025-04-19,C0157,East,Online,P0017,Standing Desk,Office Supplies,3,143.29,0.05,408.38,260.85,147.53
O003062,2025-04-19,C0196,South,Online,P0009,Vacuum Cleaner,Home & Kitchen,7,86.66,0.2,485.3,372.68,112.62
O003063,2025-04-19,C0294,West,Retail,P0006,Air Fryer,Home & Kitchen,4,298.69,0.0,1194.76,608.0,586.76
O003064,2025-04-19,C0057,East,Retail,P0017,Standing Desk,Office Supplies,4,143.29,0.0,573.16,347.8,225.36
O003065,2025-04-20,C0109,East,Online,P0010,Coffee Maker,Home & Kitchen,7,276.64,0.1,1742.83,1437.94,304.89
O003066,2025-04-20,C0196,South,Online,P0019,Desk Organizer,Office Supplies,5,260.68,0.05,1238.23,854.75,383.48
O003067,2025-04-20,C0275,East,Online,P0013,Backpack,Apparel,7,282.71,0.2,1583.18,1405.18,178.0
O003068,2025-04-20,C0366,East,Online,P0019,Desk Organizer,Office Supplies,4,260.68,0.1,938.45,683.8,254.65
O003069,2025-04-20,C0363,West,Wholesale,P0014,Sunglasses,Apparel,3,226.65,0.0,679.95,356.88,323.07
O003070,2025-04-20,C0334,South,Retail,P0009,Vacuum Cleaner,Home & Kitchen,3,86.66,0.05,246.98,159.72,87.26
O003071,2025-04-20,C0234,North,Retail,P0007,Blender,Home & Kitchen,1,121.55,0.05,115.47,88.76,26.71
O003072,2025-04-20,C0366,East,Online,P0008,Cookware Set,Home & Kitchen,2,144.8,0.1,260.64,138.18,122.46
O003073,2025-04-20,C0275,East,Online,P0013,Backpack,Apparel,4,282.71,0.2,904.67,802.96,101.71
O003074,2025-04-20,C0220,North,Retail,P0012,Denim Jacket,Apparel,5,97.06,0.0,485.3,284.1,201.2
O003075,2025-04-21,C0392,North,Online,P0002,Smart Watch,Electronics,6,189.4,0.05,1079.58,605.64,473.94
O003076,2025-04-21,C0046,North,Online,P0015,Wallet,Apparel,5,245.76,0.05,1167.36,749.15,418.21
O003077,2025-04-21,C0260,North,Retail,P0012,Denim Jacket,Apparel,7,97.06,0.05,645.45,397.74,247.71
O003078,2025-04-21,C0243,West,Wholesale,P0014,Sunglasses,Apparel,7,226.65,0.0,1586.55,832.72,753.83
O003079,2025-04-21,C0236,North,Retail,P0010,Coffee Maker,Home & Kitchen,3,276.64,0.0,829.92,616.26,213.66
O003080,2025-04-21,C0116,South,Retail,P0010,Coffee Maker,Home & Kitchen,1,276.64,0.0,276.64,205.42,71.22
O003081,2025-04-22,C0133,North,Retail,P0007,Blender,Home & Kitchen,5,121.55,0.1,546.98,443.8,103.18
O003082,2025-04-22,C0007,East,Wholesale,P0019,Desk Organizer,Office Supplies,2,260.68,0.1,469.22,341.9,127.32
O003083,2025-04-22,C0172,South,Online,P0009,Vacuum Cleaner,Home & Kitchen,3,86.66,0.05,246.98,159.72,87.26
O003084,2025-04-22,C0284,North,Wholesale,P0012,Denim Jacket,Apparel,6,97.06,0.1,524.12,340.92,183.2
O003085,2025-04-22,C0244,East,Online,P0016,Ergonomic Chair,Office Supplies,1,85.32,0.05,81.05,51.43,29.62
O003086,2025-04-22,C0176,South,Online,P0011,Running Shoes,Apparel,3,291.03,0.05,829.44,405.96,423.48
O003087,2025-04-22,C0042,North,Online,P0016,Ergonomic Chair,Office Supplies,3,85.32,0.1,230.36,154.29,76.07
O003088,2025-04-22,C0177,South,Online,P0017,Standing Desk,Office Supplies,2,143.29,0.1,257.92,173.9,84.02
O003089,2025-04-22,C0128,West,Retail,P0011,Running Shoes,Apparel,1,291.03,0.0,291.03,135.32,155.71
O003090,2025-04-23,C0191,East,Online,P0011,Running Shoes,Apparel,1,291.03,0.1,261.93,135.32,126.61
O003091,2025-04-23,C0375,East,Retail,P0004,Power Bank,Electronics,6,156.84,0.0,941.04,685.44,255.6
O003092,2025-04-23,C0084,East,Online,P0020,Monitor Arm,Office Supplies,3,193.94,0.05,552.73,388.2,164.53
O003093,2025-04-23,C0149,North,Online,P0019,Desk Organizer,Office Supplies,4,260.68,0.05,990.58,683.8,306.78
O003094,2025-04-23,C0160,West,Wholesale,P0005,Laptop Stand,Electronics,1,108.18,0.0,108.18,64.91,43.27
O003095,2025-04-23,C0065,North,Retail,P0004,Power Bank,Electronics,7,156.84,0.0,1097.88,799.68,298.2
O003096,2025-04-23,C0366,East,Online,P0013,Backpack,Apparel,4,282.71,0.0,1130.84,802.96,327.88
O003097,2025-04-23,C0365,North,Retail,P0002,Smart Watch,Electronics,3,189.4,0.0,568.2,302.82,265.38
O003098,2025-04-24,C0170,North,Wholesale,P0016,Ergonomic Chair,Office Supplies,1,85.32,0.1,76.79,51.43,25.36
O003099,2025-04-24,C0088,North,Online,P0019,Desk Organizer,Office Supplies,5,260.68,0.0,1303.4,854.75,448.65
O003100,2025-04-24,C0053,West,Retail,P0005,Laptop Stand,Electronics,5,108.18,0.0,540.9,324.55,216.35
O003101,2025-04-24,C0135,West,Wholesale,P0009,Vacuum Cleaner,Home & Kitchen,4,86.66,0.1,311.98,212.96,99.02
O003102,2025-04-24,C0159,West,Retail,P0020,Monitor Arm,Office Supplies,1,193.94,0.05,184.24,129.4,54.84
O003103,2025-04-25,C0164,North,Retail,P0002,Smart Watch,Electronics,4,189.4,0.0,757.6,403.76,353.84
O003104,2025-04-25,C0042,North,Online,P0010,Coffee Maker,Home & Kitchen,2,276.64,0.0,553.28,410.84,142.44
O003105,2025-04-25,C0340,South,Online,P0011,Running Shoes,Apparel,3,291.03,0.15,742.13,405.96,336.17
O003106,2025-04-25,C0188,South,Retail,P0001,Wireless Earbuds,Electronics,6,46.85,0.0,281.1,145.08,136.02
O003107,2025-04-26,C0048,South,Online,P0020,Monitor Arm,Office Supplies,6,193.94,0.05,1105.46,776.4,329.06
O003108,2025-04-26,C0091,South,Retail,P0015,Wallet,Apparel,6,245.76,0.05,1400.83,898.98,501.85
O003109,2025-04-26,C0246,East,Retail,P0012,Denim Jacket,Apparel,5,97.06,0.2,388.24,284.1,104.14
O003110,2025-04-26,C0227,West,Retail,P0016,Ergonomic Chair,Office Supplies,7,85.32,0.05,567.38,360.01,207.37
O003111,2025-04-27,C0341,North,Online,P0001,Wireless Earbuds,Electronics,2,46.85,0.0,93.7,48.36,45.34
O003112,2025-04-27,C0228,East,Online,P0002,Smart Watch,Electronics,7,189.4,0.05,1259.51,706.58,552.93
O003113,2025-04-27,C0279,North,Retail,P0004,Power Bank,Electronics,4,156.84,0.1,564.62,456.96,107.66
O003114,2025-04-27,C0264,South,Retail,P0007,Blender,Home & Kitchen,5,121.55,0.1,546.98,443.8,103.18
O003115,2025-04-27,C0074,South,Retail,P0004,Power Bank,Electronics,2,156.84,0.0,313.68,228.48,85.2
O003116,2025-04-27,C0226,East,Wholesale,P0017,Standing Desk,Office Supplies,2,143.29,0.05,272.25,173.9,98.35
O003117,2025-04-27,C0356,North,Wholesale,P0016,Ergonomic Chair,Office Supplies,1,85.32,0.1,76.79,51.43,25.36
O003118,2025-04-28,C0280,North,Retail,P0019,Desk Organizer,Office Supplies,3,260.68,0.0,782.04,512.85,269.19
O003119,2025-04-28,C0128,West,Retail,P0004,Power Bank,Electronics,2,156.84,0.0,313.68,228.48,85.2
O003120,2025-04-28,C0289,North,Online,P0016,Ergonomic Chair,Office Supplies,6,85.32,0.15,435.13,308.58,126.55
O003121,2025-04-28,C0296,North,Wholesale,P0011,Running Shoes,Apparel,1,291.03,0.0,291.03,135.32,155.71
O003122,2025-04-28,C0298,West,Retail,P0005,Laptop Stand,Electronics,3,108.18,0.1,292.09,194.73,97.36
O003123,2025-04-28,C0044,East,Online,P0014,Sunglasses,Apparel,5,226.65,0.0,1133.25,594.8,538.45
O003124,2025-04-28,C0086,West,Online,P0011,Running Shoes,Apparel,1,291.03,0.1,261.93,135.32,126.61
O003125,2025-04-29,C0003,South,Online,P0020,Monitor Arm,Office Supplies,7,193.94,0.0,1357.58,905.8,451.78
O003126,2025-04-29,C0026,West,Online,P0016,Ergonomic Chair,Office Supplies,2,85.32,0.1,153.58,102.86,50.72
O003127,2025-04-29,C0172,South,Online,P0004,Power Bank,Electronics,1,156.84,0.05,149.0,114.24,34.76
O003128,2025-04-29,C0360,East,Online,P0007,Blender,Home & Kitchen,3,121.55,0.05,346.42,266.28,80.14
O003129,2025-04-29,C0236,North,Retail,P0011,Running Shoes,Apparel,7,291.03,0.05,1935.35,947.24,988.11
O003130,2025-04-29,C0106,West,Retail,P0020,Monitor Arm,Office Supplies,5,193.94,0.0,969.7,647.0,322.7
O003131,2025-04-30,C0379,West,Online,P0014,Sunglasses,Apparel,6,226.65,0.1,1223.91,713.76,510.15
O003132,2025-04-30,C0217,West,Online,P0005,Laptop Stand,Electronics,5,108.18,0.1,486.81,324.55,162.26
O003133,2025-04-30,C0347,South,Online,P0016,Ergonomic Chair,Office Supplies,1,85.32,0.05,81.05,51.43,29.62
O003134,2025-04-30,C0363,West,Wholesale,P0002,Smart Watch,Electronics,1,189.4,0.1,170.46,100.94,69.52
O003135,2025-04-30,C0187,West,Online,P0007,Blender,Home & Kitchen,1,121.55,0.0,121.55,88.76,32.79
O003136,2025-04-30,C0036,South,Retail,P0017,Standing Desk,Office Supplies,6,143.29,0.0,859.74,521.7,338.04
O003137,2025-04-30,C0112,North,Online,P0001,Wireless Earbuds,Electronics,1,46.85,0.0,46.85,24.18,22.67
O003138,2025-04-30,C0316,West,Retail,P0012,Denim Jacket,Apparel,1,97.06,0.05,92.21,56.82,35.39
O003139,2025-04-30,C0352,West,Retail,P0008,Cookware Set,Home & Kitchen,7,144.8,0.0,1013.6,483.63,529.97
O003140,2025-05-01,C0328,West,Online,P0018,Notebook Set,Office Supplies,6,171.61,0.05,978.18,513.42,464.76
O003141,2025-05-01,C0181,West,Wholesale,P0017,Standing Desk,Office Supplies,3,143.29,0.2,343.9,260.85,83.05
O003142,2025-05-01,C0370,North,Wholesale,P0006,Air Fryer,Home & Kitchen,4,298.69,0.0,1194.76,608.0,586.76
O003143,2025-05-01,C0104,South,Online,P0018,Notebook Set,Office Supplies,7,171.61,0.0,1201.27,598.99,602.28
O003144,2025-05-01,C0037,East,Wholesale,P0001,Wireless Earbuds,Electronics,6,46.85,0.1,252.99,145.08,107.91
O003145,2025-05-01,C0149,North,Online,P0008,Cookware Set,Home & Kitchen,1,144.8,0.2,115.84,69.09,46.75
O003146,2025-05-01,C0263,North,Online,P0006,Air Fryer,Home & Kitchen,2,298.69,0.05,567.51,304.0,263.51
O003147,2025-05-01,C0160,West,Wholesale,P0011,Running Shoes,Apparel,3,291.03,0.05,829.44,405.96,423.48
O003148,2025-05-01,C0204,North,Retail,P0004,Power Bank,Electronics,3,156.84,0.05,446.99,342.72,104.27
O003149,2025-05-01,C0051,East,Retail,P0009,Vacuum Cleaner,Home & Kitchen,5,86.66,0.05,411.63,266.2,145.43
O003150,2025-05-01,C0082,West,Online,P0006,Air Fryer,Home & Kitchen,5,298.69,0.1,1344.1,760.0,584.1
O003151,2025-05-02,C0128,West,Retail,P0016,Ergonomic Chair,Office Supplies,4,85.32,0.15,290.09,205.72,84.37
O003152,2025-05-02,C0370,North,Wholesale,P0008,Cookware Set,Home & Kitchen,3,144.8,0.0,434.4,207.27,227.13
O003153,2025-05-02,C0137,West,Online,P0011,Running Shoes,Apparel,2,291.03,0.05,552.96,270.64,282.32
O003154,2025-05-02,C0385,East,Retail,P0006,Air Fryer,Home & Kitchen,1,298.69,0.1,268.82,152.0,116.82
O003155,2025-05-02,C0219,North,Retail,P0020,Monitor Arm,Office Supplies,2,193.94,0.0,387.88,258.8,129.08
O003156,2025-05-02,C0317,South,Retail,P0007,Blender,Home & Kitchen,7,121.55,0.05,808.31,621.32,186.99
O003157,2025-05-02,C0323,West,Online,P0007,Blender,Home & Kitchen,3,121.55,0.0,364.65,266.28,98.37
O003158,2025-05-02,C0367,South,Online,P0002,Smart Watch,Electronics,3,189.4,0.0,568.2,302.82,265.38
O003159,2025-05-02,C0352,West,Retail,P0017,Standing Desk,Office Supplies,3,143.29,0.1,386.88,260.85,126.03
O003160,2025-05-03,C0012,North,Retail,P0001,Wireless Earbuds,Electronics,7,46.85,0.1,295.15,169.26,125.89
O003161,2025-05-03,C0014,West,Online,P0015,Wallet,Apparel,2,245.76,0.0,491.52,299.66,191.86
O003162,2025-05-03,C0280,North,Retail,P0010,Coffee Maker,Home & Kitchen,5,276.64,0.0,1383.2,1027.1,356.1
O003163,2025-05-04,C0110,East,Retail,P0007,Blender,Home & Kitchen,1,121.55,0.15,103.32,88.76,14.56
O003164,2025-05-04,C0178,South,Online,P0016,Ergonomic Chair,Office Supplies,6,85.32,0.05,486.32,308.58,177.74
O003165,2025-05-04,C0090,West,Retail,P0004,Power Bank,Electronics,6,156.84,0.15,799.88,685.44,114.44
O003166,2025-05-04,C0137,West,Online,P0015,Wallet,Apparel,7,245.76,0.0,1720.32,1048.81,671.51
O003167,2025-05-04,C0052,North,Retail,P0015,Wallet,Apparel,1,245.76,0.0,245.76,149.83,95.93
O003168,2025-05-04,C0210,East,Wholesale,P0007,Blender,Home & Kitchen,2,121.55,0.2,194.48,177.52,16.96
O003169,2025-05-05,C0316,West,Retail,P0007,Blender,Home & Kitchen,7,121.55,0.0,850.85,621.32,229.53
O003170,2025-05-05,C0078,South,Wholesale,P0008,Cookware Set,Home & Kitchen,7,144.8,0.15,861.56,483.63,377.93
O003171,2025-05-05,C0127,North,Retail,P0001,Wireless Earbuds,Electronics,5,46.85,0.05,222.54,120.9,101.64
O003172,2025-05-05,C0122,East,Retail,P0010,Coffee Maker,Home & Kitchen,5,276.64,0.05,1314.04,1027.1,286.94
O003173,2025-05-05,C0120,North,Online,P0009,Vacuum Cleaner,Home & Kitchen,6,86.66,0.0,519.96,319.44,200.52
O003174,2025-05-05,C0165,East,Retail,P0001,Wireless Earbuds,Electronics,7,46.85,0.15,278.76,169.26,109.5
O003175,2025-05-06,C0368,North,Wholesale,P0019,Desk Organizer,Office Supplies,7,260.68,0.0,1824.76,1196.65,628.11
O003176,2025-05-06,C0285,South,Retail,P0013,Backpack,Apparel,7,282.71,0.1,1781.07,1405.18,375.89
O003177,2025-05-06,C0245,West,Wholesale,P0015,Wallet,Apparel,7,245.76,0.2,1376.26,1048.81,327.45
O003178,2025-05-06,C0249,South,Online,P0006,Air Fryer,Home & Kitchen,3,298.69,0.05,851.27,456.0,395.27
O003179,2025-05-06,C0139,South,Wholesale,P0013,Backpack,Apparel,4,282.71,0.1,1017.76,802.96,214.8
O003180,2025-05-06,C0221,West,Online,P0020,Monitor Arm,Office Supplies,5,193.94,0.05,921.22,647.0,274.22
O003181,2025-05-06,C0093,West,Wholesale,P0016,Ergonomic Chair,Office Supplies,5,85.32,0.0,426.6,257.15,169.45
O003182,2025-05-06,C0056,North,Wholesale,P0012,Denim Jacket,Apparel,7,97.06,0.1,611.48,397.74,213.74
O003183,2025-05-06,C0035,North,Retail,P0005,Laptop Stand,Electronics,7,108.18,0.1,681.53,454.37,227.16
O003184,2025-05-06,C0131,West,Wholesale,P0006,Air Fryer,Home & Kitchen,2,298.69,0.2,477.9,304.0,173.9
O003185,2025-05-06,C0206,South,Retail,P0020,Monitor Arm,Office Supplies,5,193.94,0.05,921.22,647.0,274.22
O003186,2025-05-06,C0294,West,Retail,P0010,Coffee Maker,Home & Kitchen,5,276.64,0.2,1106.56,1027.1,79.46
O003187,2025-05-06,C0119,South,Online,P0011,Running Shoes,Apparel,1,291.03,0.2,232.82,135.32,97.5
O003188,2025-05-06,C0071,East,Retail,P0008,Cookware Set,Home & Kitchen,7,144.8,0.1,912.24,483.63,428.61
O003189,2025-05-06,C0087,South,Wholesale,P0002,Smart Watch,Electronics,7,189.4,0.1,1193.22,706.58,486.64
O003190,2025-05-06,C0276,South,Wholesale,P0009,Vacuum Cleaner,Home & Kitchen,4,86.66,0.1,311.98,212.96,99.02
O003191,2025-05-07,C0383,West,Retail,P0019,Desk Organizer,Office Supplies,2,260.68,0.2,417.09,341.9,75.19
O003192,2025-05-07,C0296,North,Wholesale,P0009,Vacuum Cleaner,Home & Kitchen,3,86.66,0.05,246.98,159.72,87.26
O003193,2025-05-07,C0142,South,Online,P0009,Vacuum Cleaner,Home & Kitchen,5,86.66,0.1,389.97,266.2,123.77
O003194,2025-05-07,C0316,West,Retail,P0007,Blender,Home & Kitchen,7,121.55,0.0,850.85,621.32,229.53
O003195,2025-05-07,C0115,West,Wholesale,P0014,Sunglasses,Apparel,5,226.65,0.05,1076.59,594.8,481.79
O003196,2025-05-07,C0040,East,Retail,P0016,Ergonomic Chair,Office Supplies,3,85.32,0.0,255.96,154.29,101.67
O003197,2025-05-07,C0167,South,Retail,P0009,Vacuum Cleaner,Home & Kitchen,7,86.66,0.2,485.3,372.68,112.62
O003198,2025-05-07,C0030,North,Online,P0019,Desk Organizer,Office Supplies,1,260.68,0.0,260.68,170.95,89.73
O003199,2025-05-07,C0084,East,Online,P0004,Power Bank,Electronics,1,156.84,0.05,149.0,114.24,34.76
O003200,2025-05-07,C0088,North,Online,P0007,Blender,Home & Kitchen,6,121.55,0.0,729.3,532.56,196.74
O003201,2025-05-08,C0030,North,Online,P0012,Denim Jacket,Apparel,2,97.06,0.05,184.41,113.64,70.77
O003202,2025-05-08,C0236,North,Retail,P0010,Coffee Maker,Home & Kitchen,3,276.64,0.0,829.92,616.26,213.66
O003203,2025-05-08,C0110,East,Retail,P0015,Wallet,Apparel,4,245.76,0.05,933.89,599.32,334.57
O003204,2025-05-08,C0067,West,Retail,P0013,Backpack,Apparel,1,282.71,0.1,254.44,200.74,53.7
O003205,2025-05-08,C0199,West,Retail,P0007,Blender,Home & Kitchen,2,121.55,0.15,206.64,177.52,29.12
O003206,2025-05-09,C0379,West,Online,P0015,Wallet,Apparel,5,245.76,0.0,1228.8,749.15,479.65
O003207,2025-05-09,C0002,East,Retail,P0014,Sunglasses,Apparel,3,226.65,0.05,645.95,356.88,289.07
O003208,2025-05-09,C0181,West,Wholesale,P0004,Power Bank,Electronics,3,156.84,0.0,470.52,342.72,127.8
O003209,2025-05-09,C0041,North,Wholesale,P0013,Backpack,Apparel,4,282.71,0.0,1130.84,802.96,327.88
O003210,2025-05-09,C0248,North,Retail,P0003,Bluetooth Speaker,Electronics,6,365.93,0.0,2195.58,1291.98,903.6
O003211,2025-05-09,C0333,South,Online,P0020,Monitor Arm,Office Supplies,3,193.94,0.1,523.64,388.2,135.44
O003212,2025-05-09,C0346,South,Online,P0014,Sunglasses,Apparel,3,226.65,0.1,611.96,356.88,255.08
O003213,2025-05-09,C0147,North,Online,P0006,Air Fryer,Home & Kitchen,1,298.69,0.0,298.69,152.0,146.69
O003214,2025-05-09,C0182,South,Retail,P0005,Laptop Stand,Electronics,4,108.18,0.1,389.45,259.64,129.81
O003215,2025-05-10,C0256,North,Retail,P0014,Sunglasses,Apparel,6,226.65,0.15,1155.92,713.76,442.16
O003216,2025-05-10,C0034,West,Online,P0006,Air Fryer,Home & Kitchen,6,298.69,0.15,1523.32,912.0,611.32
O003217,2025-05-10,C0111,West,Retail,P0011,Running Shoes,Apparel,2,291.03,0.0,582.06,270.64,311.42
O003218,2025-05-10,C0081,West,Retail,P0015,Wallet,Apparel,4,245.76,0.0,983.04,599.32,383.72
O003219,2025-05-11,C0152,East,Online,P0011,Running Shoes,Apparel,7,291.03,0.2,1629.77,947.24,682.53
O003220,2025-05-11,C0385,East,Retail,P0018,Notebook Set,Office Supplies,6,171.61,0.0,1029.66,513.42,516.24
O003221,2025-05-11,C0326,North,Wholesale,P0001,Wireless Earbuds,Electronics,6,46.85,0.0,281.1,145.08,136.02
O003222,2025-05-11,C0331,North,Online,P0007,Blender,Home & Kitchen,4,121.55,0.15,413.27,355.04,58.23
O003223,2025-05-12,C0330,South,Retail,P0004,Power Bank,Electronics,1,156.84,0.0,156.84,114.24,42.6
O003224,2025-05-12,C0154,West,Retail,P0002,Smart Watch,Electronics,2,189.4,0.0,378.8,201.88,176.92
O003225,2025-05-12,C0074,South,Retail,P0001,Wireless Earbuds,Electronics,5,46.85,0.1,210.82,120.9,89.92
O003226,2025-05-12,C0335,South,Retail,P0002,Smart Watch,Electronics,2,189.4,0.05,359.86,201.88,157.98
O003227,2025-05-12,C0062,West,Wholesale,P0003,Bluetooth Speaker,Electronics,1,365.93,0.0,365.93,215.33,150.6
O003228,2025-05-13,C0009,North,Online,P0020,Monitor Arm,Office Supplies,5,193.94,0.2,775.76,647.0,128.76
O003229,2025-05-13,C0236,North,Retail,P0016,Ergonomic Chair,Office Supplies,7,85.32,0.1,537.52,360.01,177.51
O003230,2025-05-13,C0187,West,Online,P0006,Air Fryer,Home & Kitchen,5,298.69,0.1,1344.1,760.0,584.1
O003231,2025-05-13,C0063,West,Online,P0006,Air Fryer,Home & Kitchen,4,298.69,0.0,1194.76,608.0,586.76
O003232,2025-05-13,C0368,North,Wholesale,P0014,Sunglasses,Apparel,6,226.65,0.05,1291.9,713.76,578.14
O003233,2025-05-13,C0275,East,Online,P0010,Coffee Maker,Home & Kitchen,3,276.64,0.0,829.92,616.26,213.66
O003234,2025-05-14,C0277,North,Retail,P0007,Blender,Home & Kitchen,3,121.55,0.0,364.65,266.28,98.37
O003235,2025-05-14,C0093,West,Wholesale,P0010,Coffee Maker,Home & Kitchen,1,276.64,0.0,276.64,205.42,71.22
O003236,2025-05-14,C0222,North,Retail,P0004,Power Bank,Electronics,5,156.84,0.0,784.2,571.2,213.0
O003237,2025-05-14,C0180,South,Online,P0016,Ergonomic Chair,Office Supplies,1,85.32,0.15,72.52,51.43,21.09
O003238,2025-05-14,C0117,North,Online,P0009,Vacuum Cleaner,Home & Kitchen,1,86.66,0.1,77.99,53.24,24.75
O003239,2025-05-14,C0170,North,Wholesale,P0017,Standing Desk,Office Supplies,4,143.29,0.1,515.84,347.8,168.04
O003240,2025-05-14,C0231,West,Wholesale,P0003,Bluetooth Speaker,Electronics,1,365.93,0.05,347.63,215.33,132.3
O003241,2025-05-14,C0234,North,Retail,P0017,Standing Desk,Office Supplies,7,143.29,0.0,1003.03,608.65,394.38
O003242,2025-05-15,C0352,West,Retail,P0012,Denim Jacket,Apparel,5,97.06,0.05,461.04,284.1,176.94
O003243,2025-05-15,C0199,West,Retail,P0010,Coffee Maker,Home & Kitchen,4,276.64,0.05,1051.23,821.68,229.55
O003244,2025-05-15,C0177,South,Online,P0012,Denim Jacket,Apparel,2,97.06,0.0,194.12,113.64,80.48
O003245,2025-05-15,C0294,West,Retail,P0009,Vacuum Cleaner,Home & Kitchen,2,86.66,0.0,173.32,106.48,66.84
O003246,2025-05-15,C0285,South,Retail,P0008,Cookware Set,Home & Kitchen,5,144.8,0.2,579.2,345.45,233.75
O003247,2025-05-15,C0181,West,Wholesale,P0006,Air Fryer,Home & Kitchen,3,298.69,0.05,851.27,456.0,395.27
O003248,2025-05-15,C0169,South,Online,P0015,Wallet,Apparel,5,245.76,0.1,1105.92,749.15,356.77
O003249,2025-05-15,C0010,East,Online,P0003,Bluetooth Speaker,Electronics,7,365.93,0.0,2561.51,1507.31,1054.2
O003250,2025-05-15,C0178,South,Online,P0014,Sunglasses,Apparel,6,226.65,0.1,1223.91,713.76,510.15
O003251,2025-05-16,C0063,West,Online,P0015,Wallet,Apparel,4,245.76,0.15,835.58,599.32,236.26
O003252,2025-05-16,C0311,North,Online,P0001,Wireless Earbuds,Electronics,5,46.85,0.15,199.11,120.9,78.21
O003253,2025-05-16,C0277,North,Retail,P0008,Cookware Set,Home & Kitchen,5,144.8,0.1,651.6,345.45,306.15
O003254,2025-05-16,C0221,West,Online,P0011,Running Shoes,Apparel,7,291.03,0.0,2037.21,947.24,1089.97
O003255,2025-05-16,C0048,South,Online,P0017,Standing Desk,Office Supplies,1,143.29,0.1,128.96,86.95,42.01
O003256,2025-05-16,C0109,East,Online,P0016,Ergonomic Chair,Office Supplies,4,85.32,0.15,290.09,205.72,84.37
O003257,2025-05-17,C0093,West,Wholesale,P0001,Wireless Earbuds,Electronics,1,46.85,0.0,46.85,24.18,22.67
O003258,2025-05-17,C0372,West,Wholesale,P0005,Laptop Stand,Electronics,1,108.18,0.1,97.36,64.91,32.45
O003259,2025-05-17,C0163,West,Retail,P0011,Running Shoes,Apparel,4,291.03,0.2,931.3,541.28,390.02
O003260,2025-05-17,C0081,West,Retail,P0005,Laptop Stand,Electronics,7,108.18,0.1,681.53,454.37,227.16
O003261,2025-05-18,C0204,North,Retail,P0007,Blender,Home & Kitchen,3,121.55,0.0,364.65,266.28,98.37
O003262,2025-05-18,C0252,West,Retail,P0019,Desk Organizer,Office Supplies,6,260.68,0.0,1564.08,1025.7,538.38
O003263,2025-05-18,C0252,West,Retail,P0005,Laptop Stand,Electronics,2,108.18,0.0,216.36,129.82,86.54
O003264,2025-05-19,C0106,West,Retail,P0017,Standing Desk,Office Supplies,3,143.29,0.05,408.38,260.85,147.53
O003265,2025-05-19,C0002,East,Retail,P0012,Denim Jacket,Apparel,4,97.06,0.05,368.83,227.28,141.55
O003266,2025-05-19,C0214,South,Retail,P0017,Standing Desk,Office Supplies,7,143.29,0.15,852.58,608.65,243.93
O003267,2025-05-19,C0219,North,Retail,P0013,Backpack,Apparel,3,282.71,0.05,805.72,602.22,203.5
O003268,2025-05-19,C0089,West,Wholesale,P0020,Monitor Arm,Office Supplies,7,193.94,0.05,1289.7,905.8,383.9
O003269,2025-05-19,C0015,West,Wholesale,P0017,Standing Desk,Office Supplies,3,143.29,0.0,429.87,260.85,169.02
O003270,2025-05-19,C0144,North,Retail,P0008,Cookware Set,Home & Kitchen,7,144.8,0.15,861.56,483.63,377.93
O003271,2025-05-20,C0352,West,Retail,P0005,Laptop Stand,Electronics,6,108.18,0.05,616.63,389.46,227.17
O003272,2025-05-20,C0365,North,Retail,P0004,Power Bank,Electronics,6,156.84,0.0,941.04,685.44,255.6
O003273,2025-05-20,C0319,South,Online,P0017,Standing Desk,Office Supplies,2,143.29,0.0,286.58,173.9,112.68
O003274,2025-05-20,C0219,North,Retail,P0008,Cookware Set,Home & Kitchen,3,144.8,0.0,434.4,207.27,227.13
O003275,2025-05-20,C0001,South,Retail,P0012,Denim Jacket,Apparel,4,97.06,0.05,368.83,227.28,141.55
O003276,2025-05-21,C0001,South,Retail,P0007,Blender,Home & Kitchen,4,121.55,0.0,486.2,355.04,131.16
O003277,2025-05-21,C0170,North,Wholesale,P0013,Backpack,Apparel,7,282.71,0.05,1880.02,1405.18,474.84
O003278,2025-05-21,C0191,East,Online,P0003,Bluetooth Speaker,Electronics,4,365.93,0.1,1317.35,861.32,456.03
O003279,2025-05-21,C0335,South,Retail,P0007,Blender,Home & Kitchen,2,121.55,0.0,243.1,177.52,65.58
O003280,2025-05-21,C0189,South,Wholesale,P0019,Desk Organizer,Office Supplies,5,260.68,0.0,1303.4,854.75,448.65
O003281,2025-05-21,C0283,West,Retail,P0001,Wireless Earbuds,Electronics,1,46.85,0.0,46.85,24.18,22.67
O003282,2025-05-21,C0235,South,Wholesale,P0003,Bluetooth Speaker,Electronics,5,365.93,0.1,1646.69,1076.65,570.04
O003283,2025-05-21,C0104,South,Online,P0012,Denim Jacket,Apparel,1,97.06,0.0,97.06,56.82,40.24
O003284,2025-05-21,C0311,North,Online,P0013,Backpack,Apparel,1,282.71,0.15,240.3,200.74,39.56
O003285,2025-05-21,C0088,North,Online,P0005,Laptop Stand,Electronics,1,108.18,0.05,102.77,64.91,37.86
O003286,2025-05-22,C0147,North,Online,P0005,Laptop Stand,Electronics,1,108.18,0.1,97.36,64.91,32.45
O003287,2025-05-22,C0127,North,Retail,P0019,Desk Organizer,Office Supplies,4,260.68,0.0,1042.72,683.8,358.92
O003288,2025-05-22,C0376,North,Online,P0009,Vacuum Cleaner,Home & Kitchen,5,86.66,0.0,433.3,266.2,167.1
O003289,2025-05-22,C0128,West,Retail,P0009,Vacuum Cleaner,Home & Kitchen,5,86.66,0.15,368.3,266.2,102.1
O003290,2025-05-22,C0337,North,Online,P0009,Vacuum Cleaner,Home & Kitchen,1,86.66,0.05,82.33,53.24,29.09
O003291,2025-05-22,C0253,North,Online,P0007,Blender,Home & Kitchen,3,121.55,0.1,328.18,266.28,61.9
O003292,2025-05-22,C0185,North,Retail,P0005,Laptop Stand,Electronics,4,108.18,0.1,389.45,259.64,129.81
O003293,2025-05-22,C0358,East,Online,P0007,Blender,Home & Kitchen,5,121.55,0.0,607.75,443.8,163.95
O003294,2025-05-23,C0260,North,Retail,P0010,Coffee Maker,Home & Kitchen,1,276.64,0.05,262.81,205.42,57.39
O003295,2025-05-23,C0111,West,Retail,P0002,Smart Watch,Electronics,2,189.4,0.05,359.86,201.88,157.98
O003296,2025-05-23,C0385,East,Retail,P0007,Blender,Home & Kitchen,3,121.55,0.0,364.65,266.28,98.37
O003297,2025-05-23,C0242,North,Online,P0016,Ergonomic Chair,Office Supplies,7,85.32,0.0,597.24,360.01,237.23
O003298,2025-05-23,C0272,West,Retail,P0009,Vacuum Cleaner,Home & Kitchen,4,86.66,0.1,311.98,212.96,99.02
O003299,2025-05-23,C0118,South,Retail,P0017,Standing Desk,Office Supplies,7,143.29,0.1,902.73,608.65,294.08
O003300,2025-05-23,C0280,North,Retail,P0010,Coffee Maker,Home & Kitchen,3,276.64,0.0,829.92,616.26,213.66
O003301,2025-05-23,C0393,North,Retail,P0008,Cookware Set,Home & Kitchen,6,144.8,0.0,868.8,414.54,454.26
O003302,2025-05-23,C0314,East,Retail,P0003,Bluetooth Speaker,Electronics,5,365.93,0.05,1738.17,1076.65,661.52
O003303,2025-05-24,C0314,East,Retail,P0003,Bluetooth Speaker,Electronics,5,365.93,0.1,1646.69,1076.65,570.04
O003304,2025-05-24,C0144,North,Retail,P0005,Laptop Stand,Electronics,1,108.18,0.15,91.95,64.91,27.04
O003305,2025-05-24,C0174,West,Retail,P0015,Wallet,Apparel,2,245.76,0.0,491.52,299.66,191.86
O003306,2025-05-24,C0352,West,Retail,P0009,Vacuum Cleaner,Home & Kitchen,2,86.66,0.05,164.65,106.48,58.17
O003307,2025-05-24,C0236,North,Retail,P0009,Vacuum Cleaner,Home & Kitchen,1,86.66,0.0,86.66,53.24,33.42
O003308,2025-05-25,C0066,South,Retail,P0019,Desk Organizer,Office Supplies,1,260.68,0.0,260.68,170.95,89.73
O003309,2025-05-25,C0007,East,Wholesale,P0011,Running Shoes,Apparel,7,291.03,0.0,2037.21,947.24,1089.97
O003310,2025-05-25,C0193,West,Online,P0020,Monitor Arm,Office Supplies,4,193.94,0.0,775.76,517.6,258.16
O003311,2025-05-25,C0029,West,Online,P0009,Vacuum Cleaner,Home & Kitchen,5,86.66,0.1,389.97,266.2,123.77
O003312,2025-05-25,C0099,South,Wholesale,P0018,Notebook Set,Office Supplies,2,171.61,0.0,343.22,171.14,172.08
O003313,2025-05-25,C0343,East,Retail,P0017,Standing Desk,Office Supplies,5,143.29,0.05,680.63,434.75,245.88
O003314,2025-05-26,C0192,West,Online,P0006,Air Fryer,Home & Kitchen,2,298.69,0.05,567.51,304.0,263.51
O003315,2025-05-26,C0245,West,Wholesale,P0019,Desk Organizer,Office Supplies,4,260.68,0.0,1042.72,683.8,358.92
O003316,2025-05-26,C0030,North,Online,P0013,Backpack,Apparel,1,282.71,0.1,254.44,200.74,53.7
O003317,2025-05-26,C0145,West,Retail,P0007,Blender,Home & Kitchen,2,121.55,0.0,243.1,177.52,65.58
O003318,2025-05-26,C0380,West,Wholesale,P0008,Cookware Set,Home & Kitchen,7,144.8,0.0,1013.6,483.63,529.97
O003319,2025-05-26,C0138,East,Retail,P0017,Standing Desk,Office Supplies,5,143.29,0.0,716.45,434.75,281.7
O003320,2025-05-27,C0183,West,Retail,P0014,Sunglasses,Apparel,7,226.65,0.0,1586.55,832.72,753.83
O003321,2025-05-27,C0400,South,Online,P0002,Smart Watch,Electronics,2,189.4,0.1,340.92,201.88,139.04
O003322,2025-05-27,C0251,East,Online,P0020,Monitor Arm,Office Supplies,5,193.94,0.05,921.22,647.0,274.22
O003323,2025-05-27,C0289,North,Online,P0003,Bluetooth Speaker,Electronics,5,365.93,0.05,1738.17,1076.65,661.52
O003324,2025-05-27,C0320,South,Retail,P0014,Sunglasses,Apparel,2,226.65,0.1,407.97,237.92,170.05
O003325,2025-05-27,C0062,West,Wholesale,P0015,Wallet,Apparel,7,245.76,0.0,1720.32,1048.81,671.51
O003326,2025-05-27,C0222,North,Retail,P0001,Wireless Earbuds,Electronics,7,46.85,0.05,311.55,169.26,142.29
O003327,2025-05-27,C0101,West,Retail,P0020,Monitor Arm,Office Supplies,5,193.94,0.05,921.22,647.0,274.22
O003328,2025-05-28,C0219,North,Retail,P0019,Desk Organizer,Office Supplies,5,260.68,0.1,1173.06,854.75,318.31
O003329,2025-05-28,C0096,East,Retail,P0005,Laptop Stand,Electronics,6,108.18,0.0,649.08,389.46,259.62
O003330,2025-05-28,C0374,West,Retail,P0013,Backpack,Apparel,2,282.71,0.05,537.15,401.48,135.67
O003331,2025-05-28,C0109,East,Online,P0008,Cookware Set,Home & Kitchen,5,144.8,0.0,724.0,345.45,378.55
O003332,2025-05-28,C0249,South,Online,P0019,Desk Organizer,Office Supplies,2,260.68,0.05,495.29,341.9,153.39
O003333,2025-05-28,C0199,West,Retail,P0011,Running Shoes,Apparel,4,291.03,0.0,1164.12,541.28,622.84
O003334,2025-05-28,C0119,South,Online,P0014,Sunglasses,Apparel,5,226.65,0.05,1076.59,594.8,481.79
O003335,2025-05-28,C0364,West,Retail,P0009,Vacuum Cleaner,Home & Kitchen,2,86.66,0.0,173.32,106.48,66.84
O003336,2025-05-29,C0057,East,Retail,P0018,Notebook Set,Office Supplies,6,171.61,0.05,978.18,513.42,464.76
O003337,2025-05-29,C0277,North,Retail,P0008,Cookware Set,Home & Kitchen,6,144.8,0.0,868.8,414.54,454.26
O003338,2025-05-29,C0085,East,Retail,P0002,Smart Watch,Electronics,3,189.4,0.05,539.79,302.82,236.97
O003339,2025-05-30,C0264,South,Retail,P0013,Backpack,Apparel,2,282.71,0.05,537.15,401.48,135.67
O003340,2025-05-30,C0101,West,Retail,P0010,Coffee Maker,Home & Kitchen,3,276.64,0.1,746.93,616.26,130.67
O003341,2025-05-30,C0123,West,Retail,P0002,Smart Watch,Electronics,7,189.4,0.1,1193.22,706.58,486.64
O003342,2025-05-30,C0110,East,Retail,P0009,Vacuum Cleaner,Home & Kitchen,4,86.66,0.0,346.64,212.96,133.68
O003343,2025-05-30,C0398,West,Retail,P0010,Coffee Maker,Home & Kitchen,4,276.64,0.1,995.9,821.68,174.22
O003344,2025-05-30,C0301,East,Retail,P0010,Coffee Maker,Home & Kitchen,4,276.64,0.1,995.9,821.68,174.22
O003345,2025-05-30,C0116,South,Retail,P0018,Notebook Set,Office Supplies,4,171.61,0.15,583.47,342.28,241.19
O003346,2025-05-30,C0111,West,Retail,P0001,Wireless Earbuds,Electronics,7,46.85,0.0,327.95,169.26,158.69
O003347,2025-05-30,C0365,North,Retail,P0014,Sunglasses,Apparel,4,226.65,0.0,906.6,475.84,430.76
O003348,2025-05-30,C0251,East,Online,P0017,Standing Desk,Office Supplies,6,143.29,0.0,859.74,521.7,338.04
O003349,2025-05-30,C0301,East,Retail,P0006,Air Fryer,Home & Kitchen,7,298.69,0.0,2090.83,1064.0,1026.83
O003350,2025-05-31,C0260,North,Retail,P0015,Wallet,Apparel,6,245.76,0.0,1474.56,898.98,575.58
O003351,2025-05-31,C0137,West,Online,P0020,Monitor Arm,Office Supplies,6,193.94,0.0,1163.64,776.4,387.24
O003352,2025-05-31,C0393,North,Retail,P0015,Wallet,Apparel,4,245.76,0.05,933.89,599.32,334.57
O003353,2025-05-31,C0236,North,Retail,P0006,Air Fryer,Home & Kitchen,1,298.69,0.0,298.69,152.0,146.69
O003354,2025-05-31,C0266,South,Retail,P0019,Desk Organizer,Office Supplies,1,260.68,0.05,247.65,170.95,76.7
O003355,2025-05-31,C0352,West,Retail,P0005,Laptop Stand,Electronics,6,108.18,0.1,584.17,389.46,194.71
O003356,2025-06-01,C0320,South,Retail,P0007,Blender,Home & Kitchen,4,121.55,0.1,437.58,355.04,82.54
O003357,2025-06-01,C0013,East,Retail,P0008,Cookware Set,Home & Kitchen,3,144.8,0.0,434.4,207.27,227.13
O003358,2025-06-01,C0133,North,Retail,P0013,Backpack,Apparel,1,282.71,0.1,254.44,200.74,53.7
O003359,2025-06-01,C0249,South,Online,P0003,Bluetooth Speaker,Electronics,5,365.93,0.1,1646.69,1076.65,570.04
O003360,2025-06-02,C0192,West,Online,P0002,Smart Watch,Electronics,2,189.4,0.1,340.92,201.88,139.04
O003361,2025-06-02,C0182,South,Retail,P0016,Ergonomic Chair,Office Supplies,3,85.32,0.05,243.16,154.29,88.87
O003362,2025-06-02,C0007,East,Wholesale,P0016,Ergonomic Chair,Office Supplies,2,85.32,0.0,170.64,102.86,67.78
O003363,2025-06-02,C0286,West,Online,P0009,Vacuum Cleaner,Home & Kitchen,4,86.66,0.0,346.64,212.96,133.68
O003364,2025-06-02,C0145,West,Retail,P0011,Running Shoes,Apparel,3,291.03,0.1,785.78,405.96,379.82
O003365,2025-06-02,C0323,West,Online,P0002,Smart Watch,Electronics,4,189.4,0.05,719.72,403.76,315.96
O003366,2025-06-03,C0343,East,Retail,P0013,Backpack,Apparel,7,282.71,0.1,1781.07,1405.18,375.89
O003367,2025-06-03,C0126,North,Retail,P0013,Backpack,Apparel,5,282.71,0.15,1201.52,1003.7,197.82
O003368,2025-06-03,C0267,West,Retail,P0007,Blender,Home & Kitchen,2,121.55,0.1,218.79,177.52,41.27
O003369,2025-06-03,C0378,East,Online,P0016,Ergonomic Chair,Office Supplies,2,85.32,0.05,162.11,102.86,59.25
O003370,2025-06-03,C0238,West,Wholesale,P0010,Coffee Maker,Home & Kitchen,2,276.64,0.1,497.95,410.84,87.11
O003371,2025-06-04,C0180,South,Online,P0018,Notebook Set,Office Supplies,3,171.61,0.05,489.09,256.71,232.38
O003372,2025-06-04,C0051,East,Retail,P0017,Standing Desk,Office Supplies,4,143.29,0.1,515.84,347.8,168.04
O003373,2025-06-04,C0320,South,Retail,P0016,Ergonomic Chair,Office Supplies,3,85.32,0.0,255.96,154.29,101.67
O003374,2025-06-04,C0334,South,Retail,P0017,Standing Desk,Office Supplies,4,143.29,0.1,515.84,347.8,168.04
O003375,2025-06-04,C0323,West,Online,P0001,Wireless Earbuds,Electronics,6,46.85,0.0,281.1,145.08,136.02
O003376,2025-06-04,C0180,South,Online,P0002,Smart Watch,Electronics,7,189.4,0.0,1325.8,706.58,619.22
O003377,2025-06-04,C0195,South,Retail,P0004,Power Bank,Electronics,5,156.84,0.0,784.2,571.2,213.0
O003378,2025-06-05,C0298,West,Retail,P0015,Wallet,Apparel,4,245.76,0.1,884.74,599.32,285.42
O003379,2025-06-05,C0076,North,Retail,P0005,Laptop Stand,Electronics,6,108.18,0.05,616.63,389.46,227.17
O003380,2025-06-05,C0322,East,Retail,P0020,Monitor Arm,Office Supplies,5,193.94,0.0,969.7,647.0,322.7
O003381,2025-06-05,C0256,North,Retail,P0001,Wireless Earbuds,Electronics,7,46.85,0.0,327.95,169.26,158.69
O003382,2025-06-06,C0278,East,Online,P0012,Denim Jacket,Apparel,2,97.06,0.05,184.41,113.64,70.77
O003383,2025-06-06,C0142,South,Online,P0002,Smart Watch,Electronics,1,189.4,0.1,170.46,100.94,69.52
O003384,2025-06-06,C0226,East,Wholesale,P0007,Blender,Home & Kitchen,1,121.55,0.15,103.32,88.76,14.56
O003385,2025-06-06,C0093,West,Wholesale,P0004,Power Bank,Electronics,2,156.84,0.0,313.68,228.48,85.2
O003386,2025-06-06,C0032,West,Retail,P0007,Blender,Home & Kitchen,7,121.55,0.15,723.22,621.32,101.9
O003387,2025-06-06,C0283,West,Retail,P0013,Backpack,Apparel,2,282.71,0.05,537.15,401.48,135.67
O003388,2025-06-06,C0191,East,Online,P0007,Blender,Home & Kitchen,2,121.55,0.0,243.1,177.52,65.58
O003389,2025-06-06,C0061,North,Online,P0016,Ergonomic Chair,Office Supplies,6,85.32,0.05,486.32,308.58,177.74
O003390,2025-06-06,C0188,South,Retail,P0015,Wallet,Apparel,5,245.76,0.0,1228.8,749.15,479.65
O003391,2025-06-07,C0260,North,Retail,P0012,Denim Jacket,Apparel,2,97.06,0.0,194.12,113.64,80.48
O003392,2025-06-07,C0288,West,Online,P0017,Standing Desk,Office Supplies,4,143.29,0.15,487.19,347.8,139.39
O003393,2025-06-07,C0177,South,Online,P0018,Notebook Set,Office Supplies,1,171.61,0.0,171.61,85.57,86.04
O003394,2025-06-07,C0152,East,Online,P0003,Bluetooth Speaker,Electronics,7,365.93,0.2,2049.21,1507.31,541.9
O003395,2025-06-07,C0276,South,Wholesale,P0012,Denim Jacket,Apparel,2,97.06,0.0,194.12,113.64,80.48
O003396,2025-06-08,C0087,South,Wholesale,P0009,Vacuum Cleaner,Home & Kitchen,5,86.66,0.15,368.3,266.2,102.1
O003397,2025-06-08,C0128,West,Retail,P0013,Backpack,Apparel,7,282.71,0.1,1781.07,1405.18,375.89
O003398,2025-06-08,C0223,West,Wholesale,P0008,Cookware Set,Home & Kitchen,1,144.8,0.2,115.84,69.09,46.75
O003399,2025-06-08,C0057,East,Retail,P0016,Ergonomic Chair,Office Supplies,2,85.32,0.0,170.64,102.86,67.78
O003400,2025-06-08,C0107,East,Retail,P0016,Ergonomic Chair,Office Supplies,5,85.32,0.0,426.6,257.15,169.45
O003401,2025-06-08,C0339,West,Retail,P0014,Sunglasses,Apparel,7,226.65,0.15,1348.57,832.72,515.85
O003402,2025-06-08,C0260,North,Retail,P0007,Blender,Home & Kitchen,7,121.55,0.05,808.31,621.32,186.99
O003403,2025-06-08,C0133,North,Retail,P0019,Desk Organizer,Office Supplies,6,260.68,0.05,1485.88,1025.7,460.18
O003404,2025-06-08,C0256,North,Retail,P0013,Backpack,Apparel,5,282.71,0.0,1413.55,1003.7,409.85
O003405,2025-06-08,C0138,East,Retail,P0020,Monitor Arm,Office Supplies,3,193.94,0.05,552.73,388.2,164.53
O003406,2025-06-09,C0210,East,Wholesale,P0005,Laptop Stand,Electronics,4,108.18,0.15,367.81,259.64,108.17
O003407,2025-06-09,C0274,North,Online,P0015,Wallet,Apparel,3,245.76,0.05,700.42,449.49,250.93
O003408,2025-06-10,C0121,North,Online,P0015,Wallet,Apparel,5,245.76,0.0,1228.8,749.15,479.65
O003409,2025-06-10,C0182,South,Retail,P0005,Laptop Stand,Electronics,5,108.18,0.0,540.9,324.55,216.35
O003410,2025-06-10,C0329,East,Online,P0010,Coffee Maker,Home & Kitchen,1,276.64,0.0,276.64,205.42,71.22
O003411,2025-06-10,C0002,East,Retail,P0019,Desk Organizer,Office Supplies,6,260.68,0.15,1329.47,1025.7,303.77
O003412,2025-06-10,C0055,North,Retail,P0011,Running Shoes,Apparel,5,291.03,0.1,1309.64,676.6,633.04
O003413,2025-06-10,C0371,East,Wholesale,P0003,Bluetooth Speaker,Electronics,4,365.93,0.1,1317.35,861.32,456.03
O003414,2025-06-10,C0221,West,Online,P0019,Desk Organizer,Office Supplies,3,260.68,0.0,782.04,512.85,269.19
O003415,2025-06-10,C0228,East,Online,P0001,Wireless Earbuds,Electronics,7,46.85,0.0,327.95,169.26,158.69
O003416,2025-06-11,C0372,West,Wholesale,P0016,Ergonomic Chair,Office Supplies,7,85.32,0.0,597.24,360.01,237.23
O003417,2025-06-11,C0157,East,Online,P0011,Running Shoes,Apparel,1,291.03,0.05,276.48,135.32,141.16
O003418,2025-06-11,C0077,North,Wholesale,P0008,Cookware Set,Home & Kitchen,3,144.8,0.05,412.68,207.27,205.41
O003419,2025-06-11,C0179,East,Retail,P0005,Laptop Stand,Electronics,7,108.18,0.0,757.26,454.37,302.89
O003420,2025-06-12,C0301,East,Retail,P0017,Standing Desk,Office Supplies,6,143.29,0.15,730.78,521.7,209.08
O003421,2025-06-12,C0189,South,Wholesale,P0011,Running Shoes,Apparel,4,291.03,0.05,1105.91,541.28,564.63
O003422,2025-06-12,C0316,West,Retail,P0009,Vacuum Cleaner,Home & Kitchen,1,86.66,0.05,82.33,53.24,29.09
O003423,2025-06-12,C0311,North,Online,P0004,Power Bank,Electronics,3,156.84,0.05,446.99,342.72,104.27
O003424,2025-06-12,C0397,North,Wholesale,P0020,Monitor Arm,Office Supplies,1,193.94,0.0,193.94,129.4,64.54
O003425,2025-06-12,C0061,North,Online,P0009,Vacuum Cleaner,Home & Kitchen,2,86.66,0.2,138.66,106.48,32.18
O003426,2025-06-13,C0116,South,Retail,P0018,Notebook Set,Office Supplies,4,171.61,0.1,617.8,342.28,275.52
O003427,2025-06-13,C0343,East,Retail,P0002,Smart Watch,Electronics,6,189.4,0.1,1022.76,605.64,417.12
O003428,2025-06-13,C0393,North,Retail,P0014,Sunglasses,Apparel,2,226.65,0.0,453.3,237.92,215.38
O003429,2025-06-13,C0106,West,Retail,P0005,Laptop Stand,Electronics,3,108.18,0.1,292.09,194.73,97.36
O003430,2025-06-14,C0333,South,Online,P0012,Denim Jacket,Apparel,1,97.06,0.1,87.35,56.82,30.53
O003431,2025-06-14,C0298,West,Retail,P0016,Ergonomic Chair,Office Supplies,3,85.32,0.05,243.16,154.29,88.87
O003432,2025-06-14,C0253,North,Online,P0015,Wallet,Apparel,6,245.76,0.15,1253.38,898.98,354.4
O003433,2025-06-14,C0373,West,Wholesale,P0011,Running Shoes,Apparel,1,291.03,0.1,261.93,135.32,126.61
O003434,2025-06-14,C0283,West,Retail,P0007,Blender,Home & Kitchen,1,121.55,0.1,109.4,88.76,20.64
O003435,2025-06-14,C0356,North,Wholesale,P0012,Denim Jacket,Apparel,2,97.06,0.0,194.12,113.64,80.48
O003436,2025-06-16,C0044,East,Online,P0017,Standing Desk,Office Supplies,3,143.29,0.0,429.87,260.85,169.02
O003437,2025-06-16,C0340,South,Online,P0009,Vacuum Cleaner,Home & Kitchen,3,86.66,0.1,233.98,159.72,74.26
O003438,2025-06-16,C0019,North,Retail,P0010,Coffee Maker,Home & Kitchen,6,276.64,0.05,1576.85,1232.52,344.33
O003439,2025-06-16,C0193,West,Online,P0016,Ergonomic Chair,Office Supplies,1,85.32,0.15,72.52,51.43,21.09
O003440,2025-06-16,C0037,East,Wholesale,P0009,Vacuum Cleaner,Home & Kitchen,1,86.66,0.1,77.99,53.24,24.75
O003441,2025-06-16,C0268,West,Retail,P0001,Wireless Earbuds,Electronics,5,46.85,0.05,222.54,120.9,101.64
O003442,2025-06-16,C0060,West,Retail,P0019,Desk Organizer,Office Supplies,1,260.68,0.1,234.61,170.95,63.66
O003443,2025-06-17,C0024,South,Online,P0010,Coffee Maker,Home & Kitchen,4,276.64,0.15,940.58,821.68,118.9
O003444,2025-06-17,C0374,West,Retail,P0009,Vacuum Cleaner,Home & Kitchen,6,86.66,0.0,519.96,319.44,200.52
O003445,2025-06-17,C0081,West,Retail,P0005,Laptop Stand,Electronics,7,108.18,0.0,757.26,454.37,302.89
O003446,2025-06-17,C0091,South,Retail,P0018,Notebook Set,Office Supplies,7,171.61,0.0,1201.27,598.99,602.28
O003447,2025-06-17,C0079,West,Retail,P0017,Standing Desk,Office Supplies,2,143.29,0.0,286.58,173.9,112.68
O003448,2025-06-17,C0044,East,Online,P0014,Sunglasses,Apparel,5,226.65,0.1,1019.92,594.8,425.12
O003449,2025-06-18,C0266,South,Retail,P0011,Running Shoes,Apparel,4,291.03,0.0,1164.12,541.28,622.84
O003450,2025-06-18,C0212,West,Online,P0011,Running Shoes,Apparel,2,291.03,0.05,552.96,270.64,282.32
O003451,2025-06-18,C0103,North,Wholesale,P0018,Notebook Set,Office Supplies,7,171.61,0.0,1201.27,598.99,602.28
O003452,2025-06-18,C0300,South,Retail,P0006,Air Fryer,Home & Kitchen,4,298.69,0.0,1194.76,608.0,586.76
O003453,2025-06-18,C0309,West,Retail,P0018,Notebook Set,Office Supplies,6,171.61,0.2,823.73,513.42,310.31
O003454,2025-06-18,C0269,North,Online,P0002,Smart Watch,Electronics,1,189.4,0.0,189.4,100.94,88.46
O003455,2025-06-18,C0371,East,Wholesale,P0016,Ergonomic Chair,Office Supplies,6,85.32,0.1,460.73,308.58,152.15
O003456,2025-06-18,C0076,North,Retail,P0005,Laptop Stand,Electronics,4,108.18,0.0,432.72,259.64,173.08
O003457,2025-06-18,C0081,West,Retail,P0002,Smart Watch,Electronics,2,189.4,0.1,340.92,201.88,139.04
O003458,2025-06-18,C0134,East,Online,P0003,Bluetooth Speaker,Electronics,2,365.93,0.0,731.86,430.66,301.2
O003459,2025-06-19,C0289,North,Online,P0012,Denim Jacket,Apparel,1,97.06,0.0,97.06,56.82,40.24
O003460,2025-06-19,C0045,West,Retail,P0008,Cookware Set,Home & Kitchen,2,144.8,0.0,289.6,138.18,151.42
O003461,2025-06-19,C0354,North,Retail,P0002,Smart Watch,Electronics,1,189.4,0.0,189.4,100.94,88.46
O003462,2025-06-19,C0016,West,Retail,P0015,Wallet,Apparel,6,245.76,0.1,1327.1,898.98,428.12
O003463,2025-06-20,C0122,East,Retail,P0005,Laptop Stand,Electronics,5,108.18,0.15,459.77,324.55,135.22
O003464,2025-06-20,C0155,East,Retail,P0017,Standing Desk,Office Supplies,5,143.29,0.0,716.45,434.75,281.7
O003465,2025-06-20,C0230,East,Retail,P0009,Vacuum Cleaner,Home & Kitchen,2,86.66,0.0,173.32,106.48,66.84
O003466,2025-06-20,C0124,East,Wholesale,P0020,Monitor Arm,Office Supplies,5,193.94,0.0,969.7,647.0,322.7
O003467,2025-06-20,C0359,North,Retail,P0009,Vacuum Cleaner,Home & Kitchen,7,86.66,0.0,606.62,372.68,233.94
O003468,2025-06-21,C0325,West,Wholesale,P0008,Cookware Set,Home & Kitchen,4,144.8,0.05,550.24,276.36,273.88
O003469,2025-06-21,C0219,North,Retail,P0002,Smart Watch,Electronics,3,189.4,0.0,568.2,302.82,265.38
O003470,2025-06-21,C0327,South,Online,P0009,Vacuum Cleaner,Home & Kitchen,3,86.66,0.05,246.98,159.72,87.26
O003471,2025-06-21,C0162,West,Online,P0010,Coffee Maker,Home & Kitchen,7,276.64,0.05,1839.66,1437.94,401.72
O003472,2025-06-21,C0292,East,Retail,P0008,Cookware Set,Home & Kitchen,5,144.8,0.05,687.8,345.45,342.35
O003473,2025-06-21,C0030,North,Online,P0016,Ergonomic Chair,Office Supplies,7,85.32,0.05,567.38,360.01,207.37
O003474,2025-06-21,C0051,East,Retail,P0013,Backpack,Apparel,6,282.71,0.1,1526.63,1204.44,322.19
O003475,2025-06-21,C0205,South,Wholesale,P0003,Bluetooth Speaker,Electronics,7,365.93,0.0,2561.51,1507.31,1054.2
O003476,2025-06-22,C0150,North,Retail,P0019,Desk Organizer,Office Supplies,4,260.68,0.0,1042.72,683.8,358.92
O003477,2025-06-22,C0318,South,Retail,P0012,Denim Jacket,Apparel,3,97.06,0.05,276.62,170.46,106.16
O003478,2025-06-22,C0317,South,Retail,P0009,Vacuum Cleaner,Home & Kitchen,6,86.66,0.0,519.96,319.44,200.52
O003479,2025-06-22,C0400,South,Online,P0016,Ergonomic Chair,Office Supplies,2,85.32,0.05,162.11,102.86,59.25
O003480,2025-06-22,C0205,South,Wholesale,P0004,Power Bank,Electronics,1,156.84,0.05,149.0,114.24,34.76
O003481,2025-06-22,C0115,West,Wholesale,P0011,Running Shoes,Apparel,1,291.03,0.0,291.03,135.32,155.71
O003482,2025-06-22,C0108,North,Online,P0008,Cookware Set,Home & Kitchen,2,144.8,0.0,289.6,138.18,151.42
O003483,2025-06-23,C0280,North,Retail,P0005,Laptop Stand,Electronics,2,108.18,0.15,183.91,129.82,54.09
O003484,2025-06-23,C0287,North,Wholesale,P0019,Desk Organizer,Office Supplies,4,260.68,0.05,990.58,683.8,306.78
O003485,2025-06-23,C0252,West,Retail,P0016,Ergonomic Chair,Office Supplies,3,85.32,0.05,243.16,154.29,88.87
O003486,2025-06-23,C0173,South,Online,P0007,Blender,Home & Kitchen,6,121.55,0.0,729.3,532.56,196.74
O003487,2025-06-23,C0160,West,Wholesale,P0012,Denim Jacket,Apparel,7,97.06,0.0,679.42,397.74,281.68
O003488,2025-06-23,C0223,West,Wholesale,P0020,Monitor Arm,Office Supplies,2,193.94,0.0,387.88,258.8,129.08
O003489,2025-06-23,C0179,East,Retail,P0020,Monitor Arm,Office Supplies,5,193.94,0.0,969.7,647.0,322.7
O003490,2025-06-24,C0311,North,Online,P0015,Wallet,Apparel,6,245.76,0.05,1400.83,898.98,501.85
O003491,2025-06-24,C0309,West,Retail,P0002,Smart Watch,Electronics,1,189.4,0.05,179.93,100.94,78.99
O003492,2025-06-24,C0197,East,Retail,P0016,Ergonomic Chair,Office Supplies,1,85.32,0.1,76.79,51.43,25.36
O003493,2025-06-24,C0380,West,Wholesale,P0006,Air Fryer,Home & Kitchen,4,298.69,0.2,955.81,608.0,347.81
O003494,2025-06-24,C0386,North,Online,P0007,Blender,Home & Kitchen,4,121.55,0.0,486.2,355.04,131.16
O003495,2025-06-24,C0347,South,Online,P0020,Monitor Arm,Office Supplies,7,193.94,0.1,1221.82,905.8,316.02
O003496,2025-06-24,C0235,South,Wholesale,P0005,Laptop Stand,Electronics,6,108.18,0.0,649.08,389.46,259.62
O003497,2025-06-24,C0064,East,Online,P0010,Coffee Maker,Home & Kitchen,2,276.64,0.1,497.95,410.84,87.11
O003498,2025-06-24,C0206,South,Retail,P0004,Power Bank,Electronics,4,156.84,0.15,533.26,456.96,76.3
O003499,2025-06-24,C0016,West,Retail,P0011,Running Shoes,Apparel,7,291.03,0.2,1629.77,947.24,682.53
O003500,2025-06-24,C0160,West,Wholesale,P0008,Cookware Set,Home & Kitchen,5,144.8,0.2,579.2,345.45,233.75
O003501,2025-06-24,C0277,North,Retail,P0003,Bluetooth Speaker,Electronics,1,365.93,0.0,365.93,215.33,150.6
O003502,2025-06-25,C0347,South,Online,P0017,Standing Desk,Office Supplies,1,143.29,0.05,136.13,86.95,49.18
O003503,2025-06-25,C0037,East,Wholesale,P0012,Denim Jacket,Apparel,2,97.06,0.0,194.12,113.64,80.48
O003504,2025-06-25,C0111,West,Retail,P0016,Ergonomic Chair,Office Supplies,7,85.32,0.0,597.24,360.01,237.23
O003505,2025-06-25,C0008,South,Retail,P0019,Desk Organizer,Office Supplies,2,260.68,0.0,521.36,341.9,179.46
O003506,2025-06-25,C0018,West,Wholesale,P0013,Backpack,Apparel,7,282.71,0.05,1880.02,1405.18,474.84
O003507,2025-06-25,C0366,East,Online,P0007,Blender,Home & Kitchen,5,121.55,0.05,577.36,443.8,133.56
O003508,2025-06-25,C0219,North,Retail,P0010,Coffee Maker,Home & Kitchen,6,276.64,0.15,1410.86,1232.52,178.34
O003509,2025-06-25,C0350,East,Online,P0011,Running Shoes,Apparel,1,291.03,0.05,276.48,135.32,141.16
O003510,2025-06-25,C0364,West,Retail,P0014,Sunglasses,Apparel,6,226.65,0.0,1359.9,713.76,646.14
O003511,2025-06-26,C0174,West,Retail,P0016,Ergonomic Chair,Office Supplies,4,85.32,0.0,341.28,205.72,135.56
O003512,2025-06-26,C0214,South,Retail,P0018,Notebook Set,Office Supplies,5,171.61,0.15,729.34,427.85,301.49
O003513,2025-06-26,C0074,South,Retail,P0017,Standing Desk,Office Supplies,7,143.29,0.05,952.88,608.65,344.23
O003514,2025-06-26,C0170,North,Wholesale,P0008,Cookware Set,Home & Kitchen,2,144.8,0.1,260.64,138.18,122.46
O003515,2025-06-27,C0398,West,Retail,P0018,Notebook Set,Office Supplies,1,171.61,0.0,171.61,85.57,86.04
O003516,2025-06-27,C0191,East,Online,P0011,Running Shoes,Apparel,4,291.03,0.15,989.5,541.28,448.22
O003517,2025-06-27,C0246,East,Retail,P0016,Ergonomic Chair,Office Supplies,3,85.32,0.1,230.36,154.29,76.07
O003518,2025-06-27,C0049,West,Retail,P0015,Wallet,Apparel,3,245.76,0.05,700.42,449.49,250.93
O003519,2025-06-27,C0159,West,Retail,P0007,Blender,Home & Kitchen,6,121.55,0.0,729.3,532.56,196.74
O003520,2025-06-27,C0317,South,Retail,P0020,Monitor Arm,Office Supplies,7,193.94,0.0,1357.58,905.8,451.78
O003521,2025-06-27,C0365,North,Retail,P0013,Backpack,Apparel,5,282.71,0.0,1413.55,1003.7,409.85
O003522,2025-06-28,C0058,North,Retail,P0012,Denim Jacket,Apparel,5,97.06,0.1,436.77,284.1,152.67
O003523,2025-06-28,C0088,North,Online,P0003,Bluetooth Speaker,Electronics,7,365.93,0.1,2305.36,1507.31,798.05
O003524,2025-06-28,C0030,North,Online,P0004,Power Bank,Electronics,5,156.84,0.05,744.99,571.2,173.79
O003525,2025-06-28,C0354,North,Retail,P0017,Standing Desk,Office Supplies,6,143.29,0.15,730.78,521.7,209.08
O003526,2025-06-29,C0067,West,Retail,P0010,Coffee Maker,Home & Kitchen,7,276.64,0.0,1936.48,1437.94,498.54
O003527,2025-06-29,C0134,East,Online,P0008,Cookware Set,Home & Kitchen,6,144.8,0.2,695.04,414.54,280.5
O003528,2025-06-29,C0296,North,Wholesale,P0013,Backpack,Apparel,3,282.71,0.0,848.13,602.22,245.91
O003529,2025-06-29,C0066,South,Retail,P0017,Standing Desk,Office Supplies,5,143.29,0.0,716.45,434.75,281.7
O003530,2025-06-29,C0168,South,Retail,P0017,Standing Desk,Office Supplies,2,143.29,0.0,286.58,173.9,112.68
O003531,2025-06-29,C0247,North,Wholesale,P0009,Vacuum Cleaner,Home & Kitchen,1,86.66,0.0,86.66,53.24,33.42
O003532,2025-06-29,C0387,East,Retail,P0007,Blender,Home & Kitchen,2,121.55,0.1,218.79,177.52,41.27
O003533,2025-06-30,C0126,North,Retail,P0014,Sunglasses,Apparel,5,226.65,0.1,1019.92,594.8,425.12
O003534,2025-06-30,C0067,West,Retail,P0011,Running Shoes,Apparel,4,291.03,0.05,1105.91,541.28,564.63
O003535,2025-06-30,C0217,West,Online,P0014,Sunglasses,Apparel,5,226.65,0.1,1019.92,594.8,425.12
O003536,2025-06-30,C0327,South,Online,P0004,Power Bank,Electronics,2,156.84,0.0,313.68,228.48,85.2
O003537,2025-06-30,C0080,East,Wholesale,P0014,Sunglasses,Apparel,3,226.65,0.0,679.95,356.88,323.07
O003538,2025-06-30,C0045,West,Retail,P0015,Wallet,Apparel,6,245.76,0.2,1179.65,898.98,280.67
O003539,2025-06-30,C0167,South,Retail,P0015,Wallet,Apparel,2,245.76,0.05,466.94,299.66,167.28
O003540,2025-07-01,C0091,South,Retail,P0005,Laptop Stand,Electronics,5,108.18,0.05,513.86,324.55,189.31
O003541,2025-07-01,C0136,South,Online,P0009,Vacuum Cleaner,Home & Kitchen,7,86.66,0.0,606.62,372.68,233.94
O003542,2025-07-01,C0214,South,Retail,P0016,Ergonomic Chair,Office Supplies,3,85.32,0.0,255.96,154.29,101.67
O003543,2025-07-02,C0141,North,Online,P0014,Sunglasses,Apparel,7,226.65,0.1,1427.9,832.72,595.18
O003544,2025-07-02,C0257,South,Retail,P0014,Sunglasses,Apparel,5,226.65,0.0,1133.25,594.8,538.45
O003545,2025-07-02,C0180,South,Online,P0014,Sunglasses,Apparel,3,226.65,0.0,679.95,356.88,323.07
O003546,2025-07-02,C0094,South,Retail,P0019,Desk Organizer,Office Supplies,3,260.68,0.0,782.04,512.85,269.19
O003547,2025-07-02,C0109,East,Online,P0003,Bluetooth Speaker,Electronics,5,365.93,0.05,1738.17,1076.65,661.52
O003548,2025-07-02,C0386,North,Online,P0018,Notebook Set,Office Supplies,5,171.61,0.0,858.05,427.85,430.2
O003549,2025-07-02,C0113,South,Retail,P0002,Smart Watch,Electronics,4,189.4,0.0,757.6,403.76,353.84
O003550,2025-07-02,C0012,North,Retail,P0007,Blender,Home & Kitchen,3,121.55,0.1,328.18,266.28,61.9
O003551,2025-07-03,C0030,North,Online,P0016,Ergonomic Chair,Office Supplies,7,85.32,0.1,537.52,360.01,177.51
O003552,2025-07-03,C0200,North,Retail,P0009,Vacuum Cleaner,Home & Kitchen,5,86.66,0.1,389.97,266.2,123.77
O003553,2025-07-03,C0358,East,Online,P0010,Coffee Maker,Home & Kitchen,6,276.64,0.0,1659.84,1232.52,427.32
O003554,2025-07-03,C0109,East,Online,P0015,Wallet,Apparel,5,245.76,0.05,1167.36,749.15,418.21
O003555,2025-07-03,C0393,North,Retail,P0014,Sunglasses,Apparel,7,226.65,0.05,1507.22,832.72,674.5
O003556,2025-07-03,C0231,West,Wholesale,P0010,Coffee Maker,Home & Kitchen,2,276.64,0.0,553.28,410.84,142.44
O003557,2025-07-04,C0400,South,Online,P0010,Coffee Maker,Home & Kitchen,5,276.64,0.0,1383.2,1027.1,356.1
O003558,2025-07-04,C0080,East,Wholesale,P0015,Wallet,Apparel,7,245.76,0.0,1720.32,1048.81,671.51
O003559,2025-07-04,C0099,South,Wholesale,P0012,Denim Jacket,Apparel,6,97.06,0.2,465.89,340.92,124.97
O003560,2025-07-04,C0029,West,Online,P0014,Sunglasses,Apparel,5,226.65,0.0,1133.25,594.8,538.45
O003561,2025-07-04,C0100,East,Retail,P0004,Power Bank,Electronics,4,156.84,0.0,627.36,456.96,170.4
O003562,2025-07-04,C0308,East,Retail,P0015,Wallet,Apparel,6,245.76,0.2,1179.65,898.98,280.67
O003563,2025-07-04,C0136,South,Online,P0013,Backpack,Apparel,2,282.71,0.1,508.88,401.48,107.4
O003564,2025-07-04,C0400,South,Online,P0007,Blender,Home & Kitchen,1,121.55,0.1,109.4,88.76,20.64
O003565,2025-07-04,C0075,West,Online,P0007,Blender,Home & Kitchen,1,121.55,0.1,109.4,88.76,20.64
O003566,2025-07-04,C0200,North,Retail,P0017,Standing Desk,Office Supplies,5,143.29,0.0,716.45,434.75,281.7
O003567,2025-07-05,C0302,North,Online,P0010,Coffee Maker,Home & Kitchen,7,276.64,0.1,1742.83,1437.94,304.89
O003568,2025-07-05,C0087,South,Wholesale,P0019,Desk Organizer,Office Supplies,6,260.68,0.1,1407.67,1025.7,381.97
O003569,2025-07-05,C0093,West,Wholesale,P0014,Sunglasses,Apparel,2,226.65,0.0,453.3,237.92,215.38
O003570,2025-07-05,C0120,North,Online,P0019,Desk Organizer,Office Supplies,7,260.68,0.15,1551.05,1196.65,354.4
O003571,2025-07-05,C0214,South,Retail,P0008,Cookware Set,Home & Kitchen,7,144.8,0.0,1013.6,483.63,529.97
O003572,2025-07-05,C0165,East,Retail,P0002,Smart Watch,Electronics,7,189.4,0.1,1193.22,706.58,486.64
O003573,2025-07-06,C0192,West,Online,P0012,Denim Jacket,Apparel,5,97.06,0.0,485.3,284.1,201.2
O003574,2025-07-06,C0383,West,Retail,P0008,Cookware Set,Home & Kitchen,1,144.8,0.05,137.56,69.09,68.47
O003575,2025-07-06,C0026,West,Online,P0016,Ergonomic Chair,Office Supplies,1,85.32,0.1,76.79,51.43,25.36
O003576,2025-07-06,C0196,South,Online,P0005,Laptop Stand,Electronics,4,108.18,0.15,367.81,259.64,108.17
O003577,2025-07-06,C0271,North,Online,P0001,Wireless Earbuds,Electronics,6,46.85,0.15,238.94,145.08,93.86
O003578,2025-07-06,C0330,South,Retail,P0020,Monitor Arm,Office Supplies,5,193.94,0.05,921.22,647.0,274.22
O003579,2025-07-06,C0104,South,Online,P0007,Blender,Home & Kitchen,7,121.55,0.0,850.85,621.32,229.53
O003580,2025-07-06,C0106,West,Retail,P0014,Sunglasses,Apparel,2,226.65,0.05,430.64,237.92,192.72
O003581,2025-07-07,C0209,South,Online,P0001,Wireless Earbuds,Electronics,6,46.85,0.0,281.1,145.08,136.02
O003582,2025-07-07,C0230,East,Retail,P0013,Backpack,Apparel,7,282.71,0.1,1781.07,1405.18,375.89
O003583,2025-07-07,C0335,South,Retail,P0004,Power Bank,Electronics,2,156.84,0.05,298.0,228.48,69.52
O003584,2025-07-08,C0054,North,Retail,P0006,Air Fryer,Home & Kitchen,7,298.69,0.1,1881.75,1064.0,817.75
O003585,2025-07-08,C0089,West,Wholesale,P0007,Blender,Home & Kitchen,7,121.55,0.05,808.31,621.32,186.99
O003586,2025-07-08,C0322,East,Retail,P0010,Coffee Maker,Home & Kitchen,1,276.64,0.0,276.64,205.42,71.22
O003587,2025-07-08,C0293,East,Retail,P0008,Cookware Set,Home & Kitchen,3,144.8,0.15,369.24,207.27,161.97
O003588,2025-07-08,C0155,East,Retail,P0015,Wallet,Apparel,5,245.76,0.0,1228.8,749.15,479.65
O003589,2025-07-08,C0355,West,Wholesale,P0002,Smart Watch,Electronics,7,189.4,0.0,1325.8,706.58,619.22
O003590,2025-07-09,C0044,East,Online,P0007,Blender,Home & Kitchen,4,121.55,0.1,437.58,355.04,82.54
O003591,2025-07-09,C0335,South,Retail,P0015,Wallet,Apparel,4,245.76,0.0,983.04,599.32,383.72
O003592,2025-07-09,C0387,East,Retail,P0017,Standing Desk,Office Supplies,6,143.29,0.05,816.75,521.7,295.05
O003593,2025-07-09,C0233,North,Online,P0002,Smart Watch,Electronics,4,189.4,0.0,757.6,403.76,353.84
O003594,2025-07-09,C0368,North,Wholesale,P0019,Desk Organizer,Office Supplies,5,260.68,0.0,1303.4,854.75,448.65
O003595,2025-07-09,C0146,West,Wholesale,P0011,Running Shoes,Apparel,7,291.03,0.15,1731.63,947.24,784.39
O003596,2025-07-09,C0063,West,Online,P0017,Standing Desk,Office Supplies,4,143.29,0.05,544.5,347.8,196.7
O003597,2025-07-10,C0102,West,Online,P0013,Backpack,Apparel,1,282.71,0.1,254.44,200.74,53.7
O003598,2025-07-10,C0352,West,Retail,P0014,Sunglasses,Apparel,5,226.65,0.2,906.6,594.8,311.8
O003599,2025-07-10,C0354,North,Retail,P0015,Wallet,Apparel,4,245.76,0.0,983.04,599.32,383.72
O003600,2025-07-10,C0238,West,Wholesale,P0003,Bluetooth Speaker,Electronics,2,365.93,0.05,695.27,430.66,264.61
O003601,2025-07-10,C0097,West,Retail,P0008,Cookware Set,Home & Kitchen,3,144.8,0.15,369.24,207.27,161.97
O003602,2025-07-11,C0140,South,Online,P0014,Sunglasses,Apparel,7,226.65,0.15,1348.57,832.72,515.85
O003603,2025-07-11,C0364,West,Retail,P0019,Desk Organizer,Office Supplies,6,260.68,0.0,1564.08,1025.7,538.38
O003604,2025-07-11,C0172,South,Online,P0005,Laptop Stand,Electronics,7,108.18,0.05,719.4,454.37,265.03
O003605,2025-07-11,C0145,West,Retail,P0005,Laptop Stand,Electronics,7,108.18,0.1,681.53,454.37,227.16
O003606,2025-07-11,C0135,West,Wholesale,P0013,Backpack,Apparel,1,282.71,0.05,268.57,200.74,67.83
O003607,2025-07-11,C0346,South,Online,P0013,Backpack,Apparel,1,282.71,0.2,226.17,200.74,25.43
O003608,2025-07-12,C0264,South,Retail,P0010,Coffee Maker,Home & Kitchen,4,276.64,0.0,1106.56,821.68,284.88
O003609,2025-07-12,C0341,North,Online,P0020,Monitor Arm,Office Supplies,4,193.94,0.0,775.76,517.6,258.16
O003610,2025-07-12,C0066,South,Retail,P0008,Cookware Set,Home & Kitchen,3,144.8,0.0,434.4,207.27,227.13
O003611,2025-07-12,C0354,North,Retail,P0018,Notebook Set,Office Supplies,7,171.61,0.0,1201.27,598.99,602.28
O003612,2025-07-12,C0358,East,Online,P0008,Cookware Set,Home & Kitchen,6,144.8,0.0,868.8,414.54,454.26
O003613,2025-07-12,C0315,East,Online,P0009,Vacuum Cleaner,Home & Kitchen,3,86.66,0.05,246.98,159.72,87.26
O003614,2025-07-12,C0388,South,Retail,P0019,Desk Organizer,Office Supplies,1,260.68,0.0,260.68,170.95,89.73
O003615,2025-07-12,C0392,North,Online,P0010,Coffee Maker,Home & Kitchen,3,276.64,0.05,788.42,616.26,172.16
O003616,2025-07-12,C0003,South,Online,P0017,Standing Desk,Office Supplies,2,143.29,0.0,286.58,173.9,112.68
O003617,2025-07-13,C0068,East,Retail,P0001,Wireless Earbuds,Electronics,3,46.85,0.1,126.5,72.54,53.96
O003618,2025-07-13,C0105,East,Wholesale,P0012,Denim Jacket,Apparel,7,97.06,0.0,679.42,397.74,281.68
O003619,2025-07-13,C0381,North,Retail,P0006,Air Fryer,Home & Kitchen,7,298.69,0.05,1986.29,1064.0,922.29
O003620,2025-07-13,C0274,North,Online,P0007,Blender,Home & Kitchen,4,121.55,0.0,486.2,355.04,131.16
O003621,2025-07-14,C0115,West,Wholesale,P0004,Power Bank,Electronics,7,156.84,0.05,1042.99,799.68,243.31
O003622,2025-07-14,C0081,West,Retail,P0015,Wallet,Apparel,3,245.76,0.05,700.42,449.49,250.93
O003623,2025-07-14,C0003,South,Online,P0014,Sunglasses,Apparel,3,226.65,0.0,679.95,356.88,323.07
O003624,2025-07-14,C0284,North,Wholesale,P0005,Laptop Stand,Electronics,5,108.18,0.1,486.81,324.55,162.26
O003625,2025-07-14,C0043,West,Retail,P0001,Wireless Earbuds,Electronics,4,46.85,0.0,187.4,96.72,90.68
O003626,2025-07-15,C0303,West,Retail,P0006,Air Fryer,Home & Kitchen,3,298.69,0.15,761.66,456.0,305.66
O003627,2025-07-15,C0222,North,Retail,P0001,Wireless Earbuds,Electronics,4,46.85,0.1,168.66,96.72,71.94
O003628,2025-07-15,C0304,South,Online,P0017,Standing Desk,Office Supplies,7,143.29,0.0,1003.03,608.65,394.38
O003629,2025-07-15,C0066,South,Retail,P0020,Monitor Arm,Office Supplies,7,193.94,0.1,1221.82,905.8,316.02
O003630,2025-07-15,C0035,North,Retail,P0014,Sunglasses,Apparel,2,226.65,0.0,453.3,237.92,215.38
O003631,2025-07-16,C0302,North,Online,P0019,Desk Organizer,Office Supplies,2,260.68,0.0,521.36,341.9,179.46
O003632,2025-07-16,C0190,East,Retail,P0020,Monitor Arm,Office Supplies,3,193.94,0.15,494.55,388.2,106.35
O003633,2025-07-16,C0195,South,Retail,P0015,Wallet,Apparel,6,245.76,0.0,1474.56,898.98,575.58
O003634,2025-07-16,C0271,North,Online,P0003,Bluetooth Speaker,Electronics,2,365.93,0.15,622.08,430.66,191.42
O003635,2025-07-16,C0378,East,Online,P0001,Wireless Earbuds,Electronics,5,46.85,0.0,234.25,120.9,113.35
O003636,2025-07-16,C0247,North,Wholesale,P0019,Desk Organizer,Office Supplies,2,260.68,0.2,417.09,341.9,75.19
O003637,2025-07-16,C0398,West,Retail,P0008,Cookware Set,Home & Kitchen,2,144.8,0.0,289.6,138.18,151.42
O003638,2025-07-16,C0225,South,Wholesale,P0006,Air Fryer,Home & Kitchen,7,298.69,0.1,1881.75,1064.0,817.75
O003639,2025-07-17,C0001,South,Retail,P0010,Coffee Maker,Home & Kitchen,1,276.64,0.1,248.98,205.42,43.56
O003640,2025-07-17,C0056,North,Wholesale,P0015,Wallet,Apparel,4,245.76,0.05,933.89,599.32,334.57
O003641,2025-07-17,C0192,West,Online,P0011,Running Shoes,Apparel,6,291.03,0.05,1658.87,811.92,846.95
O003642,2025-07-17,C0282,South,Wholesale,P0007,Blender,Home & Kitchen,6,121.55,0.05,692.83,532.56,160.27
O003643,2025-07-17,C0119,South,Online,P0010,Coffee Maker,Home & Kitchen,3,276.64,0.15,705.43,616.26,89.17
O003644,2025-07-17,C0274,North,Online,P0020,Monitor Arm,Office Supplies,4,193.94,0.15,659.4,517.6,141.8
O003645,2025-07-17,C0072,East,Retail,P0014,Sunglasses,Apparel,4,226.65,0.0,906.6,475.84,430.76
O003646,2025-07-17,C0136,South,Online,P0012,Denim Jacket,Apparel,6,97.06,0.0,582.36,340.92,241.44
O003647,2025-07-18,C0390,West,Online,P0018,Notebook Set,Office Supplies,7,171.61,0.1,1081.14,598.99,482.15
O003648,2025-07-18,C0069,South,Retail,P0017,Standing Desk,Office Supplies,6,143.29,0.05,816.75,521.7,295.05
O003649,2025-07-18,C0027,North,Online,P0002,Smart Watch,Electronics,6,189.4,0.0,1136.4,605.64,530.76
O003650,2025-07-18,C0376,North,Online,P0016,Ergonomic Chair,Office Supplies,1,85.32,0.15,72.52,51.43,21.09
O003651,2025-07-18,C0186,East,Online,P0016,Ergonomic Chair,Office Supplies,5,85.32,0.1,383.94,257.15,126.79
O003652,2025-07-18,C0086,West,Online,P0017,Standing Desk,Office Supplies,7,143.29,0.1,902.73,608.65,294.08
O003653,2025-07-19,C0228,East,Online,P0017,Standing Desk,Office Supplies,6,143.29,0.0,859.74,521.7,338.04
O003654,2025-07-19,C0121,North,Online,P0010,Coffee Maker,Home & Kitchen,1,276.64,0.1,248.98,205.42,43.56
O003655,2025-07-19,C0243,West,Wholesale,P0007,Blender,Home & Kitchen,3,121.55,0.2,291.72,266.28,25.44
O003656,2025-07-20,C0073,North,Retail,P0012,Denim Jacket,Apparel,6,97.06,0.15,495.01,340.92,154.09
O003657,2025-07-20,C0311,North,Online,P0005,Laptop Stand,Electronics,2,108.18,0.0,216.36,129.82,86.54
O003658,2025-07-20,C0115,West,Wholesale,P0004,Power Bank,Electronics,2,156.84,0.1,282.31,228.48,53.83
O003659,2025-07-20,C0386,North,Online,P0006,Air Fryer,Home & Kitchen,5,298.69,0.1,1344.1,760.0,584.1
O003660,2025-07-20,C0296,North,Wholesale,P0009,Vacuum Cleaner,Home & Kitchen,7,86.66,0.0,606.62,372.68,233.94
O003661,2025-07-20,C0299,North,Retail,P0011,Running Shoes,Apparel,1,291.03,0.05,276.48,135.32,141.16
O003662,2025-07-20,C0189,South,Wholesale,P0006,Air Fryer,Home & Kitchen,3,298.69,0.0,896.07,456.0,440.07
O003663,2025-07-21,C0123,West,Retail,P0017,Standing Desk,Office Supplies,4,143.29,0.1,515.84,347.8,168.04
O003664,2025-07-21,C0298,West,Retail,P0008,Cookware Set,Home & Kitchen,6,144.8,0.05,825.36,414.54,410.82
O003665,2025-07-21,C0127,North,Retail,P0009,Vacuum Cleaner,Home & Kitchen,2,86.66,0.1,155.99,106.48,49.51
O003666,2025-07-21,C0095,East,Online,P0011,Running Shoes,Apparel,1,291.03,0.05,276.48,135.32,141.16
O003667,2025-07-21,C0139,South,Wholesale,P0001,Wireless Earbuds,Electronics,4,46.85,0.05,178.03,96.72,81.31
O003668,2025-07-22,C0220,North,Retail,P0005,Laptop Stand,Electronics,4,108.18,0.0,432.72,259.64,173.08
O003669,2025-07-22,C0098,West,Wholesale,P0006,Air Fryer,Home & Kitchen,7,298.69,0.05,1986.29,1064.0,922.29
O003670,2025-07-22,C0359,North,Retail,P0005,Laptop Stand,Electronics,2,108.18,0.0,216.36,129.82,86.54
O003671,2025-07-22,C0382,South,Wholesale,P0003,Bluetooth Speaker,Electronics,4,365.93,0.0,1463.72,861.32,602.4
O003672,2025-07-22,C0146,West,Wholesale,P0017,Standing Desk,Office Supplies,7,143.29,0.0,1003.03,608.65,394.38
O003673,2025-07-22,C0288,West,Online,P0008,Cookware Set,Home & Kitchen,2,144.8,0.05,275.12,138.18,136.94
O003674,2025-07-22,C0153,North,Online,P0013,Backpack,Apparel,1,282.71,0.1,254.44,200.74,53.7
O003675,2025-07-22,C0074,South,Retail,P0014,Sunglasses,Apparel,3,226.65,0.0,679.95,356.88,323.07
O003676,2025-07-23,C0254,West,Retail,P0009,Vacuum Cleaner,Home & Kitchen,1,86.66,0.0,86.66,53.24,33.42
O003677,2025-07-23,C0281,West,Retail,P0007,Blender,Home & Kitchen,7,121.55,0.05,808.31,621.32,186.99
O003678,2025-07-23,C0212,West,Online,P0014,Sunglasses,Apparel,3,226.65,0.0,679.95,356.88,323.07
O003679,2025-07-23,C0387,East,Retail,P0012,Denim Jacket,Apparel,7,97.06,0.0,679.42,397.74,281.68
O003680,2025-07-23,C0159,West,Retail,P0012,Denim Jacket,Apparel,5,97.06,0.1,436.77,284.1,152.67
O003681,2025-07-24,C0200,North,Retail,P0001,Wireless Earbuds,Electronics,4,46.85,0.0,187.4,96.72,90.68
O003682,2025-07-24,C0061,North,Online,P0016,Ergonomic Chair,Office Supplies,3,85.32,0.1,230.36,154.29,76.07
O003683,2025-07-24,C0383,West,Retail,P0015,Wallet,Apparel,6,245.76,0.2,1179.65,898.98,280.67
O003684,2025-07-24,C0085,East,Retail,P0005,Laptop Stand,Electronics,7,108.18,0.15,643.67,454.37,189.3
O003685,2025-07-24,C0224,South,Wholesale,P0020,Monitor Arm,Office Supplies,6,193.94,0.05,1105.46,776.4,329.06
O003686,2025-07-25,C0196,South,Online,P0002,Smart Watch,Electronics,1,189.4,0.0,189.4,100.94,88.46
O003687,2025-07-25,C0232,South,Online,P0002,Smart Watch,Electronics,5,189.4,0.2,757.6,504.7,252.9
O003688,2025-07-25,C0168,South,Retail,P0010,Coffee Maker,Home & Kitchen,3,276.64,0.1,746.93,616.26,130.67
O003689,2025-07-25,C0366,East,Online,P0015,Wallet,Apparel,5,245.76,0.0,1228.8,749.15,479.65
O003690,2025-07-25,C0358,East,Online,P0004,Power Bank,Electronics,7,156.84,0.15,933.2,799.68,133.52
O003691,2025-07-26,C0316,West,Retail,P0020,Monitor Arm,Office Supplies,4,193.94,0.0,775.76,517.6,258.16
O003692,2025-07-26,C0262,North,Retail,P0007,Blender,Home & Kitchen,1,121.55,0.05,115.47,88.76,26.71
O003693,2025-07-26,C0395,West,Wholesale,P0002,Smart Watch,Electronics,1,189.4,0.1,170.46,100.94,69.52
O003694,2025-07-26,C0050,East,Online,P0004,Power Bank,Electronics,1,156.84,0.0,156.84,114.24,42.6
O003695,2025-07-26,C0258,West,Retail,P0003,Bluetooth Speaker,Electronics,7,365.93,0.1,2305.36,1507.31,798.05
O003696,2025-07-26,C0178,South,Online,P0003,Bluetooth Speaker,Electronics,6,365.93,0.0,2195.58,1291.98,903.6
O003697,2025-07-26,C0203,West,Online,P0008,Cookware Set,Home & Kitchen,3,144.8,0.0,434.4,207.27,227.13
O003698,2025-07-26,C0134,East,Online,P0010,Coffee Maker,Home & Kitchen,4,276.64,0.05,1051.23,821.68,229.55
O003699,2025-07-27,C0031,North,Retail,P0002,Smart Watch,Electronics,5,189.4,0.1,852.3,504.7,347.6
O003700,2025-07-27,C0376,North,Online,P0014,Sunglasses,Apparel,2,226.65,0.05,430.64,237.92,192.72
O003701,2025-07-27,C0211,South,Wholesale,P0013,Backpack,Apparel,6,282.71,0.0,1696.26,1204.44,491.82
O003702,2025-07-27,C0033,East,Online,P0001,Wireless Earbuds,Electronics,5,46.85,0.0,234.25,120.9,113.35
O003703,2025-07-27,C0180,South,Online,P0003,Bluetooth Speaker,Electronics,6,365.93,0.05,2085.8,1291.98,793.82
O003704,2025-07-27,C0150,North,Retail,P0002,Smart Watch,Electronics,6,189.4,0.15,965.94,605.64,360.3
O003705,2025-07-27,C0375,East,Retail,P0008,Cookware Set,Home & Kitchen,4,144.8,0.05,550.24,276.36,273.88
O003706,2025-07-27,C0256,North,Retail,P0005,Laptop Stand,Electronics,5,108.18,0.1,486.81,324.55,162.26
O003707,2025-07-27,C0153,North,Online,P0004,Power Bank,Electronics,6,156.84,0.05,893.99,685.44,208.55
O003708,2025-07-28,C0061,North,Online,P0004,Power Bank,Electronics,7,156.84,0.1,988.09,799.68,188.41
O003709,2025-07-28,C0383,West,Retail,P0010,Coffee Maker,Home & Kitchen,3,276.64,0.0,829.92,616.26,213.66
O003710,2025-07-28,C0332,North,Wholesale,P0009,Vacuum Cleaner,Home & Kitchen,2,86.66,0.1,155.99,106.48,49.51
O003711,2025-07-28,C0021,North,Retail,P0016,Ergonomic Chair,Office Supplies,4,85.32,0.05,324.22,205.72,118.5
O003712,2025-07-29,C0192,West,Online,P0013,Backpack,Apparel,5,282.71,0.0,1413.55,1003.7,409.85
O003713,2025-07-29,C0242,North,Online,P0006,Air Fryer,Home & Kitchen,6,298.69,0.0,1792.14,912.0,880.14
O003714,2025-07-29,C0064,East,Online,P0014,Sunglasses,Apparel,1,226.65,0.0,226.65,118.96,107.69
O003715,2025-07-29,C0180,South,Online,P0015,Wallet,Apparel,5,245.76,0.0,1228.8,749.15,479.65
O003716,2025-07-29,C0210,East,Wholesale,P0014,Sunglasses,Apparel,2,226.65,0.0,453.3,237.92,215.38
O003717,2025-07-30,C0177,South,Online,P0018,Notebook Set,Office Supplies,5,171.61,0.15,729.34,427.85,301.49
O003718,2025-07-30,C0299,North,Retail,P0007,Blender,Home & Kitchen,1,121.55,0.05,115.47,88.76,26.71
O003719,2025-07-30,C0380,West,Wholesale,P0008,Cookware Set,Home & Kitchen,2,144.8,0.1,260.64,138.18,122.46
O003720,2025-07-30,C0121,North,Online,P0011,Running Shoes,Apparel,7,291.03,0.05,1935.35,947.24,988.11
O003721,2025-07-30,C0354,North,Retail,P0020,Monitor Arm,Office Supplies,5,193.94,0.0,969.7,647.0,322.7
O003722,2025-07-31,C0273,South,Wholesale,P0015,Wallet,Apparel,4,245.76,0.15,835.58,599.32,236.26
O003723,2025-07-31,C0115,West,Wholesale,P0004,Power Bank,Electronics,4,156.84,0.1,564.62,456.96,107.66
O003724,2025-07-31,C0146,West,Wholesale,P0008,Cookware Set,Home & Kitchen,6,144.8,0.1,781.92,414.54,367.38
O003725,2025-07-31,C0180,South,Online,P0009,Vacuum Cleaner,Home & Kitchen,6,86.66,0.0,519.96,319.44,200.52
O003726,2025-07-31,C0142,South,Online,P0012,Denim Jacket,Apparel,4,97.06,0.2,310.59,227.28,83.31
O003727,2025-07-31,C0189,South,Wholesale,P0008,Cookware Set,Home & Kitchen,2,144.8,0.05,275.12,138.18,136.94
O003728,2025-07-31,C0181,West,Wholesale,P0008,Cookware Set,Home & Kitchen,5,144.8,0.05,687.8,345.45,342.35
O003729,2025-07-31,C0358,East,Online,P0005,Laptop Stand,Electronics,1,108.18,0.05,102.77,64.91,37.86
O003730,2025-07-31,C0143,North,Wholesale,P0017,Standing Desk,Office Supplies,7,143.29,0.1,902.73,608.65,294.08
O003731,2025-07-31,C0335,South,Retail,P0005,Laptop Stand,Electronics,1,108.18,0.05,102.77,64.91,37.86
O003732,2025-08-01,C0363,West,Wholesale,P0007,Blender,Home & Kitchen,6,121.55,0.1,656.37,532.56,123.81
O003733,2025-08-01,C0309,West,Retail,P0008,Cookware Set,Home & Kitchen,1,144.8,0.0,144.8,69.09,75.71
O003734,2025-08-02,C0011,West,Online,P0006,Air Fryer,Home & Kitchen,5,298.69,0.15,1269.43,760.0,509.43
O003735,2025-08-02,C0248,North,Retail,P0014,Sunglasses,Apparel,1,226.65,0.05,215.32,118.96,96.36
O003736,2025-08-02,C0105,East,Wholesale,P0008,Cookware Set,Home & Kitchen,4,144.8,0.1,521.28,276.36,244.92
O003737,2025-08-02,C0263,North,Online,P0017,Standing Desk,Office Supplies,6,143.29,0.0,859.74,521.7,338.04
O003738,2025-08-02,C0169,South,Online,P0009,Vacuum Cleaner,Home & Kitchen,7,86.66,0.1,545.96,372.68,173.28
O003739,2025-08-02,C0092,East,Retail,P0006,Air Fryer,Home & Kitchen,1,298.69,0.0,298.69,152.0,146.69
O003740,2025-08-02,C0026,West,Online,P0012,Denim Jacket,Apparel,7,97.06,0.15,577.51,397.74,179.77
O003741,2025-08-02,C0240,South,Retail,P0019,Desk Organizer,Office Supplies,6,260.68,0.1,1407.67,1025.7,381.97
O003742,2025-08-02,C0093,West,Wholesale,P0007,Blender,Home & Kitchen,1,121.55,0.0,121.55,88.76,32.79
O003743,2025-08-02,C0400,South,Online,P0007,Blender,Home & Kitchen,2,121.55,0.05,230.94,177.52,53.42
O003744,2025-08-02,C0207,South,Retail,P0012,Denim Jacket,Apparel,3,97.06,0.05,276.62,170.46,106.16
O003745,2025-08-03,C0010,East,Online,P0001,Wireless Earbuds,Electronics,3,46.85,0.1,126.5,72.54,53.96
O003746,2025-08-03,C0210,East,Wholesale,P0010,Coffee Maker,Home & Kitchen,7,276.64,0.0,1936.48,1437.94,498.54
O003747,2025-08-03,C0325,West,Wholesale,P0013,Backpack,Apparel,5,282.71,0.0,1413.55,1003.7,409.85
O003748,2025-08-03,C0137,West,Online,P0017,Standing Desk,Office Supplies,2,143.29,0.0,286.58,173.9,112.68
O003749,2025-08-03,C0245,West,Wholesale,P0005,Laptop Stand,Electronics,7,108.18,0.2,605.81,454.37,151.44
O003750,2025-08-03,C0243,West,Wholesale,P0017,Standing Desk,Office Supplies,2,143.29,0.0,286.58,173.9,112.68
O003751,2025-08-04,C0175,West,Wholesale,P0018,Notebook Set,Office Supplies,2,171.61,0.1,308.9,171.14,137.76
O003752,2025-08-04,C0107,East,Retail,P0014,Sunglasses,Apparel,7,226.65,0.1,1427.9,832.72,595.18
O003753,2025-08-04,C0352,West,Retail,P0008,Cookware Set,Home & Kitchen,3,144.8,0.0,434.4,207.27,227.13
O003754,2025-08-04,C0386,North,Online,P0011,Running Shoes,Apparel,3,291.03,0.1,785.78,405.96,379.82
O003755,2025-08-04,C0180,South,Online,P0006,Air Fryer,Home & Kitchen,3,298.69,0.05,851.27,456.0,395.27
O003756,2025-08-04,C0374,West,Retail,P0004,Power Bank,Electronics,4,156.84,0.0,627.36,456.96,170.4
O003757,2025-08-04,C0398,West,Retail,P0013,Backpack,Apparel,3,282.71,0.0,848.13,602.22,245.91
O003758,2025-08-05,C0346,South,Online,P0007,Blender,Home & Kitchen,2,121.55,0.05,230.94,177.52,53.42
O003759,2025-08-05,C0301,East,Retail,P0018,Notebook Set,Office Supplies,7,171.61,0.1,1081.14,598.99,482.15
O003760,2025-08-05,C0085,East,Retail,P0014,Sunglasses,Apparel,4,226.65,0.15,770.61,475.84,294.77
O003761,2025-08-05,C0364,West,Retail,P0016,Ergonomic Chair,Office Supplies,7,85.32,0.05,567.38,360.01,207.37
O003762,2025-08-05,C0345,East,Retail,P0008,Cookware Set,Home & Kitchen,3,144.8,0.0,434.4,207.27,227.13
O003763,2025-08-05,C0326,North,Wholesale,P0016,Ergonomic Chair,Office Supplies,3,85.32,0.05,243.16,154.29,88.87
O003764,2025-08-05,C0038,West,Online,P0018,Notebook Set,Office Supplies,3,171.61,0.05,489.09,256.71,232.38
O003765,2025-08-05,C0137,West,Online,P0016,Ergonomic Chair,Office Supplies,5,85.32,0.0,426.6,257.15,169.45
O003766,2025-08-06,C0379,West,Online,P0016,Ergonomic Chair,Office Supplies,6,85.32,0.0,511.92,308.58,203.34
O003767,2025-08-06,C0077,North,Wholesale,P0019,Desk Organizer,Office Supplies,4,260.68,0.1,938.45,683.8,254.65
O003768,2025-08-06,C0176,South,Online,P0001,Wireless Earbuds,Electronics,7,46.85,0.15,278.76,169.26,109.5
O003769,2025-08-06,C0253,North,Online,P0013,Backpack,Apparel,3,282.71,0.2,678.5,602.22,76.28
O003770,2025-08-06,C0037,East,Wholesale,P0019,Desk Organizer,Office Supplies,1,260.68,0.1,234.61,170.95,63.66
O003771,2025-08-06,C0234,North,Retail,P0012,Denim Jacket,Apparel,2,97.06,0.1,174.71,113.64,61.07
O003772,2025-08-06,C0074,South,Retail,P0007,Blender,Home & Kitchen,3,121.55,0.0,364.65,266.28,98.37
O003773,2025-08-06,C0144,North,Retail,P0018,Notebook Set,Office Supplies,7,171.61,0.05,1141.21,598.99,542.22
O003774,2025-08-06,C0229,North,Wholesale,P0001,Wireless Earbuds,Electronics,7,46.85,0.0,327.95,169.26,158.69
O003775,2025-08-06,C0011,West,Online,P0004,Power Bank,Electronics,7,156.84,0.1,988.09,799.68,188.41
O003776,2025-08-07,C0218,East,Retail,P0001,Wireless Earbuds,Electronics,3,46.85,0.0,140.55,72.54,68.01
O003777,2025-08-07,C0311,North,Online,P0018,Notebook Set,Office Supplies,6,171.61,0.05,978.18,513.42,464.76
O003778,2025-08-07,C0359,North,Retail,P0012,Denim Jacket,Apparel,3,97.06,0.1,262.06,170.46,91.6
O003779,2025-08-07,C0130,North,Online,P0002,Smart Watch,Electronics,5,189.4,0.15,804.95,504.7,300.25
O003780,2025-08-07,C0170,North,Wholesale,P0004,Power Bank,Electronics,2,156.84,0.1,282.31,228.48,53.83
O003781,2025-08-07,C0324,North,Retail,P0008,Cookware Set,Home & Kitchen,6,144.8,0.05,825.36,414.54,410.82
O003782,2025-08-07,C0387,East,Retail,P0018,Notebook Set,Office Supplies,6,171.61,0.05,978.18,513.42,464.76
O003783,2025-08-07,C0387,East,Retail,P0014,Sunglasses,Apparel,5,226.65,0.2,906.6,594.8,311.8
O003784,2025-08-07,C0183,West,Retail,P0019,Desk Organizer,Office Supplies,1,260.68,0.0,260.68,170.95,89.73
O003785,2025-08-07,C0286,West,Online,P0013,Backpack,Apparel,5,282.71,0.05,1342.87,1003.7,339.17
O003786,2025-08-07,C0123,West,Retail,P0016,Ergonomic Chair,Office Supplies,6,85.32,0.05,486.32,308.58,177.74
O003787,2025-08-07,C0055,North,Retail,P0016,Ergonomic Chair,Office Supplies,4,85.32,0.05,324.22,205.72,118.5
O003788,2025-08-08,C0045,West,Retail,P0001,Wireless Earbuds,Electronics,4,46.85,0.05,178.03,96.72,81.31
O003789,2025-08-08,C0137,West,Online,P0008,Cookware Set,Home & Kitchen,7,144.8,0.15,861.56,483.63,377.93
O003790,2025-08-08,C0299,North,Retail,P0013,Backpack,Apparel,2,282.71,0.0,565.42,401.48,163.94
O003791,2025-08-08,C0300,South,Retail,P0007,Blender,Home & Kitchen,3,121.55,0.15,309.95,266.28,43.67
O003792,2025-08-08,C0321,South,Retail,P0018,Notebook Set,Office Supplies,2,171.61,0.1,308.9,171.14,137.76
O003793,2025-08-08,C0231,West,Wholesale,P0007,Blender,Home & Kitchen,1,121.55,0.0,121.55,88.76,32.79
O003794,2025-08-08,C0113,South,Retail,P0018,Notebook Set,Office Supplies,1,171.61,0.1,154.45,85.57,68.88
O003795,2025-08-09,C0381,North,Retail,P0015,Wallet,Apparel,6,245.76,0.1,1327.1,898.98,428.12
O003796,2025-08-09,C0218,East,Retail,P0013,Backpack,Apparel,1,282.71,0.05,268.57,200.74,67.83
O003797,2025-08-09,C0311,North,Online,P0007,Blender,Home & Kitchen,3,121.55,0.05,346.42,266.28,80.14
O003798,2025-08-09,C0035,North,Retail,P0008,Cookware Set,Home & Kitchen,2,144.8,0.0,289.6,138.18,151.42
O003799,2025-08-09,C0054,North,Retail,P0006,Air Fryer,Home & Kitchen,7,298.69,0.1,1881.75,1064.0,817.75
O003800,2025-08-09,C0044,East,Online,P0006,Air Fryer,Home & Kitchen,7,298.69,0.05,1986.29,1064.0,922.29
O003801,2025-08-09,C0400,South,Online,P0014,Sunglasses,Apparel,6,226.65,0.0,1359.9,713.76,646.14
O003802,2025-08-09,C0238,West,Wholesale,P0014,Sunglasses,Apparel,1,226.65,0.0,226.65,118.96,107.69
O003803,2025-08-09,C0264,South,Retail,P0007,Blender,Home & Kitchen,2,121.55,0.05,230.94,177.52,53.42
O003804,2025-08-10,C0355,West,Wholesale,P0001,Wireless Earbuds,Electronics,5,46.85,0.0,234.25,120.9,113.35
O003805,2025-08-10,C0088,North,Online,P0013,Backpack,Apparel,6,282.71,0.0,1696.26,1204.44,491.82
O003806,2025-08-10,C0389,West,Online,P0011,Running Shoes,Apparel,1,291.03,0.15,247.38,135.32,112.06
O003807,2025-08-10,C0013,East,Retail,P0004,Power Bank,Electronics,3,156.84,0.1,423.47,342.72,80.75
O003808,2025-08-10,C0174,West,Retail,P0009,Vacuum Cleaner,Home & Kitchen,4,86.66,0.05,329.31,212.96,116.35
O003809,2025-08-10,C0031,North,Retail,P0001,Wireless Earbuds,Electronics,5,46.85,0.1,210.82,120.9,89.92
O003810,2025-08-10,C0169,South,Online,P0016,Ergonomic Chair,Office Supplies,1,85.32,0.0,85.32,51.43,33.89
O003811,2025-08-10,C0097,West,Retail,P0020,Monitor Arm,Office Supplies,2,193.94,0.1,349.09,258.8,90.29
O003812,2025-08-11,C0120,North,Online,P0008,Cookware Set,Home & Kitchen,1,144.8,0.15,123.08,69.09,53.99
O003813,2025-08-11,C0221,West,Online,P0003,Bluetooth Speaker,Electronics,4,365.93,0.0,1463.72,861.32,602.4
O003814,2025-08-11,C0061,North,Online,P0012,Denim Jacket,Apparel,6,97.06,0.0,582.36,340.92,241.44
O003815,2025-08-11,C0238,West,Wholesale,P0008,Cookware Set,Home & Kitchen,7,144.8,0.05,962.92,483.63,479.29
O003816,2025-08-12,C0017,South,Wholesale,P0017,Standing Desk,Office Supplies,4,143.29,0.05,544.5,347.8,196.7
O003817,2025-08-12,C0247,North,Wholesale,P0017,Standing Desk,Office Supplies,6,143.29,0.1,773.77,521.7,252.07
O003818,2025-08-12,C0210,East,Wholesale,P0009,Vacuum Cleaner,Home & Kitchen,3,86.66,0.1,233.98,159.72,74.26
O003819,2025-08-12,C0229,North,Wholesale,P0001,Wireless Earbuds,Electronics,2,46.85,0.0,93.7,48.36,45.34
O003820,2025-08-12,C0296,North,Wholesale,P0011,Running Shoes,Apparel,7,291.03,0.1,1833.49,947.24,886.25
O003821,2025-08-13,C0179,East,Retail,P0010,Coffee Maker,Home & Kitchen,5,276.64,0.0,1383.2,1027.1,356.1
O003822,2025-08-13,C0177,South,Online,P0001,Wireless Earbuds,Electronics,3,46.85,0.0,140.55,72.54,68.01
O003823,2025-08-13,C0124,East,Wholesale,P0008,Cookware Set,Home & Kitchen,2,144.8,0.05,275.12,138.18,136.94
O003824,2025-08-13,C0155,East,Retail,P0013,Backpack,Apparel,7,282.71,0.0,1978.97,1405.18,573.79
O003825,2025-08-13,C0190,East,Retail,P0016,Ergonomic Chair,Office Supplies,7,85.32,0.05,567.38,360.01,207.37
O003826,2025-08-13,C0110,East,Retail,P0007,Blender,Home & Kitchen,4,121.55,0.1,437.58,355.04,82.54
O003827,2025-08-13,C0386,North,Online,P0014,Sunglasses,Apparel,3,226.65,0.1,611.96,356.88,255.08
O003828,2025-08-14,C0078,South,Wholesale,P0015,Wallet,Apparel,3,245.76,0.05,700.42,449.49,250.93
O003829,2025-08-14,C0173,South,Online,P0004,Power Bank,Electronics,5,156.84,0.0,784.2,571.2,213.0
O003830,2025-08-14,C0234,North,Retail,P0011,Running Shoes,Apparel,4,291.03,0.1,1047.71,541.28,506.43
O003831,2025-08-14,C0005,North,Online,P0016,Ergonomic Chair,Office Supplies,6,85.32,0.1,460.73,308.58,152.15
O003832,2025-08-14,C0130,North,Online,P0001,Wireless Earbuds,Electronics,2,46.85,0.05,89.02,48.36,40.66
O003833,2025-08-14,C0347,South,Online,P0017,Standing Desk,Office Supplies,4,143.29,0.0,573.16,347.8,225.36
O003834,2025-08-14,C0219,North,Retail,P0011,Running Shoes,Apparel,5,291.03,0.0,1455.15,676.6,778.55
O003835,2025-08-14,C0318,South,Retail,P0005,Laptop Stand,Electronics,6,108.18,0.0,649.08,389.46,259.62
O003836,2025-08-14,C0036,South,Retail,P0012,Denim Jacket,Apparel,2,97.06,0.0,194.12,113.64,80.48
O003837,2025-08-15,C0051,East,Retail,P0014,Sunglasses,Apparel,6,226.65,0.0,1359.9,713.76,646.14
O003838,2025-08-15,C0105,East,Wholesale,P0018,Notebook Set,Office Supplies,7,171.61,0.1,1081.14,598.99,482.15
O003839,2025-08-15,C0212,West,Online,P0006,Air Fryer,Home & Kitchen,7,298.69,0.05,1986.29,1064.0,922.29
O003840,2025-08-15,C0230,East,Retail,P0008,Cookware Set,Home & Kitchen,7,144.8,0.05,962.92,483.63,479.29
O003841,2025-08-15,C0034,West,Online,P0004,Power Bank,Electronics,6,156.84,0.2,752.83,685.44,67.39
O003842,2025-08-15,C0110,East,Retail,P0013,Backpack,Apparel,2,282.71,0.0,565.42,401.48,163.94
O003843,2025-08-15,C0293,East,Retail,P0007,Blender,Home & Kitchen,1,121.55,0.05,115.47,88.76,26.71
O003844,2025-08-15,C0309,West,Retail,P0002,Smart Watch,Electronics,2,189.4,0.0,378.8,201.88,176.92
O003845,2025-08-15,C0279,North,Retail,P0020,Monitor Arm,Office Supplies,6,193.94,0.05,1105.46,776.4,329.06
O003846,2025-08-16,C0364,West,Retail,P0002,Smart Watch,Electronics,6,189.4,0.1,1022.76,605.64,417.12
O003847,2025-08-16,C0347,South,Online,P0004,Power Bank,Electronics,2,156.84,0.05,298.0,228.48,69.52
O003848,2025-08-16,C0279,North,Retail,P0016,Ergonomic Chair,Office Supplies,2,85.32,0.05,162.11,102.86,59.25
O003849,2025-08-16,C0398,West,Retail,P0003,Bluetooth Speaker,Electronics,2,365.93,0.05,695.27,430.66,264.61
O003850,2025-08-16,C0164,North,Retail,P0013,Backpack,Apparel,5,282.71,0.0,1413.55,1003.7,409.85
O003851,2025-08-16,C0197,East,Retail,P0007,Blender,Home & Kitchen,4,121.55,0.0,486.2,355.04,131.16
O003852,2025-08-16,C0041,North,Wholesale,P0001,Wireless Earbuds,Electronics,7,46.85,0.0,327.95,169.26,158.69
O003853,2025-08-17,C0046,North,Online,P0003,Bluetooth Speaker,Electronics,5,365.93,0.05,1738.17,1076.65,661.52
O003854,2025-08-17,C0157,East,Online,P0019,Desk Organizer,Office Supplies,4,260.68,0.0,1042.72,683.8,358.92
O003855,2025-08-17,C0237,South,Online,P0014,Sunglasses,Apparel,3,226.65,0.05,645.95,356.88,289.07
O003856,2025-08-17,C0309,West,Retail,P0006,Air Fryer,Home & Kitchen,2,298.69,0.0,597.38,304.0,293.38
O003857,2025-08-17,C0025,West,Online,P0011,Running Shoes,Apparel,1,291.03,0.15,247.38,135.32,112.06
O003858,2025-08-17,C0121,North,Online,P0007,Blender,Home & Kitchen,3,121.55,0.05,346.42,266.28,80.14
O003859,2025-08-17,C0146,West,Wholesale,P0006,Air Fryer,Home & Kitchen,3,298.69,0.0,896.07,456.0,440.07
O003860,2025-08-17,C0108,North,Online,P0015,Wallet,Apparel,1,245.76,0.05,233.47,149.83,83.64
O003861,2025-08-17,C0148,North,Online,P0015,Wallet,Apparel,6,245.76,0.0,1474.56,898.98,575.58
O003862,2025-08-17,C0121,North,Online,P0009,Vacuum Cleaner,Home & Kitchen,6,86.66,0.05,493.96,319.44,174.52
O003863,2025-08-17,C0310,South,Wholesale,P0020,Monitor Arm,Office Supplies,5,193.94,0.0,969.7,647.0,322.7
O003864,2025-08-18,C0334,South,Retail,P0017,Standing Desk,Office Supplies,2,143.29,0.2,229.26,173.9,55.36
O003865,2025-08-18,C0012,North,Retail,P0006,Air Fryer,Home & Kitchen,1,298.69,0.0,298.69,152.0,146.69
O003866,2025-08-18,C0207,South,Retail,P0004,Power Bank,Electronics,5,156.84,0.0,784.2,571.2,213.0
O003867,2025-08-18,C0078,South,Wholesale,P0004,Power Bank,Electronics,2,156.84,0.1,282.31,228.48,53.83
O003868,2025-08-18,C0377,South,Retail,P0006,Air Fryer,Home & Kitchen,1,298.69,0.0,298.69,152.0,146.69
O003869,2025-08-18,C0242,North,Online,P0019,Desk Organizer,Office Supplies,5,260.68,0.2,1042.72,854.75,187.97
O003870,2025-08-18,C0275,East,Online,P0004,Power Bank,Electronics,5,156.84,0.05,744.99,571.2,173.79
O003871,2025-08-19,C0204,North,Retail,P0009,Vacuum Cleaner,Home & Kitchen,3,86.66,0.15,220.98,159.72,61.26
O003872,2025-08-19,C0231,West,Wholesale,P0007,Blender,Home & Kitchen,2,121.55,0.1,218.79,177.52,41.27
O003873,2025-08-19,C0237,South,Online,P0002,Smart Watch,Electronics,2,189.4,0.1,340.92,201.88,139.04
O003874,2025-08-19,C0344,South,Wholesale,P0008,Cookware Set,Home & Kitchen,2,144.8,0.05,275.12,138.18,136.94
O003875,2025-08-19,C0230,East,Retail,P0018,Notebook Set,Office Supplies,6,171.61,0.1,926.69,513.42,413.27
O003876,2025-08-19,C0003,South,Online,P0001,Wireless Earbuds,Electronics,1,46.85,0.0,46.85,24.18,22.67
O003877,2025-08-20,C0358,East,Online,P0001,Wireless Earbuds,Electronics,1,46.85,0.15,39.82,24.18,15.64
O003878,2025-08-20,C0136,South,Online,P0004,Power Bank,Electronics,4,156.84,0.15,533.26,456.96,76.3
O003879,2025-08-20,C0149,North,Online,P0019,Desk Organizer,Office Supplies,1,260.68,0.0,260.68,170.95,89.73
O003880,2025-08-20,C0104,South,Online,P0017,Standing Desk,Office Supplies,2,143.29,0.0,286.58,173.9,112.68
O003881,2025-08-20,C0001,South,Retail,P0011,Running Shoes,Apparel,2,291.03,0.2,465.65,270.64,195.01
O003882,2025-08-20,C0270,East,Online,P0014,Sunglasses,Apparel,7,226.65,0.1,1427.9,832.72,595.18
O003883,2025-08-20,C0218,East,Retail,P0018,Notebook Set,Office Supplies,4,171.61,0.0,686.44,342.28,344.16
O003884,2025-08-21,C0026,West,Online,P0001,Wireless Earbuds,Electronics,2,46.85,0.0,93.7,48.36,45.34
O003885,2025-08-21,C0005,North,Online,P0016,Ergonomic Chair,Office Supplies,5,85.32,0.0,426.6,257.15,169.45
O003886,2025-08-21,C0344,South,Wholesale,P0017,Standing Desk,Office Supplies,3,143.29,0.05,408.38,260.85,147.53
O003887,2025-08-21,C0250,South,Online,P0018,Notebook Set,Office Supplies,5,171.61,0.05,815.15,427.85,387.3
O003888,2025-08-21,C0088,North,Online,P0001,Wireless Earbuds,Electronics,1,46.85,0.05,44.51,24.18,20.33
O003889,2025-08-21,C0347,South,Online,P0018,Notebook Set,Office Supplies,6,171.61,0.1,926.69,513.42,413.27
O003890,2025-08-21,C0055,North,Retail,P0018,Notebook Set,Office Supplies,5,171.61,0.15,729.34,427.85,301.49
O003891,2025-08-22,C0158,East,Retail,P0014,Sunglasses,Apparel,6,226.65,0.05,1291.9,713.76,578.14
O003892,2025-08-22,C0370,North,Wholesale,P0011,Running Shoes,Apparel,6,291.03,0.05,1658.87,811.92,846.95
O003893,2025-08-22,C0288,West,Online,P0020,Monitor Arm,Office Supplies,2,193.94,0.0,387.88,258.8,129.08
O003894,2025-08-22,C0191,East,Online,P0004,Power Bank,Electronics,3,156.84,0.05,446.99,342.72,104.27
O003895,2025-08-22,C0317,South,Retail,P0009,Vacuum Cleaner,Home & Kitchen,7,86.66,0.0,606.62,372.68,233.94
O003896,2025-08-22,C0070,North,Wholesale,P0002,Smart Watch,Electronics,7,189.4,0.15,1126.93,706.58,420.35
O003897,2025-08-22,C0048,South,Online,P0016,Ergonomic Chair,Office Supplies,6,85.32,0.0,511.92,308.58,203.34
O003898,2025-08-22,C0147,North,Online,P0005,Laptop Stand,Electronics,6,108.18,0.15,551.72,389.46,162.26
O003899,2025-08-23,C0324,North,Retail,P0013,Backpack,Apparel,4,282.71,0.0,1130.84,802.96,327.88
O003900,2025-08-23,C0326,North,Wholesale,P0020,Monitor Arm,Office Supplies,7,193.94,0.0,1357.58,905.8,451.78
O003901,2025-08-23,C0203,West,Online,P0018,Notebook Set,Office Supplies,2,171.61,0.15,291.74,171.14,120.6
O003902,2025-08-23,C0279,North,Retail,P0004,Power Bank,Electronics,4,156.84,0.0,627.36,456.96,170.4
O003903,2025-08-23,C0125,North,Retail,P0019,Desk Organizer,Office Supplies,1,260.68,0.1,234.61,170.95,63.66
O003904,2025-08-23,C0081,West,Retail,P0008,Cookware Set,Home & Kitchen,4,144.8,0.05,550.24,276.36,273.88
O003905,2025-08-23,C0049,West,Retail,P0004,Power Bank,Electronics,7,156.84,0.1,988.09,799.68,188.41
O003906,2025-08-24,C0347,South,Online,P0007,Blender,Home & Kitchen,6,121.55,0.05,692.83,532.56,160.27
O003907,2025-08-24,C0291,East,Online,P0003,Bluetooth Speaker,Electronics,4,365.93,0.0,1463.72,861.32,602.4
O003908,2025-08-24,C0028,South,Wholesale,P0012,Denim Jacket,Apparel,7,97.06,0.0,679.42,397.74,281.68
O003909,2025-08-24,C0397,North,Wholesale,P0019,Desk Organizer,Office Supplies,2,260.68,0.0,521.36,341.9,179.46
O003910,2025-08-24,C0099,South,Wholesale,P0019,Desk Organizer,Office Supplies,4,260.68,0.0,1042.72,683.8,358.92
O003911,2025-08-24,C0187,West,Online,P0002,Smart Watch,Electronics,2,189.4,0.0,378.8,201.88,176.92
O003912,2025-08-24,C0376,North,Online,P0015,Wallet,Apparel,6,245.76,0.1,1327.1,898.98,428.12
O003913,2025-08-24,C0400,South,Online,P0010,Coffee Maker,Home & Kitchen,7,276.64,0.0,1936.48,1437.94,498.54
O003914,2025-08-25,C0334,South,Retail,P0009,Vacuum Cleaner,Home & Kitchen,4,86.66,0.1,311.98,212.96,99.02
O003915,2025-08-25,C0222,North,Retail,P0010,Coffee Maker,Home & Kitchen,3,276.64,0.0,829.92,616.26,213.66
O003916,2025-08-25,C0284,North,Wholesale,P0009,Vacuum Cleaner,Home & Kitchen,4,86.66,0.15,294.64,212.96,81.68
O003917,2025-08-25,C0053,West,Retail,P0017,Standing Desk,Office Supplies,5,143.29,0.0,716.45,434.75,281.7
O003918,2025-08-26,C0349,East,Wholesale,P0004,Power Bank,Electronics,4,156.84,0.0,627.36,456.96,170.4
O003919,2025-08-26,C0152,East,Online,P0001,Wireless Earbuds,Electronics,6,46.85,0.0,281.1,145.08,136.02
O003920,2025-08-26,C0151,West,Wholesale,P0013,Backpack,Apparel,4,282.71,0.1,1017.76,802.96,214.8
O003921,2025-08-26,C0364,West,Retail,P0016,Ergonomic Chair,Office Supplies,5,85.32,0.15,362.61,257.15,105.46
O003922,2025-08-26,C0156,West,Retail,P0017,Standing Desk,Office Supplies,6,143.29,0.0,859.74,521.7,338.04
O003923,2025-08-27,C0385,East,Retail,P0019,Desk Organizer,Office Supplies,1,260.68,0.15,221.58,170.95,50.63
O003924,2025-08-27,C0386,North,Online,P0003,Bluetooth Speaker,Electronics,2,365.93,0.15,622.08,430.66,191.42
O003925,2025-08-27,C0122,East,Retail,P0007,Blender,Home & Kitchen,5,121.55,0.0,607.75,443.8,163.95
O003926,2025-08-28,C0379,West,Online,P0010,Coffee Maker,Home & Kitchen,5,276.64,0.05,1314.04,1027.1,286.94
O003927,2025-08-28,C0169,South,Online,P0005,Laptop Stand,Electronics,1,108.18,0.0,108.18,64.91,43.27
O003928,2025-08-28,C0007,East,Wholesale,P0014,Sunglasses,Apparel,4,226.65,0.0,906.6,475.84,430.76
O003929,2025-08-28,C0072,East,Retail,P0016,Ergonomic Chair,Office Supplies,4,85.32,0.0,341.28,205.72,135.56
O003930,2025-08-28,C0278,East,Online,P0005,Laptop Stand,Electronics,2,108.18,0.0,216.36,129.82,86.54
O003931,2025-08-28,C0303,West,Retail,P0007,Blender,Home & Kitchen,2,121.55,0.1,218.79,177.52,41.27
O003932,2025-08-28,C0043,West,Retail,P0004,Power Bank,Electronics,4,156.84,0.1,564.62,456.96,107.66
O003933,2025-08-28,C0376,North,Online,P0018,Notebook Set,Office Supplies,1,171.61,0.05,163.03,85.57,77.46
O003934,2025-08-29,C0256,North,Retail,P0018,Notebook Set,Office Supplies,2,171.61,0.0,343.22,171.14,172.08
O003935,2025-08-29,C0264,South,Retail,P0016,Ergonomic Chair,Office Supplies,6,85.32,0.0,511.92,308.58,203.34
O003936,2025-08-29,C0179,East,Retail,P0019,Desk Organizer,Office Supplies,6,260.68,0.1,1407.67,1025.7,381.97
O003937,2025-08-29,C0253,North,Online,P0020,Monitor Arm,Office Supplies,1,193.94,0.0,193.94,129.4,64.54
O003938,2025-08-29,C0058,North,Retail,P0007,Blender,Home & Kitchen,5,121.55,0.0,607.75,443.8,163.95
O003939,2025-08-29,C0317,South,Retail,P0009,Vacuum Cleaner,Home & Kitchen,5,86.66,0.05,411.63,266.2,145.43
O003940,2025-08-29,C0384,West,Online,P0016,Ergonomic Chair,Office Supplies,5,85.32,0.0,426.6,257.15,169.45
O003941,2025-08-29,C0074,South,Retail,P0016,Ergonomic Chair,Office Supplies,7,85.32,0.05,567.38,360.01,207.37
O003942,2025-08-30,C0229,North,Wholesale,P0016,Ergonomic Chair,Office Supplies,6,85.32,0.05,486.32,308.58,177.74
O003943,2025-08-30,C0250,South,Online,P0014,Sunglasses,Apparel,4,226.65,0.0,906.6,475.84,430.76
O003944,2025-08-30,C0320,South,Retail,P0004,Power Bank,Electronics,3,156.84,0.0,470.52,342.72,127.8
O003945,2025-08-30,C0094,South,Retail,P0008,Cookware Set,Home & Kitchen,2,144.8,0.05,275.12,138.18,136.94
O003946,2025-08-30,C0216,North,Retail,P0019,Desk Organizer,Office Supplies,6,260.68,0.15,1329.47,1025.7,303.77
O003947,2025-08-30,C0039,North,Retail,P0018,Notebook Set,Office Supplies,5,171.61,0.05,815.15,427.85,387.3
O003948,2025-08-30,C0017,South,Wholesale,P0015,Wallet,Apparel,1,245.76,0.15,208.9,149.83,59.07
O003949,2025-08-31,C0320,South,Retail,P0012,Denim Jacket,Apparel,1,97.06,0.0,97.06,56.82,40.24
O003950,2025-08-31,C0058,North,Retail,P0010,Coffee Maker,Home & Kitchen,5,276.64,0.2,1106.56,1027.1,79.46
O003951,2025-08-31,C0173,South,Online,P0002,Smart Watch,Electronics,3,189.4,0.05,539.79,302.82,236.97
O003952,2025-08-31,C0113,South,Retail,P0012,Denim Jacket,Apparel,5,97.06,0.0,485.3,284.1,201.2
O003953,2025-08-31,C0116,South,Retail,P0014,Sunglasses,Apparel,6,226.65,0.05,1291.9,713.76,578.14
O003954,2025-08-31,C0046,North,Online,P0020,Monitor Arm,Office Supplies,5,193.94,0.0,969.7,647.0,322.7
O003955,2025-08-31,C0342,North,Wholesale,P0012,Denim Jacket,Apparel,4,97.06,0.0,388.24,227.28,160.96
O003956,2025-08-31,C0007,East,Wholesale,P0014,Sunglasses,Apparel,6,226.65,0.05,1291.9,713.76,578.14
O003957,2025-08-31,C0061,North,Online,P0002,Smart Watch,Electronics,2,189.4,0.0,378.8,201.88,176.92
O003958,2025-08-31,C0356,North,Wholesale,P0004,Power Bank,Electronics,1,156.84,0.0,156.84,114.24,42.6
O003959,2025-08-31,C0198,South,Online,P0008,Cookware Set,Home & Kitchen,5,144.8,0.0,724.0,345.45,378.55
O003960,2025-08-31,C0045,West,Retail,P0013,Backpack,Apparel,1,282.71,0.0,282.71,200.74,81.97
O003961,2025-09-01,C0340,South,Online,P0011,Running Shoes,Apparel,4,291.03,0.15,989.5,541.28,448.22
O003962,2025-09-01,C0330,South,Retail,P0019,Desk Organizer,Office Supplies,6,260.68,0.0,1564.08,1025.7,538.38
O003963,2025-09-01,C0014,West,Online,P0012,Denim Jacket,Apparel,1,97.06,0.1,87.35,56.82,30.53
O003964,2025-09-01,C0007,East,Wholesale,P0003,Bluetooth Speaker,Electronics,4,365.93,0.05,1390.53,861.32,529.21
O003965,2025-09-02,C0219,North,Retail,P0017,Standing Desk,Office Supplies,7,143.29,0.0,1003.03,608.65,394.38
O003966,2025-09-02,C0276,South,Wholesale,P0003,Bluetooth Speaker,Electronics,2,365.93,0.05,695.27,430.66,264.61
O003967,2025-09-02,C0283,West,Retail,P0018,Notebook Set,Office Supplies,4,171.61,0.1,617.8,342.28,275.52
O003968,2025-09-02,C0364,West,Retail,P0010,Coffee Maker,Home & Kitchen,5,276.64,0.0,1383.2,1027.1,356.1
O003969,2025-09-02,C0005,North,Online,P0020,Monitor Arm,Office Supplies,1,193.94,0.0,193.94,129.4,64.54
O003970,2025-09-02,C0144,North,Retail,P0010,Coffee Maker,Home & Kitchen,3,276.64,0.15,705.43,616.26,89.17
O003971,2025-09-02,C0291,East,Online,P0015,Wallet,Apparel,6,245.76,0.1,1327.1,898.98,428.12
O003972,2025-09-03,C0143,North,Wholesale,P0015,Wallet,Apparel,3,245.76,0.05,700.42,449.49,250.93
O003973,2025-09-03,C0190,East,Retail,P0020,Monitor Arm,Office Supplies,6,193.94,0.2,930.91,776.4,154.51
O003974,2025-09-03,C0016,West,Retail,P0020,Monitor Arm,Office Supplies,3,193.94,0.0,581.82,388.2,193.62
O003975,2025-09-03,C0204,North,Retail,P0012,Denim Jacket,Apparel,6,97.06,0.05,553.24,340.92,212.32
O003976,2025-09-03,C0097,West,Retail,P0020,Monitor Arm,Office Supplies,6,193.94,0.0,1163.64,776.4,387.24
O003977,2025-09-03,C0272,West,Retail,P0005,Laptop Stand,Electronics,5,108.18,0.0,540.9,324.55,216.35
O003978,2025-09-03,C0161,North,Online,P0017,Standing Desk,Office Supplies,3,143.29,0.15,365.39,260.85,104.54
O003979,2025-09-04,C0234,North,Retail,P0004,Power Bank,Electronics,2,156.84,0.0,313.68,228.48,85.2
O003980,2025-09-04,C0341,North,Online,P0005,Laptop Stand,Electronics,4,108.18,0.0,432.72,259.64,173.08
O003981,2025-09-04,C0119,South,Online,P0003,Bluetooth Speaker,Electronics,3,365.93,0.15,933.12,645.99,287.13
O003982,2025-09-04,C0159,West,Retail,P0017,Standing Desk,Office Supplies,2,143.29,0.05,272.25,173.9,98.35
O003983,2025-09-05,C0336,South,Wholesale,P0013,Backpack,Apparel,7,282.71,0.0,1978.97,1405.18,573.79
O003984,2025-09-05,C0232,South,Online,P0007,Blender,Home & Kitchen,7,121.55,0.0,850.85,621.32,229.53
O003985,2025-09-05,C0335,South,Retail,P0007,Blender,Home & Kitchen,1,121.55,0.05,115.47,88.76,26.71
O003986,2025-09-05,C0115,West,Wholesale,P0009,Vacuum Cleaner,Home & Kitchen,7,86.66,0.0,606.62,372.68,233.94
O003987,2025-09-06,C0316,West,Retail,P0015,Wallet,Apparel,6,245.76,0.1,1327.1,898.98,428.12
O003988,2025-09-06,C0366,East,Online,P0005,Laptop Stand,Electronics,7,108.18,0.0,757.26,454.37,302.89
O003989,2025-09-06,C0319,South,Online,P0016,Ergonomic Chair,Office Supplies,5,85.32,0.0,426.6,257.15,169.45
O003990,2025-09-06,C0216,North,Retail,P0010,Coffee Maker,Home & Kitchen,7,276.64,0.05,1839.66,1437.94,401.72
O003991,2025-09-07,C0169,South,Online,P0001,Wireless Earbuds,Electronics,4,46.85,0.15,159.29,96.72,62.57
O003992,2025-09-07,C0275,East,Online,P0013,Backpack,Apparel,1,282.71,0.05,268.57,200.74,67.83
O003993,2025-09-07,C0286,West,Online,P0002,Smart Watch,Electronics,7,189.4,0.05,1259.51,706.58,552.93
O003994,2025-09-07,C0270,East,Online,P0010,Coffee Maker,Home & Kitchen,4,276.64,0.0,1106.56,821.68,284.88
O003995,2025-09-07,C0038,West,Online,P0020,Monitor Arm,Office Supplies,4,193.94,0.05,736.97,517.6,219.37
O003996,2025-09-08,C0143,North,Wholesale,P0020,Monitor Arm,Office Supplies,1,193.94,0.0,193.94,129.4,64.54
O003997,2025-09-08,C0205,South,Wholesale,P0008,Cookware Set,Home & Kitchen,3,144.8,0.0,434.4,207.27,227.13
O003998,2025-09-08,C0196,South,Online,P0003,Bluetooth Speaker,Electronics,6,365.93,0.0,2195.58,1291.98,903.6
O003999,2025-09-08,C0342,North,Wholesale,P0018,Notebook Set,Office Supplies,6,171.61,0.0,1029.66,513.42,516.24
O004000,2025-09-08,C0290,North,Online,P0013,Backpack,Apparel,7,282.71,0.0,1978.97,1405.18,573.79
O004001,2025-09-08,C0218,East,Retail,P0005,Laptop Stand,Electronics,6,108.18,0.05,616.63,389.46,227.17
O004002,2025-09-09,C0169,South,Online,P0002,Smart Watch,Electronics,1,189.4,0.2,151.52,100.94,50.58
O004003,2025-09-09,C0168,South,Retail,P0015,Wallet,Apparel,3,245.76,0.05,700.42,449.49,250.93
O004004,2025-09-09,C0351,East,Online,P0011,Running Shoes,Apparel,5,291.03,0.0,1455.15,676.6,778.55
O004005,2025-09-09,C0382,South,Wholesale,P0012,Denim Jacket,Apparel,1,97.06,0.05,92.21,56.82,35.39
O004006,2025-09-09,C0174,West,Retail,P0008,Cookware Set,Home & Kitchen,5,144.8,0.0,724.0,345.45,378.55
O004007,2025-09-10,C0188,South,Retail,P0003,Bluetooth Speaker,Electronics,1,365.93,0.05,347.63,215.33,132.3
O004008,2025-09-10,C0316,West,Retail,P0011,Running Shoes,Apparel,7,291.03,0.1,1833.49,947.24,886.25
O004009,2025-09-10,C0236,North,Retail,P0015,Wallet,Apparel,3,245.76,0.0,737.28,449.49,287.79
O004010,2025-09-10,C0051,East,Retail,P0010,Coffee Maker,Home & Kitchen,6,276.64,0.15,1410.86,1232.52,178.34
O004011,2025-09-10,C0397,North,Wholesale,P0001,Wireless Earbuds,Electronics,2,46.85,0.0,93.7,48.36,45.34
O004012,2025-09-10,C0006,South,Retail,P0005,Laptop Stand,Electronics,2,108.18,0.0,216.36,129.82,86.54
O004013,2025-09-11,C0074,South,Retail,P0020,Monitor Arm,Office Supplies,4,193.94,0.0,775.76,517.6,258.16
O004014,2025-09-11,C0202,North,Wholesale,P0004,Power Bank,Electronics,6,156.84,0.0,941.04,685.44,255.6
O004015,2025-09-12,C0064,East,Online,P0005,Laptop Stand,Electronics,7,108.18,0.1,681.53,454.37,227.16
O004016,2025-09-12,C0271,North,Online,P0009,Vacuum Cleaner,Home & Kitchen,6,86.66,0.05,493.96,319.44,174.52
O004017,2025-09-12,C0141,North,Online,P0007,Blender,Home & Kitchen,5,121.55,0.1,546.98,443.8,103.18
O004018,2025-09-12,C0337,North,Online,P0013,Backpack,Apparel,3,282.71,0.0,848.13,602.22,245.91
O004019,2025-09-12,C0348,North,Wholesale,P0020,Monitor Arm,Office Supplies,2,193.94,0.05,368.49,258.8,109.69
O004020,2025-09-12,C0247,North,Wholesale,P0020,Monitor Arm,Office Supplies,3,193.94,0.1,523.64,388.2,135.44
O004021,2025-09-12,C0111,West,Retail,P0003,Bluetooth Speaker,Electronics,1,365.93,0.0,365.93,215.33,150.6
O004022,2025-09-12,C0251,East,Online,P0007,Blender,Home & Kitchen,1,121.55,0.2,97.24,88.76,8.48
O004023,2025-09-12,C0208,West,Online,P0020,Monitor Arm,Office Supplies,1,193.94,0.2,155.15,129.4,25.75
O004024,2025-09-12,C0079,West,Retail,P0013,Backpack,Apparel,6,282.71,0.1,1526.63,1204.44,322.19
O004025,2025-09-12,C0078,South,Wholesale,P0015,Wallet,Apparel,1,245.76,0.0,245.76,149.83,95.93
O004026,2025-09-12,C0036,South,Retail,P0012,Denim Jacket,Apparel,3,97.06,0.15,247.5,170.46,77.04
O004027,2025-09-13,C0217,West,Online,P0018,Notebook Set,Office Supplies,1,171.61,0.0,171.61,85.57,86.04
O004028,2025-09-13,C0133,North,Retail,P0009,Vacuum Cleaner,Home & Kitchen,4,86.66,0.1,311.98,212.96,99.02
O004029,2025-09-13,C0017,South,Wholesale,P0012,Denim Jacket,Apparel,5,97.06,0.0,485.3,284.1,201.2
O004030,2025-09-13,C0167,South,Retail,P0012,Denim Jacket,Apparel,2,97.06,0.05,184.41,113.64,70.77
O004031,2025-09-13,C0349,East,Wholesale,P0011,Running Shoes,Apparel,4,291.03,0.0,1164.12,541.28,622.84
O004032,2025-09-13,C0232,South,Online,P0009,Vacuum Cleaner,Home & Kitchen,2,86.66,0.15,147.32,106.48,40.84
O004033,2025-09-13,C0312,East,Retail,P0001,Wireless Earbuds,Electronics,3,46.85,0.0,140.55,72.54,68.01
O004034,2025-09-13,C0334,South,Retail,P0015,Wallet,Apparel,4,245.76,0.0,983.04,599.32,383.72
O004035,2025-09-13,C0160,West,Wholesale,P0008,Cookware Set,Home & Kitchen,5,144.8,0.1,651.6,345.45,306.15
O004036,2025-09-14,C0114,West,Retail,P0001,Wireless Earbuds,Electronics,6,46.85,0.0,281.1,145.08,136.02
O004037,2025-09-14,C0202,North,Wholesale,P0003,Bluetooth Speaker,Electronics,7,365.93,0.0,2561.51,1507.31,1054.2
O004038,2025-09-14,C0309,West,Retail,P0017,Standing Desk,Office Supplies,1,143.29,0.0,143.29,86.95,56.34
O004039,2025-09-14,C0393,North,Retail,P0008,Cookware Set,Home & Kitchen,4,144.8,0.05,550.24,276.36,273.88
O004040,2025-09-14,C0069,South,Retail,P0020,Monitor Arm,Office Supplies,4,193.94,0.15,659.4,517.6,141.8
O004041,2025-09-14,C0216,North,Retail,P0012,Denim Jacket,Apparel,2,97.06,0.0,194.12,113.64,80.48
O004042,2025-09-15,C0342,North,Wholesale,P0002,Smart Watch,Electronics,1,189.4,0.1,170.46,100.94,69.52
O004043,2025-09-16,C0101,West,Retail,P0008,Cookware Set,Home & Kitchen,6,144.8,0.0,868.8,414.54,454.26
O004044,2025-09-16,C0163,West,Retail,P0002,Smart Watch,Electronics,1,189.4,0.0,189.4,100.94,88.46
O004045,2025-09-16,C0192,West,Online,P0016,Ergonomic Chair,Office Supplies,2,85.32,0.0,170.64,102.86,67.78
O004046,2025-09-17,C0302,North,Online,P0011,Running Shoes,Apparel,5,291.03,0.1,1309.64,676.6,633.04
O004047,2025-09-17,C0308,East,Retail,P0011,Running Shoes,Apparel,3,291.03,0.1,785.78,405.96,379.82
O004048,2025-09-17,C0070,North,Wholesale,P0001,Wireless Earbuds,Electronics,5,46.85,0.0,234.25,120.9,113.35
O004049,2025-09-17,C0028,South,Wholesale,P0015,Wallet,Apparel,7,245.76,0.1,1548.29,1048.81,499.48
O004050,2025-09-17,C0210,East,Wholesale,P0016,Ergonomic Chair,Office Supplies,4,85.32,0.0,341.28,205.72,135.56
O004051,2025-09-18,C0020,South,Retail,P0004,Power Bank,Electronics,6,156.84,0.1,846.94,685.44,161.5
O004052,2025-09-18,C0226,East,Wholesale,P0003,Bluetooth Speaker,Electronics,7,365.93,0.0,2561.51,1507.31,1054.2
O004053,2025-09-18,C0217,West,Online,P0012,Denim Jacket,Apparel,6,97.06,0.0,582.36,340.92,241.44
O004054,2025-09-18,C0300,South,Retail,P0019,Desk Organizer,Office Supplies,5,260.68,0.1,1173.06,854.75,318.31
O004055,2025-09-18,C0090,West,Retail,P0019,Desk Organizer,Office Supplies,6,260.68,0.1,1407.67,1025.7,381.97
O004056,2025-09-19,C0122,East,Retail,P0018,Notebook Set,Office Supplies,1,171.61,0.1,154.45,85.57,68.88
O004057,2025-09-19,C0310,South,Wholesale,P0014,Sunglasses,Apparel,4,226.65,0.05,861.27,475.84,385.43
O004058,2025-09-19,C0385,East,Retail,P0006,Air Fryer,Home & Kitchen,5,298.69,0.15,1269.43,760.0,509.43
O004059,2025-09-19,C0388,South,Retail,P0004,Power Bank,Electronics,4,156.84,0.1,564.62,456.96,107.66
O004060,2025-09-19,C0308,East,Retail,P0013,Backpack,Apparel,2,282.71,0.0,565.42,401.48,163.94
O004061,2025-09-19,C0108,North,Online,P0011,Running Shoes,Apparel,7,291.03,0.0,2037.21,947.24,1089.97
O004062,2025-09-20,C0214,South,Retail,P0007,Blender,Home & Kitchen,2,121.55,0.0,243.1,177.52,65.58
O004063,2025-09-20,C0063,West,Online,P0018,Notebook Set,Office Supplies,7,171.61,0.15,1021.08,598.99,422.09
O004064,2025-09-20,C0105,East,Wholesale,P0011,Running Shoes,Apparel,3,291.03,0.0,873.09,405.96,467.13
O004065,2025-09-20,C0280,North,Retail,P0005,Laptop Stand,Electronics,6,108.18,0.0,649.08,389.46,259.62
O004066,2025-09-20,C0097,West,Retail,P0013,Backpack,Apparel,7,282.71,0.0,1978.97,1405.18,573.79
O004067,2025-09-21,C0001,South,Retail,P0006,Air Fryer,Home & Kitchen,3,298.69,0.1,806.46,456.0,350.46
O004068,2025-09-21,C0265,South,Retail,P0002,Smart Watch,Electronics,4,189.4,0.1,681.84,403.76,278.08
O004069,2025-09-21,C0344,South,Wholesale,P0002,Smart Watch,Electronics,7,189.4,0.0,1325.8,706.58,619.22
O004070,2025-09-22,C0334,South,Retail,P0007,Blender,Home & Kitchen,7,121.55,0.05,808.31,621.32,186.99
O004071,2025-09-22,C0102,West,Online,P0002,Smart Watch,Electronics,3,189.4,0.0,568.2,302.82,265.38
O004072,2025-09-22,C0032,West,Retail,P0011,Running Shoes,Apparel,7,291.03,0.0,2037.21,947.24,1089.97
O004073,2025-09-22,C0269,North,Online,P0020,Monitor Arm,Office Supplies,2,193.94,0.0,387.88,258.8,129.08
O004074,2025-09-22,C0257,South,Retail,P0008,Cookware Set,Home & Kitchen,1,144.8,0.1,130.32,69.09,61.23
O004075,2025-09-22,C0252,West,Retail,P0003,Bluetooth Speaker,Electronics,4,365.93,0.0,1463.72,861.32,602.4
O004076,2025-09-22,C0154,West,Retail,P0007,Blender,Home & Kitchen,1,121.55,0.1,109.4,88.76,20.64
O004077,2025-09-22,C0188,South,Retail,P0006,Air Fryer,Home & Kitchen,1,298.69,0.05,283.76,152.0,131.76
O004078,2025-09-23,C0081,West,Retail,P0006,Air Fryer,Home & Kitchen,7,298.69,0.1,1881.75,1064.0,817.75
O004079,2025-09-23,C0033,East,Online,P0015,Wallet,Apparel,5,245.76,0.0,1228.8,749.15,479.65
O004080,2025-09-23,C0390,West,Online,P0014,Sunglasses,Apparel,5,226.65,0.0,1133.25,594.8,538.45
O004081,2025-09-23,C0097,West,Retail,P0004,Power Bank,Electronics,7,156.84,0.1,988.09,799.68,188.41
O004082,2025-09-24,C0194,North,Online,P0005,Laptop Stand,Electronics,3,108.18,0.1,292.09,194.73,97.36
O004083,2025-09-24,C0319,South,Online,P0015,Wallet,Apparel,7,245.76,0.1,1548.29,1048.81,499.48
O004084,2025-09-25,C0391,South,Online,P0006,Air Fryer,Home & Kitchen,1,298.69,0.0,298.69,152.0,146.69
O004085,2025-09-25,C0178,South,Online,P0004,Power Bank,Electronics,4,156.84,0.05,595.99,456.96,139.03
O004086,2025-09-25,C0171,East,Retail,P0014,Sunglasses,Apparel,5,226.65,0.05,1076.59,594.8,481.79
O004087,2025-09-25,C0092,East,Retail,P0016,Ergonomic Chair,Office Supplies,3,85.32,0.05,243.16,154.29,88.87
O004088,2025-09-25,C0199,West,Retail,P0016,Ergonomic Chair,Office Supplies,4,85.32,0.0,341.28,205.72,135.56
O004089,2025-09-26,C0118,South,Retail,P0013,Backpack,Apparel,7,282.71,0.15,1682.12,1405.18,276.94
O004090,2025-09-26,C0228,East,Online,P0018,Notebook Set,Office Supplies,6,171.61,0.0,1029.66,513.42,516.24
O004091,2025-09-26,C0142,South,Online,P0009,Vacuum Cleaner,Home & Kitchen,4,86.66,0.05,329.31,212.96,116.35
O004092,2025-09-26,C0212,West,Online,P0011,Running Shoes,Apparel,6,291.03,0.0,1746.18,811.92,934.26
O004093,2025-09-26,C0231,West,Wholesale,P0012,Denim Jacket,Apparel,2,97.06,0.05,184.41,113.64,70.77
O004094,2025-09-26,C0104,South,Online,P0009,Vacuum Cleaner,Home & Kitchen,7,86.66,0.1,545.96,372.68,173.28
O004095,2025-09-27,C0224,South,Wholesale,P0002,Smart Watch,Electronics,6,189.4,0.1,1022.76,605.64,417.12
O004096,2025-09-27,C0141,North,Online,P0014,Sunglasses,Apparel,2,226.65,0.0,453.3,237.92,215.38
O004097,2025-09-27,C0038,West,Online,P0015,Wallet,Apparel,5,245.76,0.05,1167.36,749.15,418.21
O004098,2025-09-27,C0263,North,Online,P0002,Smart Watch,Electronics,1,189.4,0.0,189.4,100.94,88.46
O004099,2025-09-28,C0234,North,Retail,P0012,Denim Jacket,Apparel,3,97.06,0.0,291.18,170.46,120.72
O004100,2025-09-28,C0191,East,Online,P0010,Coffee Maker,Home & Kitchen,3,276.64,0.1,746.93,616.26,130.67
O004101,2025-09-28,C0226,East,Wholesale,P0014,Sunglasses,Apparel,6,226.65,0.05,1291.9,713.76,578.14
O004102,2025-09-28,C0286,West,Online,P0007,Blender,Home & Kitchen,4,121.55,0.05,461.89,355.04,106.85
O004103,2025-09-28,C0381,North,Retail,P0003,Bluetooth Speaker,Electronics,2,365.93,0.15,622.08,430.66,191.42
O004104,2025-09-28,C0053,West,Retail,P0006,Air Fryer,Home & Kitchen,6,298.69,0.05,1702.53,912.0,790.53
O004105,2025-09-28,C0005,North,Online,P0017,Standing Desk,Office Supplies,5,143.29,0.2,573.16,434.75,138.41
O004106,2025-09-28,C0301,East,Retail,P0018,Notebook Set,Office Supplies,5,171.61,0.0,858.05,427.85,430.2
O004107,2025-09-28,C0269,North,Online,P0008,Cookware Set,Home & Kitchen,1,144.8,0.05,137.56,69.09,68.47
O004108,2025-09-29,C0268,West,Retail,P0005,Laptop Stand,Electronics,3,108.18,0.15,275.86,194.73,81.13
O004109,2025-09-29,C0113,South,Retail,P0009,Vacuum Cleaner,Home & Kitchen,2,86.66,0.0,173.32,106.48,66.84
O004110,2025-09-29,C0129,South,Retail,P0003,Bluetooth Speaker,Electronics,7,365.93,0.0,2561.51,1507.31,1054.2
O004111,2025-09-29,C0150,North,Retail,P0010,Coffee Maker,Home & Kitchen,6,276.64,0.05,1576.85,1232.52,344.33
O004112,2025-09-29,C0370,North,Wholesale,P0020,Monitor Arm,Office Supplies,4,193.94,0.1,698.18,517.6,180.58
O004113,2025-09-29,C0311,North,Online,P0013,Backpack,Apparel,2,282.71,0.15,480.61,401.48,79.13
O004114,2025-09-29,C0323,West,Online,P0017,Standing Desk,Office Supplies,3,143.29,0.0,429.87,260.85,169.02
O004115,2025-09-29,C0167,South,Retail,P0004,Power Bank,Electronics,2,156.84,0.15,266.63,228.48,38.15
O004116,2025-09-29,C0069,South,Retail,P0017,Standing Desk,Office Supplies,3,143.29,0.0,429.87,260.85,169.02
O004117,2025-09-30,C0208,West,Online,P0018,Notebook Set,Office Supplies,2,171.61,0.05,326.06,171.14,154.92
O004118,2025-09-30,C0374,West,Retail,P0002,Smart Watch,Electronics,2,189.4,0.0,378.8,201.88,176.92
O004119,2025-09-30,C0201,North,Wholesale,P0012,Denim Jacket,Apparel,4,97.06,0.1,349.42,227.28,122.14
O004120,2025-09-30,C0300,South,Retail,P0005,Laptop Stand,Electronics,4,108.18,0.0,432.72,259.64,173.08
O004121,2025-09-30,C0041,North,Wholesale,P0008,Cookware Set,Home & Kitchen,2,144.8,0.05,275.12,138.18,136.94
O004122,2025-09-30,C0298,West,Retail,P0019,Desk Organizer,Office Supplies,7,260.68,0.0,1824.76,1196.65,628.11
O004123,2025-09-30,C0044,East,Online,P0015,Wallet,Apparel,3,245.76,0.05,700.42,449.49,250.93
O004124,2025-09-30,C0095,East,Online,P0005,Laptop Stand,Electronics,3,108.18,0.0,324.54,194.73,129.81
O004125,2025-09-30,C0161,North,Online,P0020,Monitor Arm,Office Supplies,3,193.94,0.1,523.64,388.2,135.44
O004126,2025-09-30,C0071,East,Retail,P0008,Cookware Set,Home & Kitchen,4,144.8,0.05,550.24,276.36,273.88
O004127,2025-09-30,C0092,East,Retail,P0011,Running Shoes,Apparel,3,291.03,0.05,829.44,405.96,423.48
O004128,2025-09-30,C0317,South,Retail,P0017,Standing Desk,Office Supplies,5,143.29,0.0,716.45,434.75,281.7
O004129,2025-10-01,C0135,West,Wholesale,P0011,Running Shoes,Apparel,2,291.03,0.1,523.85,270.64,253.21
O004130,2025-10-01,C0170,North,Wholesale,P0001,Wireless Earbuds,Electronics,2,46.85,0.05,89.02,48.36,40.66
O004131,2025-10-01,C0145,West,Retail,P0018,Notebook Set,Office Supplies,2,171.61,0.0,343.22,171.14,172.08
O004132,2025-10-01,C0055,North,Retail,P0008,Cookware Set,Home & Kitchen,7,144.8,0.05,962.92,483.63,479.29
O004133,2025-10-01,C0189,South,Wholesale,P0009,Vacuum Cleaner,Home & Kitchen,6,86.66,0.1,467.96,319.44,148.52
O004134,2025-10-01,C0049,West,Retail,P0007,Blender,Home & Kitchen,6,121.55,0.2,583.44,532.56,50.88
O004135,2025-10-01,C0200,North,Retail,P0004,Power Bank,Electronics,1,156.84,0.0,156.84,114.24,42.6
O004136,2025-10-01,C0157,East,Online,P0005,Laptop Stand,Electronics,6,108.18,0.1,584.17,389.46,194.71
O004137,2025-10-01,C0087,South,Wholesale,P0010,Coffee Maker,Home & Kitchen,7,276.64,0.0,1936.48,1437.94,498.54
O004138,2025-10-01,C0012,North,Retail,P0002,Smart Watch,Electronics,5,189.4,0.05,899.65,504.7,394.95
O004139,2025-10-01,C0342,North,Wholesale,P0012,Denim Jacket,Apparel,4,97.06,0.0,388.24,227.28,160.96
O004140,2025-10-01,C0156,West,Retail,P0001,Wireless Earbuds,Electronics,2,46.85,0.15,79.64,48.36,31.28
O004141,2025-10-02,C0113,South,Retail,P0014,Sunglasses,Apparel,7,226.65,0.15,1348.57,832.72,515.85
O004142,2025-10-02,C0219,North,Retail,P0006,Air Fryer,Home & Kitchen,1,298.69,0.1,268.82,152.0,116.82
O004143,2025-10-02,C0233,North,Online,P0012,Denim Jacket,Apparel,5,97.06,0.0,485.3,284.1,201.2
O004144,2025-10-03,C0081,West,Retail,P0009,Vacuum Cleaner,Home & Kitchen,6,86.66,0.05,493.96,319.44,174.52
O004145,2025-10-03,C0212,West,Online,P0005,Laptop Stand,Electronics,1,108.18,0.0,108.18,64.91,43.27
O004146,2025-10-03,C0234,North,Retail,P0005,Laptop Stand,Electronics,5,108.18,0.1,486.81,324.55,162.26
O004147,2025-10-03,C0200,North,Retail,P0017,Standing Desk,Office Supplies,7,143.29,0.1,902.73,608.65,294.08
O004148,2025-10-03,C0274,North,Online,P0011,Running Shoes,Apparel,1,291.03,0.0,291.03,135.32,155.71
O004149,2025-10-03,C0397,North,Wholesale,P0005,Laptop Stand,Electronics,1,108.18,0.05,102.77,64.91,37.86
O004150,2025-10-03,C0356,North,Wholesale,P0019,Desk Organizer,Office Supplies,1,260.68,0.1,234.61,170.95,63.66
O004151,2025-10-04,C0101,West,Retail,P0008,Cookware Set,Home & Kitchen,7,144.8,0.2,810.88,483.63,327.25
O004152,2025-10-04,C0286,West,Online,P0014,Sunglasses,Apparel,4,226.65,0.1,815.94,475.84,340.1
O004153,2025-10-04,C0076,North,Retail,P0005,Laptop Stand,Electronics,2,108.18,0.05,205.54,129.82,75.72
O004154,2025-10-04,C0129,South,Retail,P0004,Power Bank,Electronics,2,156.84,0.0,313.68,228.48,85.2
O004155,2025-10-04,C0132,North,Online,P0007,Blender,Home & Kitchen,3,121.55,0.0,364.65,266.28,98.37
O004156,2025-10-04,C0284,North,Wholesale,P0013,Backpack,Apparel,5,282.71,0.2,1130.84,1003.7,127.14
O004157,2025-10-04,C0162,West,Online,P0016,Ergonomic Chair,Office Supplies,3,85.32,0.05,243.16,154.29,88.87
O004158,2025-10-04,C0066,South,Retail,P0010,Coffee Maker,Home & Kitchen,3,276.64,0.1,746.93,616.26,130.67
O004159,2025-10-04,C0255,West,Retail,P0009,Vacuum Cleaner,Home & Kitchen,7,86.66,0.0,606.62,372.68,233.94
O004160,2025-10-05,C0224,South,Wholesale,P0012,Denim Jacket,Apparel,4,97.06,0.15,330.0,227.28,102.72
O004161,2025-10-05,C0221,West,Online,P0020,Monitor Arm,Office Supplies,3,193.94,0.1,523.64,388.2,135.44
O004162,2025-10-05,C0381,North,Retail,P0001,Wireless Earbuds,Electronics,5,46.85,0.05,222.54,120.9,101.64
O004163,2025-10-05,C0132,North,Online,P0008,Cookware Set,Home & Kitchen,4,144.8,0.05,550.24,276.36,273.88
O004164,2025-10-05,C0296,North,Wholesale,P0009,Vacuum Cleaner,Home & Kitchen,2,86.66,0.05,164.65,106.48,58.17
O004165,2025-10-05,C0078,South,Wholesale,P0008,Cookware Set,Home & Kitchen,3,144.8,0.0,434.4,207.27,227.13
O004166,2025-10-05,C0230,East,Retail,P0019,Desk Organizer,Office Supplies,2,260.68,0.0,521.36,341.9,179.46
O004167,2025-10-05,C0016,West,Retail,P0012,Denim Jacket,Apparel,1,97.06,0.2,77.65,56.82,20.83
O004168,2025-10-06,C0067,West,Retail,P0016,Ergonomic Chair,Office Supplies,5,85.32,0.05,405.27,257.15,148.12
O004169,2025-10-06,C0302,North,Online,P0013,Backpack,Apparel,2,282.71,0.0,565.42,401.48,163.94
O004170,2025-10-06,C0216,North,Retail,P0011,Running Shoes,Apparel,1,291.03,0.1,261.93,135.32,126.61
O004171,2025-10-06,C0349,East,Wholesale,P0006,Air Fryer,Home & Kitchen,4,298.69,0.15,1015.55,608.0,407.55
O004172,2025-10-06,C0143,North,Wholesale,P0010,Coffee Maker,Home & Kitchen,7,276.64,0.0,1936.48,1437.94,498.54
O004173,2025-10-06,C0171,East,Retail,P0011,Running Shoes,Apparel,7,291.03,0.1,1833.49,947.24,886.25
O004174,2025-10-06,C0021,North,Retail,P0005,Laptop Stand,Electronics,3,108.18,0.0,324.54,194.73,129.81
O004175,2025-10-06,C0100,East,Retail,P0014,Sunglasses,Apparel,1,226.65,0.1,203.98,118.96,85.02
O004176,2025-10-06,C0341,North,Online,P0002,Smart Watch,Electronics,3,189.4,0.15,482.97,302.82,180.15
O004177,2025-10-06,C0300,South,Retail,P0007,Blender,Home & Kitchen,6,121.55,0.0,729.3,532.56,196.74
O004178,2025-10-06,C0008,South,Retail,P0015,Wallet,Apparel,2,245.76,0.0,491.52,299.66,191.86
O004179,2025-10-07,C0361,West,Retail,P0002,Smart Watch,Electronics,2,189.4,0.15,321.98,201.88,120.1
O004180,2025-10-07,C0300,South,Retail,P0006,Air Fryer,Home & Kitchen,7,298.69,0.1,1881.75,1064.0,817.75
O004181,2025-10-07,C0359,North,Retail,P0019,Desk Organizer,Office Supplies,6,260.68,0.1,1407.67,1025.7,381.97
O004182,2025-10-07,C0364,West,Retail,P0013,Backpack,Apparel,1,282.71,0.05,268.57,200.74,67.83
O004183,2025-10-07,C0235,South,Wholesale,P0013,Backpack,Apparel,1,282.71,0.05,268.57,200.74,67.83
O004184,2025-10-08,C0131,West,Wholesale,P0012,Denim Jacket,Apparel,1,97.06,0.0,97.06,56.82,40.24
O004185,2025-10-08,C0017,South,Wholesale,P0019,Desk Organizer,Office Supplies,7,260.68,0.1,1642.28,1196.65,445.63
O004186,2025-10-08,C0047,West,Retail,P0004,Power Bank,Electronics,6,156.84,0.15,799.88,685.44,114.44
O004187,2025-10-08,C0328,West,Online,P0013,Backpack,Apparel,5,282.71,0.05,1342.87,1003.7,339.17
O004188,2025-10-08,C0203,West,Online,P0002,Smart Watch,Electronics,3,189.4,0.0,568.2,302.82,265.38
O004189,2025-10-08,C0192,West,Online,P0010,Coffee Maker,Home & Kitchen,3,276.64,0.0,829.92,616.26,213.66
O004190,2025-10-08,C0256,North,Retail,P0016,Ergonomic Chair,Office Supplies,7,85.32,0.2,477.79,360.01,117.78
O004191,2025-10-08,C0199,West,Retail,P0009,Vacuum Cleaner,Home & Kitchen,6,86.66,0.0,519.96,319.44,200.52
O004192,2025-10-08,C0321,South,Retail,P0003,Bluetooth Speaker,Electronics,2,365.93,0.05,695.27,430.66,264.61
O004193,2025-10-08,C0072,East,Retail,P0009,Vacuum Cleaner,Home & Kitchen,7,86.66,0.05,576.29,372.68,203.61
O004194,2025-10-09,C0084,East,Online,P0016,Ergonomic Chair,Office Supplies,7,85.32,0.0,597.24,360.01,237.23
O004195,2025-10-09,C0217,West,Online,P0008,Cookware Set,Home & Kitchen,5,144.8,0.0,724.0,345.45,378.55
O004196,2025-10-09,C0314,East,Retail,P0007,Blender,Home & Kitchen,7,121.55,0.0,850.85,621.32,229.53
O004197,2025-10-09,C0163,West,Retail,P0004,Power Bank,Electronics,4,156.84,0.0,627.36,456.96,170.4
O004198,2025-10-09,C0011,West,Online,P0014,Sunglasses,Apparel,1,226.65,0.0,226.65,118.96,107.69
O004199,2025-10-09,C0300,South,Retail,P0005,Laptop Stand,Electronics,4,108.18,0.0,432.72,259.64,173.08
O004200,2025-10-09,C0220,North,Retail,P0015,Wallet,Apparel,5,245.76,0.05,1167.36,749.15,418.21
O004201,2025-10-09,C0238,West,Wholesale,P0013,Backpack,Apparel,3,282.71,0.0,848.13,602.22,245.91
O004202,2025-10-10,C0071,East,Retail,P0005,Laptop Stand,Electronics,3,108.18,0.0,324.54,194.73,129.81
O004203,2025-10-10,C0192,West,Online,P0007,Blender,Home & Kitchen,7,121.55,0.0,850.85,621.32,229.53
O004204,2025-10-10,C0164,North,Retail,P0019,Desk Organizer,Office Supplies,6,260.68,0.0,1564.08,1025.7,538.38
O004205,2025-10-10,C0214,South,Retail,P0010,Coffee Maker,Home & Kitchen,3,276.64,0.15,705.43,616.26,89.17
O004206,2025-10-10,C0167,South,Retail,P0001,Wireless Earbuds,Electronics,5,46.85,0.0,234.25,120.9,113.35
O004207,2025-10-10,C0282,South,Wholesale,P0004,Power Bank,Electronics,3,156.84,0.0,470.52,342.72,127.8
O004208,2025-10-11,C0288,West,Online,P0019,Desk Organizer,Office Supplies,5,260.68,0.1,1173.06,854.75,318.31
O004209,2025-10-11,C0123,West,Retail,P0019,Desk Organizer,Office Supplies,1,260.68,0.0,260.68,170.95,89.73
O004210,2025-10-11,C0092,East,Retail,P0010,Coffee Maker,Home & Kitchen,2,276.64,0.05,525.62,410.84,114.78
O004211,2025-10-11,C0110,East,Retail,P0015,Wallet,Apparel,7,245.76,0.0,1720.32,1048.81,671.51
O004212,2025-10-11,C0236,North,Retail,P0006,Air Fryer,Home & Kitchen,6,298.69,0.0,1792.14,912.0,880.14
O004213,2025-10-11,C0315,East,Online,P0007,Blender,Home & Kitchen,7,121.55,0.1,765.76,621.32,144.44
O004214,2025-10-11,C0342,North,Wholesale,P0008,Cookware Set,Home & Kitchen,7,144.8,0.0,1013.6,483.63,529.97
O004215,2025-10-11,C0281,West,Retail,P0020,Monitor Arm,Office Supplies,4,193.94,0.2,620.61,517.6,103.01
O004216,2025-10-11,C0301,East,Retail,P0009,Vacuum Cleaner,Home & Kitchen,5,86.66,0.1,389.97,266.2,123.77
O004217,2025-10-12,C0294,West,Retail,P0006,Air Fryer,Home & Kitchen,5,298.69,0.05,1418.78,760.0,658.78
O004218,2025-10-12,C0011,West,Online,P0008,Cookware Set,Home & Kitchen,5,144.8,0.1,651.6,345.45,306.15
O004219,2025-10-12,C0386,North,Online,P0003,Bluetooth Speaker,Electronics,2,365.93,0.05,695.27,430.66,264.61
O004220,2025-10-12,C0214,South,Retail,P0020,Monitor Arm,Office Supplies,5,193.94,0.0,969.7,647.0,322.7
O004221,2025-10-12,C0301,East,Retail,P0008,Cookware Set,Home & Kitchen,4,144.8,0.1,521.28,276.36,244.92
O004222,2025-10-12,C0148,North,Online,P0015,Wallet,Apparel,1,245.76,0.0,245.76,149.83,95.93
O004223,2025-10-12,C0212,West,Online,P0012,Denim Jacket,Apparel,4,97.06,0.05,368.83,227.28,141.55
O004224,2025-10-12,C0220,North,Retail,P0006,Air Fryer,Home & Kitchen,1,298.69,0.2,238.95,152.0,86.95
O004225,2025-10-12,C0235,South,Wholesale,P0020,Monitor Arm,Office Supplies,3,193.94,0.1,523.64,388.2,135.44
O004226,2025-10-13,C0042,North,Online,P0010,Coffee Maker,Home & Kitchen,4,276.64,0.2,885.25,821.68,63.57
O004227,2025-10-13,C0091,South,Retail,P0008,Cookware Set,Home & Kitchen,4,144.8,0.0,579.2,276.36,302.84
O004228,2025-10-13,C0149,North,Online,P0002,Smart Watch,Electronics,2,189.4,0.0,378.8,201.88,176.92
O004229,2025-10-13,C0066,South,Retail,P0006,Air Fryer,Home & Kitchen,6,298.69,0.05,1702.53,912.0,790.53
O004230,2025-10-13,C0180,South,Online,P0012,Denim Jacket,Apparel,7,97.06,0.1,611.48,397.74,213.74
O004231,2025-10-13,C0372,West,Wholesale,P0017,Standing Desk,Office Supplies,3,143.29,0.0,429.87,260.85,169.02
O004232,2025-10-13,C0384,West,Online,P0014,Sunglasses,Apparel,2,226.65,0.15,385.3,237.92,147.38
O004233,2025-10-13,C0112,North,Online,P0019,Desk Organizer,Office Supplies,4,260.68,0.0,1042.72,683.8,358.92
O004234,2025-10-13,C0344,South,Wholesale,P0020,Monitor Arm,Office Supplies,1,193.94,0.0,193.94,129.4,64.54
O004235,2025-10-13,C0292,East,Retail,P0016,Ergonomic Chair,Office Supplies,2,85.32,0.0,170.64,102.86,67.78
O004236,2025-10-13,C0294,West,Retail,P0004,Power Bank,Electronics,3,156.84,0.0,470.52,342.72,127.8
O004237,2025-10-13,C0369,South,Retail,P0002,Smart Watch,Electronics,2,189.4,0.05,359.86,201.88,157.98
O004238,2025-10-13,C0386,North,Online,P0010,Coffee Maker,Home & Kitchen,2,276.64,0.0,553.28,410.84,142.44
O004239,2025-10-13,C0195,South,Retail,P0017,Standing Desk,Office Supplies,4,143.29,0.05,544.5,347.8,196.7
O004240,2025-10-14,C0263,North,Online,P0008,Cookware Set,Home & Kitchen,5,144.8,0.15,615.4,345.45,269.95
O004241,2025-10-14,C0283,West,Retail,P0020,Monitor Arm,Office Supplies,4,193.94,0.0,775.76,517.6,258.16
O004242,2025-10-14,C0300,South,Retail,P0019,Desk Organizer,Office Supplies,7,260.68,0.0,1824.76,1196.65,628.11
O004243,2025-10-14,C0359,North,Retail,P0010,Coffee Maker,Home & Kitchen,3,276.64,0.1,746.93,616.26,130.67
O004244,2025-10-14,C0097,West,Retail,P0004,Power Bank,Electronics,1,156.84,0.0,156.84,114.24,42.6
O004245,2025-10-14,C0265,South,Retail,P0006,Air Fryer,Home & Kitchen,5,298.69,0.0,1493.45,760.0,733.45
O004246,2025-10-14,C0124,East,Wholesale,P0015,Wallet,Apparel,4,245.76,0.05,933.89,599.32,334.57
O004247,2025-10-14,C0088,North,Online,P0007,Blender,Home & Kitchen,4,121.55,0.1,437.58,355.04,82.54
O004248,2025-10-14,C0137,West,Online,P0012,Denim Jacket,Apparel,4,97.06,0.0,388.24,227.28,160.96
O004249,2025-10-14,C0109,East,Online,P0013,Backpack,Apparel,2,282.71,0.1,508.88,401.48,107.4
O004250,2025-10-15,C0309,West,Retail,P0016,Ergonomic Chair,Office Supplies,2,85.32,0.0,170.64,102.86,67.78
O004251,2025-10-15,C0213,West,Retail,P0014,Sunglasses,Apparel,5,226.65,0.1,1019.92,594.8,425.12
O004252,2025-10-15,C0211,South,Wholesale,P0011,Running Shoes,Apparel,3,291.03,0.0,873.09,405.96,467.13
O004253,2025-10-15,C0114,West,Retail,P0015,Wallet,Apparel,2,245.76,0.05,466.94,299.66,167.28
O004254,2025-10-15,C0144,North,Retail,P0009,Vacuum Cleaner,Home & Kitchen,4,86.66,0.0,346.64,212.96,133.68
O004255,2025-10-15,C0098,West,Wholesale,P0008,Cookware Set,Home & Kitchen,2,144.8,0.05,275.12,138.18,136.94
O004256,2025-10-15,C0386,North,Online,P0011,Running Shoes,Apparel,3,291.03,0.0,873.09,405.96,467.13
O004257,2025-10-15,C0370,North,Wholesale,P0011,Running Shoes,Apparel,4,291.03,0.0,1164.12,541.28,622.84
O004258,2025-10-15,C0157,East,Online,P0005,Laptop Stand,Electronics,5,108.18,0.0,540.9,324.55,216.35
O004259,2025-10-15,C0168,South,Retail,P0012,Denim Jacket,Apparel,4,97.06,0.0,388.24,227.28,160.96
O004260,2025-10-16,C0266,South,Retail,P0020,Monitor Arm,Office Supplies,7,193.94,0.0,1357.58,905.8,451.78
O004261,2025-10-16,C0314,East,Retail,P0002,Smart Watch,Electronics,1,189.4,0.05,179.93,100.94,78.99
O004262,2025-10-16,C0073,North,Retail,P0014,Sunglasses,Apparel,6,226.65,0.2,1087.92,713.76,374.16
O004263,2025-10-16,C0052,North,Retail,P0019,Desk Organizer,Office Supplies,1,260.68,0.15,221.58,170.95,50.63
O004264,2025-10-16,C0291,East,Online,P0005,Laptop Stand,Electronics,3,108.18,0.05,308.31,194.73,113.58
O004265,2025-10-16,C0089,West,Wholesale,P0004,Power Bank,Electronics,4,156.84,0.05,595.99,456.96,139.03
O004266,2025-10-17,C0342,North,Wholesale,P0015,Wallet,Apparel,5,245.76,0.0,1228.8,749.15,479.65
O004267,2025-10-17,C0356,North,Wholesale,P0004,Power Bank,Electronics,5,156.84,0.1,705.78,571.2,134.58
O004268,2025-10-17,C0376,North,Online,P0006,Air Fryer,Home & Kitchen,4,298.69,0.05,1135.02,608.0,527.02
O004269,2025-10-17,C0245,West,Wholesale,P0010,Coffee Maker,Home & Kitchen,5,276.64,0.05,1314.04,1027.1,286.94
O004270,2025-10-17,C0232,South,Online,P0003,Bluetooth Speaker,Electronics,7,365.93,0.05,2433.43,1507.31,926.12
O004271,2025-10-17,C0281,West,Retail,P0008,Cookware Set,Home & Kitchen,6,144.8,0.0,868.8,414.54,454.26
O004272,2025-10-17,C0304,South,Online,P0020,Monitor Arm,Office Supplies,6,193.94,0.0,1163.64,776.4,387.24
O004273,2025-10-17,C0099,South,Wholesale,P0006,Air Fryer,Home & Kitchen,3,298.69,0.1,806.46,456.0,350.46
O004274,2025-10-18,C0185,North,Retail,P0007,Blender,Home & Kitchen,3,121.55,0.15,309.95,266.28,43.67
O004275,2025-10-18,C0291,East,Online,P0007,Blender,Home & Kitchen,7,121.55,0.0,850.85,621.32,229.53
O004276,2025-10-18,C0273,South,Wholesale,P0018,Notebook Set,Office Supplies,3,171.61,0.0,514.83,256.71,258.12
O004277,2025-10-18,C0398,West,Retail,P0006,Air Fryer,Home & Kitchen,4,298.69,0.1,1075.28,608.0,467.28
O004278,2025-10-18,C0127,North,Retail,P0002,Smart Watch,Electronics,1,189.4,0.0,189.4,100.94,88.46
O004279,2025-10-18,C0323,West,Online,P0012,Denim Jacket,Apparel,7,97.06,0.0,679.42,397.74,281.68
O004280,2025-10-18,C0288,West,Online,P0004,Power Bank,Electronics,6,156.84,0.1,846.94,685.44,161.5
O004281,2025-10-18,C0275,East,Online,P0019,Desk Organizer,Office Supplies,4,260.68,0.0,1042.72,683.8,358.92
O004282,2025-10-18,C0250,South,Online,P0013,Backpack,Apparel,5,282.71,0.0,1413.55,1003.7,409.85
O004283,2025-10-18,C0047,West,Retail,P0013,Backpack,Apparel,5,282.71,0.1,1272.2,1003.7,268.5
O004284,2025-10-18,C0148,North,Online,P0020,Monitor Arm,Office Supplies,3,193.94,0.1,523.64,388.2,135.44
O004285,2025-10-19,C0114,West,Retail,P0006,Air Fryer,Home & Kitchen,7,298.69,0.0,2090.83,1064.0,1026.83
O004286,2025-10-19,C0116,South,Retail,P0006,Air Fryer,Home & Kitchen,2,298.69,0.15,507.77,304.0,203.77
O004287,2025-10-19,C0238,West,Wholesale,P0002,Smart Watch,Electronics,5,189.4,0.1,852.3,504.7,347.6
O004288,2025-10-19,C0157,East,Online,P0010,Coffee Maker,Home & Kitchen,6,276.64,0.15,1410.86,1232.52,178.34
O004289,2025-10-19,C0197,East,Retail,P0019,Desk Organizer,Office Supplies,3,260.68,0.1,703.84,512.85,190.99
O004290,2025-10-19,C0245,West,Wholesale,P0014,Sunglasses,Apparel,1,226.65,0.05,215.32,118.96,96.36
O004291,2025-10-19,C0323,West,Online,P0015,Wallet,Apparel,7,245.76,0.05,1634.3,1048.81,585.49
O004292,2025-10-19,C0105,East,Wholesale,P0012,Denim Jacket,Apparel,7,97.06,0.05,645.45,397.74,247.71
O004293,2025-10-20,C0392,North,Online,P0002,Smart Watch,Electronics,6,189.4,0.1,1022.76,605.64,417.12
O004294,2025-10-20,C0089,West,Wholesale,P0014,Sunglasses,Apparel,1,226.65,0.05,215.32,118.96,96.36
O004295,2025-10-20,C0294,West,Retail,P0014,Sunglasses,Apparel,1,226.65,0.1,203.98,118.96,85.02
O004296,2025-10-20,C0044,East,Online,P0008,Cookware Set,Home & Kitchen,1,144.8,0.05,137.56,69.09,68.47
O004297,2025-10-20,C0157,East,Online,P0005,Laptop Stand,Electronics,5,108.18,0.0,540.9,324.55,216.35
O004298,2025-10-20,C0225,South,Wholesale,P0008,Cookware Set,Home & Kitchen,5,144.8,0.05,687.8,345.45,342.35
O004299,2025-10-20,C0322,East,Retail,P0004,Power Bank,Electronics,3,156.84,0.15,399.94,342.72,57.22
O004300,2025-10-20,C0007,East,Wholesale,P0018,Notebook Set,Office Supplies,3,171.61,0.05,489.09,256.71,232.38
O004301,2025-10-20,C0003,South,Online,P0001,Wireless Earbuds,Electronics,1,46.85,0.05,44.51,24.18,20.33
O004302,2025-10-20,C0327,South,Online,P0016,Ergonomic Chair,Office Supplies,5,85.32,0.0,426.6,257.15,169.45
O004303,2025-10-20,C0303,West,Retail,P0001,Wireless Earbuds,Electronics,6,46.85,0.0,281.1,145.08,136.02
O004304,2025-10-20,C0111,West,Retail,P0017,Standing Desk,Office Supplies,7,143.29,0.0,1003.03,608.65,394.38
O004305,2025-10-20,C0192,West,Online,P0002,Smart Watch,Electronics,3,189.4,0.2,454.56,302.82,151.74
O004306,2025-10-20,C0199,West,Retail,P0015,Wallet,Apparel,3,245.76,0.05,700.42,449.49,250.93
O004307,2025-10-21,C0066,South,Retail,P0009,Vacuum Cleaner,Home & Kitchen,1,86.66,0.0,86.66,53.24,33.42
O004308,2025-10-21,C0032,West,Retail,P0014,Sunglasses,Apparel,4,226.65,0.0,906.6,475.84,430.76
O004309,2025-10-21,C0343,East,Retail,P0018,Notebook Set,Office Supplies,5,171.61,0.15,729.34,427.85,301.49
O004310,2025-10-21,C0010,East,Online,P0001,Wireless Earbuds,Electronics,7,46.85,0.0,327.95,169.26,158.69
O004311,2025-10-21,C0084,East,Online,P0001,Wireless Earbuds,Electronics,5,46.85,0.1,210.82,120.9,89.92
O004312,2025-10-21,C0220,North,Retail,P0006,Air Fryer,Home & Kitchen,3,298.69,0.05,851.27,456.0,395.27
O004313,2025-10-21,C0192,West,Online,P0007,Blender,Home & Kitchen,5,121.55,0.15,516.59,443.8,72.79
O004314,2025-10-21,C0246,East,Retail,P0015,Wallet,Apparel,7,245.76,0.0,1720.32,1048.81,671.51
O004315,2025-10-21,C0284,North,Wholesale,P0004,Power Bank,Electronics,2,156.84,0.0,313.68,228.48,85.2
O004316,2025-10-21,C0250,South,Online,P0002,Smart Watch,Electronics,1,189.4,0.0,189.4,100.94,88.46
O004317,2025-10-21,C0058,North,Retail,P0002,Smart Watch,Electronics,6,189.4,0.1,1022.76,605.64,417.12
O004318,2025-10-22,C0094,South,Retail,P0018,Notebook Set,Office Supplies,3,171.61,0.05,489.09,256.71,232.38
O004319,2025-10-22,C0060,West,Retail,P0009,Vacuum Cleaner,Home & Kitchen,5,86.66,0.05,411.63,266.2,145.43
O004320,2025-10-22,C0124,East,Wholesale,P0013,Backpack,Apparel,7,282.71,0.15,1682.12,1405.18,276.94
O004321,2025-10-22,C0095,East,Online,P0006,Air Fryer,Home & Kitchen,4,298.69,0.0,1194.76,608.0,586.76
O004322,2025-10-22,C0189,South,Wholesale,P0008,Cookware Set,Home & Kitchen,6,144.8,0.0,868.8,414.54,454.26
O004323,2025-10-22,C0191,East,Online,P0011,Running Shoes,Apparel,6,291.03,0.0,1746.18,811.92,934.26
O004324,2025-10-22,C0126,North,Retail,P0020,Monitor Arm,Office Supplies,3,193.94,0.0,581.82,388.2,193.62
O004325,2025-10-22,C0255,West,Retail,P0016,Ergonomic Chair,Office Supplies,3,85.32,0.0,255.96,154.29,101.67
O004326,2025-10-22,C0259,North,Retail,P0004,Power Bank,Electronics,3,156.84,0.05,446.99,342.72,104.27
O004327,2025-10-23,C0061,North,Online,P0015,Wallet,Apparel,2,245.76,0.05,466.94,299.66,167.28
O004328,2025-10-23,C0085,East,Retail,P0004,Power Bank,Electronics,7,156.84,0.05,1042.99,799.68,243.31
O004329,2025-10-23,C0343,East,Retail,P0009,Vacuum Cleaner,Home & Kitchen,7,86.66,0.05,576.29,372.68,203.61
O004330,2025-10-23,C0103,North,Wholesale,P0005,Laptop Stand,Electronics,5,108.18,0.05,513.86,324.55,189.31
O004331,2025-10-24,C0177,South,Online,P0002,Smart Watch,Electronics,6,189.4,0.05,1079.58,605.64,473.94
O004332,2025-10-24,C0339,West,Retail,P0018,Notebook Set,Office Supplies,2,171.61,0.05,326.06,171.14,154.92
O004333,2025-10-24,C0034,West,Online,P0017,Standing Desk,Office Supplies,3,143.29,0.0,429.87,260.85,169.02
O004334,2025-10-24,C0154,West,Retail,P0019,Desk Organizer,Office Supplies,4,260.68,0.0,1042.72,683.8,358.92
O004335,2025-10-24,C0199,West,Retail,P0002,Smart Watch,Electronics,4,189.4,0.0,757.6,403.76,353.84
O004336,2025-10-24,C0396,South,Retail,P0003,Bluetooth Speaker,Electronics,6,365.93,0.1,1976.02,1291.98,684.04
O004337,2025-10-24,C0269,North,Online,P0020,Monitor Arm,Office Supplies,4,193.94,0.05,736.97,517.6,219.37
O004338,2025-10-24,C0057,East,Retail,P0006,Air Fryer,Home & Kitchen,4,298.69,0.1,1075.28,608.0,467.28
O004339,2025-10-24,C0362,East,Online,P0014,Sunglasses,Apparel,6,226.65,0.0,1359.9,713.76,646.14
O004340,2025-10-24,C0257,South,Retail,P0014,Sunglasses,Apparel,7,226.65,0.15,1348.57,832.72,515.85
O004341,2025-10-24,C0280,North,Retail,P0008,Cookware Set,Home & Kitchen,2,144.8,0.0,289.6,138.18,151.42
O004342,2025-10-24,C0353,West,Wholesale,P0014,Sunglasses,Apparel,6,226.65,0.05,1291.9,713.76,578.14
O004343,2025-10-24,C0037,East,Wholesale,P0013,Backpack,Apparel,3,282.71,0.0,848.13,602.22,245.91
O004344,2025-10-24,C0390,West,Online,P0013,Backpack,Apparel,2,282.71,0.15,480.61,401.48,79.13
O004345,2025-10-24,C0168,South,Retail,P0008,Cookware Set,Home & Kitchen,7,144.8,0.0,1013.6,483.63,529.97
O004346,2025-10-24,C0217,West,Online,P0001,Wireless Earbuds,Electronics,5,46.85,0.05,222.54,120.9,101.64
O004347,2025-10-24,C0103,North,Wholesale,P0010,Coffee Maker,Home & Kitchen,6,276.64,0.0,1659.84,1232.52,427.32
O004348,2025-10-25,C0149,North,Online,P0015,Wallet,Apparel,6,245.76,0.0,1474.56,898.98,575.58
O004349,2025-10-25,C0340,South,Online,P0019,Desk Organizer,Office Supplies,5,260.68,0.0,1303.4,854.75,448.65
O004350,2025-10-25,C0214,South,Retail,P0009,Vacuum Cleaner,Home & Kitchen,6,86.66,0.05,493.96,319.44,174.52
O004351,2025-10-25,C0272,West,Retail,P0014,Sunglasses,Apparel,3,226.65,0.05,645.95,356.88,289.07
O004352,2025-10-25,C0362,East,Online,P0004,Power Bank,Electronics,2,156.84,0.1,282.31,228.48,53.83
O004353,2025-10-25,C0277,North,Retail,P0017,Standing Desk,Office Supplies,1,143.29,0.05,136.13,86.95,49.18
O004354,2025-10-25,C0165,East,Retail,P0017,Standing Desk,Office Supplies,2,143.29,0.05,272.25,173.9,98.35
O004355,2025-10-25,C0015,West,Wholesale,P0003,Bluetooth Speaker,Electronics,1,365.93,0.1,329.34,215.33,114.01
O004356,2025-10-25,C0169,South,Online,P0013,Backpack,Apparel,4,282.71,0.0,1130.84,802.96,327.88
O004357,2025-10-26,C0090,West,Retail,P0001,Wireless Earbuds,Electronics,5,46.85,0.05,222.54,120.9,101.64
O004358,2025-10-26,C0333,South,Online,P0005,Laptop Stand,Electronics,5,108.18,0.15,459.77,324.55,135.22
O004359,2025-10-26,C0350,East,Online,P0017,Standing Desk,Office Supplies,6,143.29,0.0,859.74,521.7,338.04
O004360,2025-10-26,C0059,East,Online,P0006,Air Fryer,Home & Kitchen,3,298.69,0.0,896.07,456.0,440.07
O004361,2025-10-26,C0098,West,Wholesale,P0018,Notebook Set,Office Supplies,6,171.61,0.0,1029.66,513.42,516.24
O004362,2025-10-26,C0288,West,Online,P0006,Air Fryer,Home & Kitchen,4,298.69,0.05,1135.02,608.0,527.02
O004363,2025-10-26,C0201,North,Wholesale,P0002,Smart Watch,Electronics,4,189.4,0.05,719.72,403.76,315.96
O004364,2025-10-26,C0067,West,Retail,P0003,Bluetooth Speaker,Electronics,6,365.93,0.05,2085.8,1291.98,793.82
O004365,2025-10-26,C0060,West,Retail,P0006,Air Fryer,Home & Kitchen,5,298.69,0.0,1493.45,760.0,733.45
O004366,2025-10-26,C0257,South,Retail,P0007,Blender,Home & Kitchen,6,121.55,0.15,619.9,532.56,87.34
O004367,2025-10-26,C0032,West,Retail,P0005,Laptop Stand,Electronics,2,108.18,0.2,173.09,129.82,43.27
O004368,2025-10-26,C0383,West,Retail,P0019,Desk Organizer,Office Supplies,6,260.68,0.15,1329.47,1025.7,303.77
O004369,2025-10-27,C0252,West,Retail,P0017,Standing Desk,Office Supplies,3,143.29,0.0,429.87,260.85,169.02
O004370,2025-10-27,C0112,North,Online,P0008,Cookware Set,Home & Kitchen,3,144.8,0.0,434.4,207.27,227.13
O004371,2025-10-27,C0200,North,Retail,P0019,Desk Organizer,Office Supplies,3,260.68,0.05,742.94,512.85,230.09
O004372,2025-10-27,C0193,West,Online,P0002,Smart Watch,Electronics,3,189.4,0.0,568.2,302.82,265.38
O004373,2025-10-27,C0108,North,Online,P0012,Denim Jacket,Apparel,7,97.06,0.05,645.45,397.74,247.71
O004374,2025-10-27,C0398,West,Retail,P0016,Ergonomic Chair,Office Supplies,3,85.32,0.0,255.96,154.29,101.67
O004375,2025-10-27,C0164,North,Retail,P0016,Ergonomic Chair,Office Supplies,7,85.32,0.15,507.65,360.01,147.64
O004376,2025-10-27,C0345,East,Retail,P0002,Smart Watch,Electronics,1,189.4,0.0,189.4,100.94,88.46
O004377,2025-10-27,C0334,South,Retail,P0016,Ergonomic Chair,Office Supplies,1,85.32,0.0,85.32,51.43,33.89
O004378,2025-10-27,C0370,North,Wholesale,P0008,Cookware Set,Home & Kitchen,3,144.8,0.05,412.68,207.27,205.41
O004379,2025-10-27,C0242,North,Online,P0015,Wallet,Apparel,3,245.76,0.1,663.55,449.49,214.06
O004380,2025-10-28,C0162,West,Online,P0004,Power Bank,Electronics,2,156.84,0.05,298.0,228.48,69.52
O004381,2025-10-28,C0101,West,Retail,P0007,Blender,Home & Kitchen,1,121.55,0.0,121.55,88.76,32.79
O004382,2025-10-28,C0331,North,Online,P0014,Sunglasses,Apparel,5,226.65,0.05,1076.59,594.8,481.79
O004383,2025-10-28,C0383,West,Retail,P0011,Running Shoes,Apparel,2,291.03,0.1,523.85,270.64,253.21
O004384,2025-10-28,C0078,South,Wholesale,P0017,Standing Desk,Office Supplies,7,143.29,0.1,902.73,608.65,294.08
O004385,2025-10-28,C0314,East,Retail,P0007,Blender,Home & Kitchen,5,121.55,0.1,546.98,443.8,103.18
O004386,2025-10-28,C0333,South,Online,P0017,Standing Desk,Office Supplies,3,143.29,0.0,429.87,260.85,169.02
O004387,2025-10-28,C0267,West,Retail,P0018,Notebook Set,Office Supplies,3,171.61,0.0,514.83,256.71,258.12
O004388,2025-10-28,C0029,West,Online,P0001,Wireless Earbuds,Electronics,1,46.85,0.05,44.51,24.18,20.33
O004389,2025-10-28,C0313,North,Retail,P0003,Bluetooth Speaker,Electronics,4,365.93,0.15,1244.16,861.32,382.84
O004390,2025-10-28,C0385,East,Retail,P0013,Backpack,Apparel,7,282.71,0.1,1781.07,1405.18,375.89
O004391,2025-10-28,C0290,North,Online,P0006,Air Fryer,Home & Kitchen,5,298.69,0.0,1493.45,760.0,733.45
O004392,2025-10-28,C0046,North,Online,P0016,Ergonomic Chair,Office Supplies,3,85.32,0.05,243.16,154.29,88.87
O004393,2025-10-28,C0099,South,Wholesale,P0005,Laptop Stand,Electronics,6,108.18,0.05,616.63,389.46,227.17
O004394,2025-10-29,C0003,South,Online,P0018,Notebook Set,Office Supplies,1,171.61,0.0,171.61,85.57,86.04
O004395,2025-10-29,C0280,North,Retail,P0015,Wallet,Apparel,1,245.76,0.1,221.18,149.83,71.35
O004396,2025-10-29,C0165,East,Retail,P0011,Running Shoes,Apparel,2,291.03,0.05,552.96,270.64,282.32
O004397,2025-10-29,C0190,East,Retail,P0008,Cookware Set,Home & Kitchen,2,144.8,0.05,275.12,138.18,136.94
O004398,2025-10-29,C0286,West,Online,P0008,Cookware Set,Home & Kitchen,3,144.8,0.0,434.4,207.27,227.13
O004399,2025-10-29,C0236,North,Retail,P0009,Vacuum Cleaner,Home & Kitchen,7,86.66,0.0,606.62,372.68,233.94
O004400,2025-10-29,C0333,South,Online,P0003,Bluetooth Speaker,Electronics,1,365.93,0.1,329.34,215.33,114.01
O004401,2025-10-29,C0131,West,Wholesale,P0017,Standing Desk,Office Supplies,7,143.29,0.05,952.88,608.65,344.23
O004402,2025-10-29,C0297,East,Online,P0017,Standing Desk,Office Supplies,4,143.29,0.0,573.16,347.8,225.36
O004403,2025-10-30,C0098,West,Wholesale,P0007,Blender,Home & Kitchen,4,121.55,0.05,461.89,355.04,106.85
O004404,2025-10-30,C0205,South,Wholesale,P0019,Desk Organizer,Office Supplies,5,260.68,0.1,1173.06,854.75,318.31
O004405,2025-10-30,C0342,North,Wholesale,P0017,Standing Desk,Office Supplies,7,143.29,0.1,902.73,608.65,294.08
O004406,2025-10-30,C0137,West,Online,P0009,Vacuum Cleaner,Home & Kitchen,1,86.66,0.2,69.33,53.24,16.09
O004407,2025-10-30,C0207,South,Retail,P0011,Running Shoes,Apparel,4,291.03,0.1,1047.71,541.28,506.43
O004408,2025-10-30,C0220,North,Retail,P0009,Vacuum Cleaner,Home & Kitchen,2,86.66,0.0,173.32,106.48,66.84
O004409,2025-10-31,C0124,East,Wholesale,P0003,Bluetooth Speaker,Electronics,1,365.93,0.05,347.63,215.33,132.3
O004410,2025-10-31,C0275,East,Online,P0007,Blender,Home & Kitchen,4,121.55,0.0,486.2,355.04,131.16
O004411,2025-10-31,C0252,West,Retail,P0018,Notebook Set,Office Supplies,7,171.61,0.0,1201.27,598.99,602.28
O004412,2025-10-31,C0184,West,Online,P0018,Notebook Set,Office Supplies,1,171.61,0.15,145.87,85.57,60.3
O004413,2025-10-31,C0167,South,Retail,P0016,Ergonomic Chair,Office Supplies,4,85.32,0.1,307.15,205.72,101.43
O004414,2025-11-01,C0371,East,Wholesale,P0004,Power Bank,Electronics,1,156.84,0.0,156.84,114.24,42.6
O004415,2025-11-01,C0248,North,Retail,P0002,Smart Watch,Electronics,6,189.4,0.1,1022.76,605.64,417.12
O004416,2025-11-01,C0388,South,Retail,P0012,Denim Jacket,Apparel,2,97.06,0.05,184.41,113.64,70.77
O004417,2025-11-01,C0224,South,Wholesale,P0012,Denim Jacket,Apparel,4,97.06,0.15,330.0,227.28,102.72
O004418,2025-11-02,C0171,East,Retail,P0004,Power Bank,Electronics,3,156.84,0.0,470.52,342.72,127.8
O004419,2025-11-02,C0101,West,Retail,P0012,Denim Jacket,Apparel,2,97.06,0.05,184.41,113.64,70.77
O004420,2025-11-02,C0021,North,Retail,P0017,Standing Desk,Office Supplies,7,143.29,0.05,952.88,608.65,344.23
O004421,2025-11-02,C0393,North,Retail,P0011,Running Shoes,Apparel,5,291.03,0.05,1382.39,676.6,705.79
O004422,2025-11-02,C0211,South,Wholesale,P0009,Vacuum Cleaner,Home & Kitchen,5,86.66,0.0,433.3,266.2,167.1
O004423,2025-11-02,C0103,North,Wholesale,P0002,Smart Watch,Electronics,5,189.4,0.0,947.0,504.7,442.3
O004424,2025-11-02,C0148,North,Online,P0002,Smart Watch,Electronics,2,189.4,0.0,378.8,201.88,176.92
O004425,2025-11-02,C0054,North,Retail,P0004,Power Bank,Electronics,3,156.84,0.1,423.47,342.72,80.75
O004426,2025-11-02,C0305,East,Retail,P0007,Blender,Home & Kitchen,2,121.55,0.1,218.79,177.52,41.27
O004427,2025-11-02,C0330,South,Retail,P0007,Blender,Home & Kitchen,5,121.55,0.05,577.36,443.8,133.56
O004428,2025-11-02,C0147,North,Online,P0006,Air Fryer,Home & Kitchen,3,298.69,0.1,806.46,456.0,350.46
O004429,2025-11-02,C0149,North,Online,P0007,Blender,Home & Kitchen,4,121.55,0.0,486.2,355.04,131.16
O004430,2025-11-02,C0264,South,Retail,P0006,Air Fryer,Home & Kitchen,5,298.69,0.05,1418.78,760.0,658.78
O004431,2025-11-03,C0189,South,Wholesale,P0003,Bluetooth Speaker,Electronics,5,365.93,0.0,1829.65,1076.65,753.0
O004432,2025-11-03,C0119,South,Online,P0009,Vacuum Cleaner,Home & Kitchen,2,86.66,0.1,155.99,106.48,49.51
O004433,2025-11-03,C0299,North,Retail,P0018,Notebook Set,Office Supplies,6,171.61,0.0,1029.66,513.42,516.24
O004434,2025-11-03,C0394,West,Retail,P0017,Standing Desk,Office Supplies,4,143.29,0.0,573.16,347.8,225.36
O004435,2025-11-03,C0247,North,Wholesale,P0008,Cookware Set,Home & Kitchen,4,144.8,0.0,579.2,276.36,302.84
O004436,2025-11-03,C0392,North,Online,P0019,Desk Organizer,Office Supplies,7,260.68,0.05,1733.52,1196.65,536.87
O004437,2025-11-03,C0026,West,Online,P0002,Smart Watch,Electronics,2,189.4,0.0,378.8,201.88,176.92
O004438,2025-11-03,C0175,West,Wholesale,P0004,Power Bank,Electronics,4,156.84,0.0,627.36,456.96,170.4
O004439,2025-11-03,C0150,North,Retail,P0012,Denim Jacket,Apparel,6,97.06,0.0,582.36,340.92,241.44
O004440,2025-11-03,C0282,South,Wholesale,P0017,Standing Desk,Office Supplies,7,143.29,0.15,852.58,608.65,243.93
O004441,2025-11-03,C0252,West,Retail,P0015,Wallet,Apparel,3,245.76,0.1,663.55,449.49,214.06
O004442,2025-11-04,C0208,West,Online,P0014,Sunglasses,Apparel,2,226.65,0.0,453.3,237.92,215.38
O004443,2025-11-04,C0309,West,Retail,P0007,Blender,Home & Kitchen,6,121.55,0.15,619.9,532.56,87.34
O004444,2025-11-04,C0145,West,Retail,P0019,Desk Organizer,Office Supplies,5,260.68,0.15,1107.89,854.75,253.14
O004445,2025-11-04,C0333,South,Online,P0003,Bluetooth Speaker,Electronics,7,365.93,0.05,2433.43,1507.31,926.12
O004446,2025-11-04,C0387,East,Retail,P0017,Standing Desk,Office Supplies,5,143.29,0.1,644.8,434.75,210.05
O004447,2025-11-04,C0117,North,Online,P0001,Wireless Earbuds,Electronics,2,46.85,0.15,79.64,48.36,31.28
O004448,2025-11-04,C0070,North,Wholesale,P0018,Notebook Set,Office Supplies,3,171.61,0.1,463.35,256.71,206.64
O004449,2025-11-04,C0172,South,Online,P0008,Cookware Set,Home & Kitchen,3,144.8,0.15,369.24,207.27,161.97
O004450,2025-11-04,C0287,North,Wholesale,P0007,Blender,Home & Kitchen,2,121.55,0.1,218.79,177.52,41.27
O004451,2025-11-04,C0166,South,Wholesale,P0011,Running Shoes,Apparel,6,291.03,0.1,1571.56,811.92,759.64
O004452,2025-11-04,C0383,West,Retail,P0006,Air Fryer,Home & Kitchen,6,298.69,0.05,1702.53,912.0,790.53
O004453,2025-11-04,C0315,East,Online,P0020,Monitor Arm,Office Supplies,4,193.94,0.0,775.76,517.6,258.16
O004454,2025-11-05,C0073,North,Retail,P0009,Vacuum Cleaner,Home & Kitchen,5,86.66,0.1,389.97,266.2,123.77
O004455,2025-11-05,C0191,East,Online,P0007,Blender,Home & Kitchen,3,121.55,0.0,364.65,266.28,98.37
O004456,2025-11-05,C0097,West,Retail,P0005,Laptop Stand,Electronics,7,108.18,0.05,719.4,454.37,265.03
O004457,2025-11-05,C0065,North,Retail,P0002,Smart Watch,Electronics,4,189.4,0.0,757.6,403.76,353.84
O004458,2025-11-05,C0281,West,Retail,P0003,Bluetooth Speaker,Electronics,5,365.93,0.1,1646.69,1076.65,570.04
O004459,2025-11-05,C0064,East,Online,P0016,Ergonomic Chair,Office Supplies,6,85.32,0.05,486.32,308.58,177.74
O004460,2025-11-05,C0342,North,Wholesale,P0011,Running Shoes,Apparel,5,291.03,0.15,1236.88,676.6,560.28
O004461,2025-11-05,C0274,North,Online,P0007,Blender,Home & Kitchen,2,121.55,0.2,194.48,177.52,16.96
O004462,2025-11-05,C0242,North,Online,P0005,Laptop Stand,Electronics,5,108.18,0.0,540.9,324.55,216.35
O004463,2025-11-05,C0133,North,Retail,P0017,Standing Desk,Office Supplies,5,143.29,0.05,680.63,434.75,245.88
O004464,2025-11-05,C0035,North,Retail,P0016,Ergonomic Chair,Office Supplies,5,85.32,0.0,426.6,257.15,169.45
O004465,2025-11-05,C0139,South,Wholesale,P0008,Cookware Set,Home & Kitchen,5,144.8,0.0,724.0,345.45,378.55
O004466,2025-11-05,C0063,West,Online,P0012,Denim Jacket,Apparel,2,97.06,0.05,184.41,113.64,70.77
O004467,2025-11-06,C0265,South,Retail,P0012,Denim Jacket,Apparel,1,97.06,0.0,97.06,56.82,40.24
O004468,2025-11-06,C0228,East,Online,P0010,Coffee Maker,Home & Kitchen,4,276.64,0.1,995.9,821.68,174.22
O004469,2025-11-06,C0064,East,Online,P0008,Cookware Set,Home & Kitchen,5,144.8,0.2,579.2,345.45,233.75
O004470,2025-11-06,C0373,West,Wholesale,P0004,Power Bank,Electronics,5,156.84,0.1,705.78,571.2,134.58
O004471,2025-11-06,C0240,South,Retail,P0018,Notebook Set,Office Supplies,7,171.61,0.2,961.02,598.99,362.03
O004472,2025-11-06,C0285,South,Retail,P0013,Backpack,Apparel,1,282.71,0.0,282.71,200.74,81.97
O004473,2025-11-06,C0063,West,Online,P0003,Bluetooth Speaker,Electronics,7,365.93,0.05,2433.43,1507.31,926.12
O004474,2025-11-06,C0190,East,Retail,P0015,Wallet,Apparel,6,245.76,0.0,1474.56,898.98,575.58
O004475,2025-11-06,C0137,West,Online,P0014,Sunglasses,Apparel,3,226.65,0.0,679.95,356.88,323.07
O004476,2025-11-07,C0370,North,Wholesale,P0004,Power Bank,Electronics,2,156.84,0.05,298.0,228.48,69.52
O004477,2025-11-07,C0005,North,Online,P0018,Notebook Set,Office Supplies,2,171.61,0.15,291.74,171.14,120.6
O004478,2025-11-07,C0105,East,Wholesale,P0015,Wallet,Apparel,7,245.76,0.1,1548.29,1048.81,499.48
O004479,2025-11-07,C0278,East,Online,P0014,Sunglasses,Apparel,6,226.65,0.0,1359.9,713.76,646.14
O004480,2025-11-07,C0131,West,Wholesale,P0008,Cookware Set,Home & Kitchen,2,144.8,0.0,289.6,138.18,151.42
O004481,2025-11-07,C0126,North,Retail,P0019,Desk Organizer,Office Supplies,1,260.68,0.0,260.68,170.95,89.73
O004482,2025-11-07,C0375,East,Retail,P0006,Air Fryer,Home & Kitchen,6,298.69,0.05,1702.53,912.0,790.53
O004483,2025-11-07,C0202,North,Wholesale,P0006,Air Fryer,Home & Kitchen,4,298.69,0.15,1015.55,608.0,407.55
O004484,2025-11-07,C0345,East,Retail,P0006,Air Fryer,Home & Kitchen,2,298.69,0.1,537.64,304.0,233.64
O004485,2025-11-07,C0249,South,Online,P0004,Power Bank,Electronics,6,156.84,0.0,941.04,685.44,255.6
O004486,2025-11-07,C0217,West,Online,P0009,Vacuum Cleaner,Home & Kitchen,7,86.66,0.0,606.62,372.68,233.94
O004487,2025-11-08,C0287,North,Wholesale,P0001,Wireless Earbuds,Electronics,6,46.85,0.05,267.04,145.08,121.96
O004488,2025-11-08,C0063,West,Online,P0009,Vacuum Cleaner,Home & Kitchen,3,86.66,0.05,246.98,159.72,87.26
O004489,2025-11-08,C0128,West,Retail,P0018,Notebook Set,Office Supplies,2,171.61,0.05,326.06,171.14,154.92
O004490,2025-11-08,C0365,North,Retail,P0007,Blender,Home & Kitchen,3,121.55,0.1,328.18,266.28,61.9
O004491,2025-11-08,C0101,West,Retail,P0012,Denim Jacket,Apparel,1,97.06,0.2,77.65,56.82,20.83
O004492,2025-11-08,C0065,North,Retail,P0009,Vacuum Cleaner,Home & Kitchen,5,86.66,0.0,433.3,266.2,167.1
O004493,2025-11-08,C0272,West,Retail,P0010,Coffee Maker,Home & Kitchen,4,276.64,0.1,995.9,821.68,174.22
O004494,2025-11-08,C0102,West,Online,P0015,Wallet,Apparel,5,245.76,0.05,1167.36,749.15,418.21
O004495,2025-11-08,C0030,North,Online,P0002,Smart Watch,Electronics,5,189.4,0.05,899.65,504.7,394.95
O004496,2025-11-08,C0236,North,Retail,P0006,Air Fryer,Home & Kitchen,3,298.69,0.05,851.27,456.0,395.27
O004497,2025-11-08,C0341,North,Online,P0002,Smart Watch,Electronics,3,189.4,0.05,539.79,302.82,236.97
O004498,2025-11-08,C0179,East,Retail,P0016,Ergonomic Chair,Office Supplies,7,85.32,0.1,537.52,360.01,177.51
O004499,2025-11-08,C0235,South,Wholesale,P0018,Notebook Set,Office Supplies,1,171.61,0.0,171.61,85.57,86.04
O004500,2025-11-08,C0348,North,Wholesale,P0019,Desk Organizer,Office Supplies,3,260.68,0.05,742.94,512.85,230.09
O004501,2025-11-08,C0299,North,Retail,P0008,Cookware Set,Home & Kitchen,1,144.8,0.0,144.8,69.09,75.71
O004502,2025-11-08,C0338,East,Retail,P0002,Smart Watch,Electronics,4,189.4,0.05,719.72,403.76,315.96
O004503,2025-11-08,C0346,South,Online,P0009,Vacuum Cleaner,Home & Kitchen,2,86.66,0.1,155.99,106.48,49.51
O004504,2025-11-08,C0377,South,Retail,P0012,Denim Jacket,Apparel,2,97.06,0.0,194.12,113.64,80.48
O004505,2025-11-09,C0033,East,Online,P0007,Blender,Home & Kitchen,2,121.55,0.15,206.64,177.52,29.12
O004506,2025-11-09,C0361,West,Retail,P0005,Laptop Stand,Electronics,6,108.18,0.0,649.08,389.46,259.62
O004507,2025-11-09,C0171,East,Retail,P0006,Air Fryer,Home & Kitchen,7,298.69,0.15,1777.21,1064.0,713.21
O004508,2025-11-09,C0361,West,Retail,P0008,Cookware Set,Home & Kitchen,3,144.8,0.05,412.68,207.27,205.41
O004509,2025-11-09,C0289,North,Online,P0013,Backpack,Apparel,4,282.71,0.05,1074.3,802.96,271.34
O004510,2025-11-09,C0060,West,Retail,P0018,Notebook Set,Office Supplies,2,171.61,0.0,343.22,171.14,172.08
O004511,2025-11-09,C0280,North,Retail,P0017,Standing Desk,Office Supplies,4,143.29,0.1,515.84,347.8,168.04
O004512,2025-11-09,C0386,North,Online,P0019,Desk Organizer,Office Supplies,5,260.68,0.0,1303.4,854.75,448.65
O004513,2025-11-09,C0078,South,Wholesale,P0007,Blender,Home & Kitchen,4,121.55,0.1,437.58,355.04,82.54
O004514,2025-11-09,C0257,South,Retail,P0013,Backpack,Apparel,4,282.71,0.0,1130.84,802.96,327.88
O004515,2025-11-09,C0248,North,Retail,P0010,Coffee Maker,Home & Kitchen,4,276.64,0.05,1051.23,821.68,229.55
O004516,2025-11-09,C0181,West,Wholesale,P0019,Desk Organizer,Office Supplies,3,260.68,0.0,782.04,512.85,269.19
O004517,2025-11-09,C0109,East,Online,P0019,Desk Organizer,Office Supplies,4,260.68,0.05,990.58,683.8,306.78
O004518,2025-11-09,C0075,West,Online,P0004,Power Bank,Electronics,3,156.84,0.1,423.47,342.72,80.75
O004519,2025-11-09,C0289,North,Online,P0016,Ergonomic Chair,Office Supplies,6,85.32,0.05,486.32,308.58,177.74
O004520,2025-11-10,C0242,North,Online,P0019,Desk Organizer,Office Supplies,3,260.68,0.1,703.84,512.85,190.99
O004521,2025-11-10,C0302,North,Online,P0012,Denim Jacket,Apparel,2,97.06,0.0,194.12,113.64,80.48
O004522,2025-11-10,C0302,North,Online,P0019,Desk Organizer,Office Supplies,6,260.68,0.0,1564.08,1025.7,538.38
O004523,2025-11-10,C0070,North,Wholesale,P0002,Smart Watch,Electronics,1,189.4,0.15,160.99,100.94,60.05
O004524,2025-11-10,C0157,East,Online,P0002,Smart Watch,Electronics,5,189.4,0.05,899.65,504.7,394.95
O004525,2025-11-10,C0064,East,Online,P0011,Running Shoes,Apparel,7,291.03,0.05,1935.35,947.24,988.11
O004526,2025-11-10,C0009,North,Online,P0020,Monitor Arm,Office Supplies,3,193.94,0.05,552.73,388.2,164.53
O004527,2025-11-10,C0089,West,Wholesale,P0006,Air Fryer,Home & Kitchen,3,298.69,0.15,761.66,456.0,305.66
O004528,2025-11-10,C0006,South,Retail,P0018,Notebook Set,Office Supplies,5,171.61,0.0,858.05,427.85,430.2
O004529,2025-11-10,C0382,South,Wholesale,P0018,Notebook Set,Office Supplies,3,171.61,0.05,489.09,256.71,232.38
O004530,2025-11-10,C0073,North,Retail,P0010,Coffee Maker,Home & Kitchen,7,276.64,0.0,1936.48,1437.94,498.54
O004531,2025-11-10,C0167,South,Retail,P0016,Ergonomic Chair,Office Supplies,2,85.32,0.0,170.64,102.86,67.78
O004532,2025-11-11,C0387,East,Retail,P0020,Monitor Arm,Office Supplies,1,193.94,0.05,184.24,129.4,54.84
O004533,2025-11-11,C0341,North,Online,P0008,Cookware Set,Home & Kitchen,1,144.8,0.0,144.8,69.09,75.71
O004534,2025-11-11,C0123,West,Retail,P0020,Monitor Arm,Office Supplies,1,193.94,0.1,174.55,129.4,45.15
O004535,2025-11-11,C0144,North,Retail,P0004,Power Bank,Electronics,1,156.84,0.0,156.84,114.24,42.6
O004536,2025-11-11,C0085,East,Retail,P0019,Desk Organizer,Office Supplies,7,260.68,0.05,1733.52,1196.65,536.87
O004537,2025-11-11,C0155,East,Retail,P0001,Wireless Earbuds,Electronics,2,46.85,0.15,79.64,48.36,31.28
O004538,2025-11-11,C0061,North,Online,P0004,Power Bank,Electronics,4,156.84,0.1,564.62,456.96,107.66
O004539,2025-11-12,C0237,South,Online,P0017,Standing Desk,Office Supplies,7,143.29,0.05,952.88,608.65,344.23
O004540,2025-11-12,C0054,North,Retail,P0008,Cookware Set,Home & Kitchen,4,144.8,0.1,521.28,276.36,244.92
O004541,2025-11-12,C0232,South,Online,P0012,Denim Jacket,Apparel,4,97.06,0.0,388.24,227.28,160.96
O004542,2025-11-12,C0193,West,Online,P0019,Desk Organizer,Office Supplies,5,260.68,0.0,1303.4,854.75,448.65
O004543,2025-11-12,C0110,East,Retail,P0012,Denim Jacket,Apparel,3,97.06,0.05,276.62,170.46,106.16
O004544,2025-11-12,C0171,East,Retail,P0011,Running Shoes,Apparel,6,291.03,0.15,1484.25,811.92,672.33
O004545,2025-11-12,C0158,East,Retail,P0005,Laptop Stand,Electronics,5,108.18,0.0,540.9,324.55,216.35
O004546,2025-11-12,C0282,South,Wholesale,P0008,Cookware Set,Home & Kitchen,3,144.8,0.0,434.4,207.27,227.13
O004547,2025-11-12,C0108,North,Online,P0003,Bluetooth Speaker,Electronics,3,365.93,0.1,988.01,645.99,342.02
O004548,2025-11-12,C0172,South,Online,P0016,Ergonomic Chair,Office Supplies,1,85.32,0.0,85.32,51.43,33.89
O004549,2025-11-12,C0343,East,Retail,P0008,Cookware Set,Home & Kitchen,1,144.8,0.0,144.8,69.09,75.71
O004550,2025-11-12,C0029,West,Online,P0015,Wallet,Apparel,7,245.76,0.1,1548.29,1048.81,499.48
O004551,2025-11-12,C0364,West,Retail,P0012,Denim Jacket,Apparel,1,97.06,0.0,97.06,56.82,40.24
O004552,2025-11-12,C0340,South,Online,P0009,Vacuum Cleaner,Home & Kitchen,3,86.66,0.0,259.98,159.72,100.26
O004553,2025-11-13,C0268,West,Retail,P0002,Smart Watch,Electronics,7,189.4,0.05,1259.51,706.58,552.93
O004554,2025-11-13,C0355,West,Wholesale,P0014,Sunglasses,Apparel,3,226.65,0.0,679.95,356.88,323.07
O004555,2025-11-13,C0251,East,Online,P0003,Bluetooth Speaker,Electronics,6,365.93,0.0,2195.58,1291.98,903.6
O004556,2025-11-13,C0255,West,Retail,P0008,Cookware Set,Home & Kitchen,4,144.8,0.0,579.2,276.36,302.84
O004557,2025-11-13,C0241,East,Retail,P0012,Denim Jacket,Apparel,3,97.06,0.05,276.62,170.46,106.16
O004558,2025-11-13,C0394,West,Retail,P0004,Power Bank,Electronics,7,156.84,0.15,933.2,799.68,133.52
O004559,2025-11-13,C0002,East,Retail,P0019,Desk Organizer,Office Supplies,2,260.68,0.1,469.22,341.9,127.32
O004560,2025-11-13,C0206,South,Retail,P0004,Power Bank,Electronics,7,156.84,0.1,988.09,799.68,188.41
O004561,2025-11-13,C0381,North,Retail,P0019,Desk Organizer,Office Supplies,6,260.68,0.1,1407.67,1025.7,381.97
O004562,2025-11-13,C0048,South,Online,P0004,Power Bank,Electronics,3,156.84,0.15,399.94,342.72,57.22
O004563,2025-11-13,C0041,North,Wholesale,P0008,Cookware Set,Home & Kitchen,3,144.8,0.05,412.68,207.27,205.41
O004564,2025-11-13,C0208,West,Online,P0018,Notebook Set,Office Supplies,5,171.61,0.0,858.05,427.85,430.2
O004565,2025-11-13,C0254,West,Retail,P0006,Air Fryer,Home & Kitchen,6,298.69,0.0,1792.14,912.0,880.14
O004566,2025-11-13,C0106,West,Retail,P0009,Vacuum Cleaner,Home & Kitchen,3,86.66,0.05,246.98,159.72,87.26
O004567,2025-11-14,C0256,North,Retail,P0003,Bluetooth Speaker,Electronics,6,365.93,0.0,2195.58,1291.98,903.6
O004568,2025-11-14,C0079,West,Retail,P0012,Denim Jacket,Apparel,5,97.06,0.0,485.3,284.1,201.2
O004569,2025-11-14,C0024,South,Online,P0011,Running Shoes,Apparel,6,291.03,0.05,1658.87,811.92,846.95
O004570,2025-11-14,C0344,South,Wholesale,P0001,Wireless Earbuds,Electronics,5,46.85,0.05,222.54,120.9,101.64
O004571,2025-11-14,C0161,North,Online,P0004,Power Bank,Electronics,2,156.84,0.0,313.68,228.48,85.2
O004572,2025-11-14,C0175,West,Wholesale,P0008,Cookware Set,Home & Kitchen,5,144.8,0.05,687.8,345.45,342.35
O004573,2025-11-14,C0378,East,Online,P0019,Desk Organizer,Office Supplies,7,260.68,0.0,1824.76,1196.65,628.11
O004574,2025-11-14,C0359,North,Retail,P0020,Monitor Arm,Office Supplies,2,193.94,0.15,329.7,258.8,70.9
O004575,2025-11-15,C0231,West,Wholesale,P0015,Wallet,Apparel,2,245.76,0.0,491.52,299.66,191.86
O004576,2025-11-15,C0176,South,Online,P0012,Denim Jacket,Apparel,4,97.06,0.05,368.83,227.28,141.55
O004577,2025-11-15,C0042,North,Online,P0010,Coffee Maker,Home & Kitchen,7,276.64,0.1,1742.83,1437.94,304.89
O004578,2025-11-15,C0298,West,Retail,P0014,Sunglasses,Apparel,7,226.65,0.05,1507.22,832.72,674.5
O004579,2025-11-15,C0006,South,Retail,P0017,Standing Desk,Office Supplies,5,143.29,0.0,716.45,434.75,281.7
O004580,2025-11-15,C0188,South,Retail,P0016,Ergonomic Chair,Office Supplies,4,85.32,0.15,290.09,205.72,84.37
O004581,2025-11-15,C0142,South,Online,P0019,Desk Organizer,Office Supplies,1,260.68,0.2,208.54,170.95,37.59
O004582,2025-11-15,C0065,North,Retail,P0017,Standing Desk,Office Supplies,2,143.29,0.05,272.25,173.9,98.35
O004583,2025-11-15,C0202,North,Wholesale,P0007,Blender,Home & Kitchen,2,121.55,0.05,230.94,177.52,53.42
O004584,2025-11-15,C0325,West,Wholesale,P0001,Wireless Earbuds,Electronics,7,46.85,0.0,327.95,169.26,158.69
O004585,2025-11-15,C0263,North,Online,P0014,Sunglasses,Apparel,2,226.65,0.0,453.3,237.92,215.38
O004586,2025-11-15,C0333,South,Online,P0015,Wallet,Apparel,3,245.76,0.0,737.28,449.49,287.79
O004587,2025-11-16,C0104,South,Online,P0013,Backpack,Apparel,4,282.71,0.1,1017.76,802.96,214.8
O004588,2025-11-16,C0284,North,Wholesale,P0012,Denim Jacket,Apparel,6,97.06,0.0,582.36,340.92,241.44
O004589,2025-11-16,C0231,West,Wholesale,P0005,Laptop Stand,Electronics,6,108.18,0.0,649.08,389.46,259.62
O004590,2025-11-16,C0054,North,Retail,P0010,Coffee Maker,Home & Kitchen,6,276.64,0.05,1576.85,1232.52,344.33
O004591,2025-11-16,C0196,South,Online,P0009,Vacuum Cleaner,Home & Kitchen,5,86.66,0.05,411.63,266.2,145.43
O004592,2025-11-16,C0080,East,Wholesale,P0009,Vacuum Cleaner,Home & Kitchen,2,86.66,0.05,164.65,106.48,58.17
O004593,2025-11-16,C0216,North,Retail,P0006,Air Fryer,Home & Kitchen,3,298.69,0.0,896.07,456.0,440.07
O004594,2025-11-16,C0087,South,Wholesale,P0020,Monitor Arm,Office Supplies,2,193.94,0.15,329.7,258.8,70.9
O004595,2025-11-16,C0393,North,Retail,P0009,Vacuum Cleaner,Home & Kitchen,5,86.66,0.0,433.3,266.2,167.1
O004596,2025-11-16,C0157,East,Online,P0008,Cookware Set,Home & Kitchen,4,144.8,0.05,550.24,276.36,273.88
O004597,2025-11-17,C0291,East,Online,P0005,Laptop Stand,Electronics,5,108.18,0.1,486.81,324.55,162.26
O004598,2025-11-17,C0039,North,Retail,P0016,Ergonomic Chair,Office Supplies,1,85.32,0.05,81.05,51.43,29.62
O004599,2025-11-17,C0079,West,Retail,P0019,Desk Organizer,Office Supplies,1,260.68,0.0,260.68,170.95,89.73
O004600,2025-11-17,C0178,South,Online,P0005,Laptop Stand,Electronics,7,108.18,0.0,757.26,454.37,302.89
O004601,2025-11-17,C0389,West,Online,P0015,Wallet,Apparel,4,245.76,0.0,983.04,599.32,383.72
O004602,2025-11-17,C0360,East,Online,P0011,Running Shoes,Apparel,3,291.03,0.1,785.78,405.96,379.82
O004603,2025-11-17,C0247,North,Wholesale,P0005,Laptop Stand,Electronics,2,108.18,0.05,205.54,129.82,75.72
O004604,2025-11-17,C0160,West,Wholesale,P0013,Backpack,Apparel,7,282.71,0.05,1880.02,1405.18,474.84
O004605,2025-11-17,C0014,West,Online,P0001,Wireless Earbuds,Electronics,3,46.85,0.05,133.52,72.54,60.98
O004606,2025-11-17,C0084,East,Online,P0020,Monitor Arm,Office Supplies,1,193.94,0.15,164.85,129.4,35.45
O004607,2025-11-17,C0179,East,Retail,P0008,Cookware Set,Home & Kitchen,2,144.8,0.1,260.64,138.18,122.46
O004608,2025-11-17,C0156,West,Retail,P0017,Standing Desk,Office Supplies,7,143.29,0.0,1003.03,608.65,394.38
O004609,2025-11-17,C0390,West,Online,P0005,Laptop Stand,Electronics,4,108.18,0.2,346.18,259.64,86.54
O004610,2025-11-18,C0093,West,Wholesale,P0014,Sunglasses,Apparel,1,226.65,0.15,192.65,118.96,73.69
O004611,2025-11-18,C0154,West,Retail,P0003,Bluetooth Speaker,Electronics,1,365.93,0.0,365.93,215.33,150.6
O004612,2025-11-18,C0121,North,Online,P0016,Ergonomic Chair,Office Supplies,4,85.32,0.0,341.28,205.72,135.56
O004613,2025-11-18,C0101,West,Retail,P0017,Standing Desk,Office Supplies,1,143.29,0.0,143.29,86.95,56.34
O004614,2025-11-18,C0383,West,Retail,P0019,Desk Organizer,Office Supplies,3,260.68,0.0,782.04,512.85,269.19
O004615,2025-11-18,C0348,North,Wholesale,P0014,Sunglasses,Apparel,6,226.65,0.0,1359.9,713.76,646.14
O004616,2025-11-18,C0150,North,Retail,P0004,Power Bank,Electronics,3,156.84,0.0,470.52,342.72,127.8
O004617,2025-11-18,C0058,North,Retail,P0004,Power Bank,Electronics,2,156.84,0.05,298.0,228.48,69.52
O004618,2025-11-18,C0229,North,Wholesale,P0002,Smart Watch,Electronics,5,189.4,0.15,804.95,504.7,300.25
O004619,2025-11-18,C0057,East,Retail,P0003,Bluetooth Speaker,Electronics,6,365.93,0.15,1866.24,1291.98,574.26
O004620,2025-11-19,C0084,East,Online,P0002,Smart Watch,Electronics,1,189.4,0.05,179.93,100.94,78.99
O004621,2025-11-19,C0051,East,Retail,P0010,Coffee Maker,Home & Kitchen,3,276.64,0.1,746.93,616.26,130.67
O004622,2025-11-19,C0218,East,Retail,P0004,Power Bank,Electronics,2,156.84,0.1,282.31,228.48,53.83
O004623,2025-11-19,C0392,North,Online,P0017,Standing Desk,Office Supplies,5,143.29,0.0,716.45,434.75,281.7
O004624,2025-11-19,C0002,East,Retail,P0009,Vacuum Cleaner,Home & Kitchen,1,86.66,0.05,82.33,53.24,29.09
O004625,2025-11-19,C0111,West,Retail,P0018,Notebook Set,Office Supplies,1,171.61,0.05,163.03,85.57,77.46
O004626,2025-11-19,C0347,South,Online,P0015,Wallet,Apparel,5,245.76,0.05,1167.36,749.15,418.21
O004627,2025-11-19,C0254,West,Retail,P0016,Ergonomic Chair,Office Supplies,5,85.32,0.15,362.61,257.15,105.46
O004628,2025-11-19,C0168,South,Retail,P0003,Bluetooth Speaker,Electronics,6,365.93,0.0,2195.58,1291.98,903.6
O004629,2025-11-19,C0014,West,Online,P0005,Laptop Stand,Electronics,5,108.18,0.0,540.9,324.55,216.35
O004630,2025-11-19,C0160,West,Wholesale,P0010,Coffee Maker,Home & Kitchen,2,276.64,0.15,470.29,410.84,59.45
O004631,2025-11-19,C0318,South,Retail,P0015,Wallet,Apparel,7,245.76,0.0,1720.32,1048.81,671.51
O004632,2025-11-20,C0138,East,Retail,P0005,Laptop Stand,Electronics,1,108.18,0.05,102.77,64.91,37.86
O004633,2025-11-20,C0298,West,Retail,P0017,Standing Desk,Office Supplies,3,143.29,0.15,365.39,260.85,104.54
O004634,2025-11-20,C0147,North,Online,P0016,Ergonomic Chair,Office Supplies,7,85.32,0.05,567.38,360.01,207.37
O004635,2025-11-20,C0344,South,Wholesale,P0007,Blender,Home & Kitchen,7,121.55,0.05,808.31,621.32,186.99
O004636,2025-11-20,C0173,South,Online,P0020,Monitor Arm,Office Supplies,2,193.94,0.1,349.09,258.8,90.29
O004637,2025-11-20,C0282,South,Wholesale,P0018,Notebook Set,Office Supplies,2,171.61,0.0,343.22,171.14,172.08
O004638,2025-11-20,C0014,West,Online,P0011,Running Shoes,Apparel,4,291.03,0.05,1105.91,541.28,564.63
O004639,2025-11-21,C0012,North,Retail,P0014,Sunglasses,Apparel,2,226.65,0.0,453.3,237.92,215.38
O004640,2025-11-21,C0326,North,Wholesale,P0020,Monitor Arm,Office Supplies,7,193.94,0.05,1289.7,905.8,383.9
O004641,2025-11-21,C0383,West,Retail,P0014,Sunglasses,Apparel,6,226.65,0.1,1223.91,713.76,510.15
O004642,2025-11-21,C0155,East,Retail,P0003,Bluetooth Speaker,Electronics,3,365.93,0.0,1097.79,645.99,451.8
O004643,2025-11-21,C0336,South,Wholesale,P0012,Denim Jacket,Apparel,4,97.06,0.15,330.0,227.28,102.72
O004644,2025-11-21,C0395,West,Wholesale,P0019,Desk Organizer,Office Supplies,3,260.68,0.2,625.63,512.85,112.78
O004645,2025-11-21,C0238,West,Wholesale,P0007,Blender,Home & Kitchen,3,121.55,0.15,309.95,266.28,43.67
O004646,2025-11-21,C0026,West,Online,P0010,Coffee Maker,Home & Kitchen,2,276.64,0.1,497.95,410.84,87.11
O004647,2025-11-21,C0349,East,Wholesale,P0003,Bluetooth Speaker,Electronics,6,365.93,0.0,2195.58,1291.98,903.6
O004648,2025-11-21,C0265,South,Retail,P0004,Power Bank,Electronics,5,156.84,0.0,784.2,571.2,213.0
O004649,2025-11-21,C0231,West,Wholesale,P0013,Backpack,Apparel,5,282.71,0.05,1342.87,1003.7,339.17
O004650,2025-11-22,C0364,West,Retail,P0014,Sunglasses,Apparel,1,226.65,0.0,226.65,118.96,107.69
O004651,2025-11-22,C0327,South,Online,P0005,Laptop Stand,Electronics,3,108.18,0.05,308.31,194.73,113.58
O004652,2025-11-22,C0301,East,Retail,P0007,Blender,Home & Kitchen,5,121.55,0.1,546.98,443.8,103.18
O004653,2025-11-22,C0307,North,Online,P0019,Desk Organizer,Office Supplies,7,260.68,0.1,1642.28,1196.65,445.63
O004654,2025-11-22,C0173,South,Online,P0001,Wireless Earbuds,Electronics,6,46.85,0.1,252.99,145.08,107.91
O004655,2025-11-22,C0145,West,Retail,P0012,Denim Jacket,Apparel,3,97.06,0.0,291.18,170.46,120.72
O004656,2025-11-22,C0347,South,Online,P0007,Blender,Home & Kitchen,1,121.55,0.0,121.55,88.76,32.79
O004657,2025-11-22,C0259,North,Retail,P0006,Air Fryer,Home & Kitchen,7,298.69,0.0,2090.83,1064.0,1026.83
O004658,2025-11-22,C0009,North,Online,P0006,Air Fryer,Home & Kitchen,2,298.69,0.05,567.51,304.0,263.51
O004659,2025-11-22,C0248,North,Retail,P0006,Air Fryer,Home & Kitchen,4,298.69,0.0,1194.76,608.0,586.76
O004660,2025-11-22,C0358,East,Online,P0013,Backpack,Apparel,1,282.71,0.1,254.44,200.74,53.7
O004661,2025-11-22,C0044,East,Online,P0004,Power Bank,Electronics,6,156.84,0.0,941.04,685.44,255.6
O004662,2025-11-22,C0369,South,Retail,P0003,Bluetooth Speaker,Electronics,1,365.93,0.05,347.63,215.33,132.3
O004663,2025-11-22,C0160,West,Wholesale,P0020,Monitor Arm,Office Supplies,3,193.94,0.0,581.82,388.2,193.62
O004664,2025-11-23,C0262,North,Retail,P0010,Coffee Maker,Home & Kitchen,5,276.64,0.1,1244.88,1027.1,217.78
O004665,2025-11-23,C0143,North,Wholesale,P0019,Desk Organizer,Office Supplies,3,260.68,0.05,742.94,512.85,230.09
O004666,2025-11-23,C0050,East,Online,P0004,Power Bank,Electronics,2,156.84,0.0,313.68,228.48,85.2
O004667,2025-11-23,C0088,North,Online,P0016,Ergonomic Chair,Office Supplies,4,85.32,0.05,324.22,205.72,118.5
O004668,2025-11-23,C0108,North,Online,P0017,Standing Desk,Office Supplies,3,143.29,0.1,386.88,260.85,126.03
O004669,2025-11-23,C0073,North,Retail,P0007,Blender,Home & Kitchen,4,121.55,0.1,437.58,355.04,82.54
O004670,2025-11-23,C0345,East,Retail,P0018,Notebook Set,Office Supplies,7,171.61,0.1,1081.14,598.99,482.15
O004671,2025-11-23,C0171,East,Retail,P0019,Desk Organizer,Office Supplies,5,260.68,0.05,1238.23,854.75,383.48
O004672,2025-11-23,C0252,West,Retail,P0012,Denim Jacket,Apparel,2,97.06,0.0,194.12,113.64,80.48
O004673,2025-11-23,C0375,East,Retail,P0008,Cookware Set,Home & Kitchen,1,144.8,0.1,130.32,69.09,61.23
O004674,2025-11-23,C0065,North,Retail,P0017,Standing Desk,Office Supplies,1,143.29,0.2,114.63,86.95,27.68
O004675,2025-11-23,C0303,West,Retail,P0019,Desk Organizer,Office Supplies,1,260.68,0.0,260.68,170.95,89.73
O004676,2025-11-23,C0257,South,Retail,P0016,Ergonomic Chair,Office Supplies,4,85.32,0.0,341.28,205.72,135.56
O004677,2025-11-23,C0215,North,Retail,P0009,Vacuum Cleaner,Home & Kitchen,1,86.66,0.1,77.99,53.24,24.75
O004678,2025-11-23,C0095,East,Online,P0015,Wallet,Apparel,6,245.76,0.1,1327.1,898.98,428.12
O004679,2025-11-23,C0077,North,Wholesale,P0016,Ergonomic Chair,Office Supplies,7,85.32,0.0,597.24,360.01,237.23
O004680,2025-11-24,C0060,West,Retail,P0010,Coffee Maker,Home & Kitchen,1,276.64,0.15,235.14,205.42,29.72
O004681,2025-11-24,C0284,North,Wholesale,P0004,Power Bank,Electronics,6,156.84,0.15,799.88,685.44,114.44
O004682,2025-11-24,C0108,North,Online,P0019,Desk Organizer,Office Supplies,7,260.68,0.05,1733.52,1196.65,536.87
O004683,2025-11-24,C0079,West,Retail,P0017,Standing Desk,Office Supplies,5,143.29,0.05,680.63,434.75,245.88
O004684,2025-11-24,C0337,North,Online,P0015,Wallet,Apparel,2,245.76,0.05,466.94,299.66,167.28
O004685,2025-11-24,C0356,North,Wholesale,P0017,Standing Desk,Office Supplies,3,143.29,0.0,429.87,260.85,169.02
O004686,2025-11-24,C0394,West,Retail,P0011,Running Shoes,Apparel,1,291.03,0.15,247.38,135.32,112.06
O004687,2025-11-24,C0209,South,Online,P0009,Vacuum Cleaner,Home & Kitchen,5,86.66,0.05,411.63,266.2,145.43
O004688,2025-11-25,C0315,East,Online,P0012,Denim Jacket,Apparel,3,97.06,0.0,291.18,170.46,120.72
O004689,2025-11-25,C0198,South,Online,P0001,Wireless Earbuds,Electronics,6,46.85,0.0,281.1,145.08,136.02
O004690,2025-11-25,C0295,South,Online,P0014,Sunglasses,Apparel,2,226.65,0.1,407.97,237.92,170.05
O004691,2025-11-25,C0125,North,Retail,P0015,Wallet,Apparel,4,245.76,0.1,884.74,599.32,285.42
O004692,2025-11-25,C0109,East,Online,P0006,Air Fryer,Home & Kitchen,1,298.69,0.05,283.76,152.0,131.76
O004693,2025-11-25,C0372,West,Wholesale,P0006,Air Fryer,Home & Kitchen,4,298.69,0.0,1194.76,608.0,586.76
O004694,2025-11-25,C0086,West,Online,P0017,Standing Desk,Office Supplies,5,143.29,0.0,716.45,434.75,281.7
O004695,2025-11-25,C0319,South,Online,P0013,Backpack,Apparel,7,282.71,0.15,1682.12,1405.18,276.94
O004696,2025-11-26,C0243,West,Wholesale,P0002,Smart Watch,Electronics,1,189.4,0.15,160.99,100.94,60.05
O004697,2025-11-26,C0376,North,Online,P0012,Denim Jacket,Apparel,6,97.06,0.0,582.36,340.92,241.44
O004698,2025-11-26,C0084,East,Online,P0016,Ergonomic Chair,Office Supplies,3,85.32,0.0,255.96,154.29,101.67
O004699,2025-11-26,C0292,East,Retail,P0016,Ergonomic Chair,Office Supplies,1,85.32,0.1,76.79,51.43,25.36
O004700,2025-11-26,C0252,West,Retail,P0016,Ergonomic Chair,Office Supplies,7,85.32,0.05,567.38,360.01,207.37
O004701,2025-11-26,C0273,South,Wholesale,P0016,Ergonomic Chair,Office Supplies,7,85.32,0.0,597.24,360.01,237.23
O004702,2025-11-26,C0315,East,Online,P0014,Sunglasses,Apparel,4,226.65,0.1,815.94,475.84,340.1
O004703,2025-11-26,C0084,East,Online,P0011,Running Shoes,Apparel,1,291.03,0.05,276.48,135.32,141.16
O004704,2025-11-26,C0285,South,Retail,P0020,Monitor Arm,Office Supplies,5,193.94,0.1,872.73,647.0,225.73
O004705,2025-11-26,C0223,West,Wholesale,P0011,Running Shoes,Apparel,1,291.03,0.05,276.48,135.32,141.16
O004706,2025-11-26,C0229,North,Wholesale,P0009,Vacuum Cleaner,Home & Kitchen,1,86.66,0.0,86.66,53.24,33.42
O004707,2025-11-26,C0199,West,Retail,P0018,Notebook Set,Office Supplies,2,171.61,0.0,343.22,171.14,172.08
O004708,2025-11-26,C0012,North,Retail,P0019,Desk Organizer,Office Supplies,4,260.68,0.0,1042.72,683.8,358.92
O004709,2025-11-27,C0393,North,Retail,P0015,Wallet,Apparel,7,245.76,0.0,1720.32,1048.81,671.51
O004710,2025-11-27,C0019,North,Retail,P0002,Smart Watch,Electronics,5,189.4,0.05,899.65,504.7,394.95
O004711,2025-11-27,C0185,North,Retail,P0010,Coffee Maker,Home & Kitchen,4,276.64,0.0,1106.56,821.68,284.88
O004712,2025-11-27,C0065,North,Retail,P0011,Running Shoes,Apparel,2,291.03,0.1,523.85,270.64,253.21
O004713,2025-11-27,C0242,North,Online,P0018,Notebook Set,Office Supplies,4,171.61,0.05,652.12,342.28,309.84
O004714,2025-11-27,C0281,West,Retail,P0015,Wallet,Apparel,7,245.76,0.05,1634.3,1048.81,585.49
O004715,2025-11-27,C0347,South,Online,P0016,Ergonomic Chair,Office Supplies,1,85.32,0.2,68.26,51.43,16.83
O004716,2025-11-27,C0154,West,Retail,P0017,Standing Desk,Office Supplies,1,143.29,0.15,121.8,86.95,34.85
O004717,2025-11-27,C0190,East,Retail,P0002,Smart Watch,Electronics,5,189.4,0.0,947.0,504.7,442.3
O004718,2025-11-27,C0398,West,Retail,P0002,Smart Watch,Electronics,5,189.4,0.05,899.65,504.7,394.95
O004719,2025-11-27,C0232,South,Online,P0011,Running Shoes,Apparel,4,291.03,0.05,1105.91,541.28,564.63
O004720,2025-11-27,C0305,East,Retail,P0015,Wallet,Apparel,6,245.76,0.05,1400.83,898.98,501.85
O004721,2025-11-27,C0271,North,Online,P0020,Monitor Arm,Office Supplies,4,193.94,0.05,736.97,517.6,219.37
O004722,2025-11-27,C0386,North,Online,P0012,Denim Jacket,Apparel,7,97.06,0.0,679.42,397.74,281.68
O004723,2025-11-28,C0088,North,Online,P0012,Denim Jacket,Apparel,5,97.06,0.0,485.3,284.1,201.2
O004724,2025-11-28,C0258,West,Retail,P0010,Coffee Maker,Home & Kitchen,6,276.64,0.0,1659.84,1232.52,427.32
O004725,2025-11-28,C0198,South,Online,P0001,Wireless Earbuds,Electronics,5,46.85,0.1,210.82,120.9,89.92
O004726,2025-11-28,C0149,North,Online,P0014,Sunglasses,Apparel,7,226.65,0.0,1586.55,832.72,753.83
O004727,2025-11-28,C0323,West,Online,P0011,Running Shoes,Apparel,2,291.03,0.0,582.06,270.64,311.42
O004728,2025-11-28,C0182,South,Retail,P0010,Coffee Maker,Home & Kitchen,6,276.64,0.05,1576.85,1232.52,344.33
O004729,2025-11-28,C0127,North,Retail,P0012,Denim Jacket,Apparel,4,97.06,0.0,388.24,227.28,160.96
O004730,2025-11-28,C0224,South,Wholesale,P0004,Power Bank,Electronics,3,156.84,0.0,470.52,342.72,127.8
O004731,2025-11-28,C0197,East,Retail,P0005,Laptop Stand,Electronics,1,108.18,0.0,108.18,64.91,43.27
O004732,2025-11-28,C0306,South,Online,P0015,Wallet,Apparel,1,245.76,0.1,221.18,149.83,71.35
O004733,2025-11-28,C0361,West,Retail,P0012,Denim Jacket,Apparel,4,97.06,0.2,310.59,227.28,83.31
O004734,2025-11-28,C0300,South,Retail,P0001,Wireless Earbuds,Electronics,4,46.85,0.15,159.29,96.72,62.57
O004735,2025-11-28,C0359,North,Retail,P0016,Ergonomic Chair,Office Supplies,1,85.32,0.05,81.05,51.43,29.62
O004736,2025-11-28,C0184,West,Online,P0016,Ergonomic Chair,Office Supplies,3,85.32,0.05,243.16,154.29,88.87
O004737,2025-11-29,C0020,South,Retail,P0011,Running Shoes,Apparel,1,291.03,0.1,261.93,135.32,126.61
O004738,2025-11-29,C0253,North,Online,P0008,Cookware Set,Home & Kitchen,1,144.8,0.0,144.8,69.09,75.71
O004739,2025-11-29,C0070,North,Wholesale,P0005,Laptop Stand,Electronics,1,108.18,0.0,108.18,64.91,43.27
O004740,2025-11-29,C0060,West,Retail,P0018,Notebook Set,Office Supplies,6,171.61,0.05,978.18,513.42,464.76
O004741,2025-11-29,C0374,West,Retail,P0016,Ergonomic Chair,Office Supplies,4,85.32,0.0,341.28,205.72,135.56
O004742,2025-11-29,C0196,South,Online,P0005,Laptop Stand,Electronics,7,108.18,0.0,757.26,454.37,302.89
O004743,2025-11-29,C0375,East,Retail,P0001,Wireless Earbuds,Electronics,1,46.85,0.0,46.85,24.18,22.67
O004744,2025-11-29,C0040,East,Retail,P0002,Smart Watch,Electronics,1,189.4,0.0,189.4,100.94,88.46
O004745,2025-11-29,C0153,North,Online,P0011,Running Shoes,Apparel,4,291.03,0.1,1047.71,541.28,506.43
O004746,2025-11-29,C0395,West,Wholesale,P0004,Power Bank,Electronics,1,156.84,0.1,141.16,114.24,26.92
O004747,2025-11-29,C0057,East,Retail,P0014,Sunglasses,Apparel,7,226.65,0.05,1507.22,832.72,674.5
O004748,2025-11-29,C0059,East,Online,P0001,Wireless Earbuds,Electronics,1,46.85,0.05,44.51,24.18,20.33
O004749,2025-11-29,C0348,North,Wholesale,P0017,Standing Desk,Office Supplies,2,143.29,0.05,272.25,173.9,98.35
O004750,2025-11-30,C0039,North,Retail,P0013,Backpack,Apparel,7,282.71,0.0,1978.97,1405.18,573.79
O004751,2025-11-30,C0082,West,Online,P0011,Running Shoes,Apparel,6,291.03,0.0,1746.18,811.92,934.26
O004752,2025-11-30,C0070,North,Wholesale,P0013,Backpack,Apparel,6,282.71,0.0,1696.26,1204.44,491.82
O004753,2025-11-30,C0006,South,Retail,P0010,Coffee Maker,Home & Kitchen,5,276.64,0.15,1175.72,1027.1,148.62
O004754,2025-11-30,C0341,North,Online,P0010,Coffee Maker,Home & Kitchen,7,276.64,0.0,1936.48,1437.94,498.54
O004755,2025-11-30,C0143,North,Wholesale,P0006,Air Fryer,Home & Kitchen,2,298.69,0.2,477.9,304.0,173.9
O004756,2025-11-30,C0035,North,Retail,P0018,Notebook Set,Office Supplies,6,171.61,0.1,926.69,513.42,413.27
O004757,2025-11-30,C0386,North,Online,P0020,Monitor Arm,Office Supplies,7,193.94,0.0,1357.58,905.8,451.78
O004758,2025-11-30,C0053,West,Retail,P0014,Sunglasses,Apparel,6,226.65,0.0,1359.9,713.76,646.14
O004759,2025-11-30,C0207,South,Retail,P0004,Power Bank,Electronics,5,156.84,0.15,666.57,571.2,95.37
O004760,2025-12-01,C0036,South,Retail,P0012,Denim Jacket,Apparel,7,97.06,0.05,645.45,397.74,247.71
O004761,2025-12-01,C0284,North,Wholesale,P0001,Wireless Earbuds,Electronics,4,46.85,0.05,178.03,96.72,81.31
O004762,2025-12-01,C0343,East,Retail,P0007,Blender,Home & Kitchen,2,121.55,0.0,243.1,177.52,65.58
O004763,2025-12-01,C0096,East,Retail,P0016,Ergonomic Chair,Office Supplies,6,85.32,0.1,460.73,308.58,152.15
O004764,2025-12-01,C0362,East,Online,P0007,Blender,Home & Kitchen,5,121.55,0.05,577.36,443.8,133.56
O004765,2025-12-01,C0108,North,Online,P0009,Vacuum Cleaner,Home & Kitchen,2,86.66,0.1,155.99,106.48,49.51
O004766,2025-12-01,C0295,South,Online,P0010,Coffee Maker,Home & Kitchen,4,276.64,0.05,1051.23,821.68,229.55
O004767,2025-12-01,C0201,North,Wholesale,P0011,Running Shoes,Apparel,7,291.03,0.0,2037.21,947.24,1089.97
O004768,2025-12-01,C0051,East,Retail,P0011,Running Shoes,Apparel,2,291.03,0.0,582.06,270.64,311.42
O004769,2025-12-01,C0233,North,Online,P0001,Wireless Earbuds,Electronics,7,46.85,0.0,327.95,169.26,158.69
O004770,2025-12-01,C0245,West,Wholesale,P0001,Wireless Earbuds,Electronics,6,46.85,0.1,252.99,145.08,107.91
O004771,2025-12-01,C0058,North,Retail,P0012,Denim Jacket,Apparel,1,97.06,0.0,97.06,56.82,40.24
O004772,2025-12-01,C0199,West,Retail,P0019,Desk Organizer,Office Supplies,6,260.68,0.15,1329.47,1025.7,303.77
O004773,2025-12-01,C0066,South,Retail,P0004,Power Bank,Electronics,7,156.84,0.2,878.3,799.68,78.62
O004774,2025-12-01,C0394,West,Retail,P0015,Wallet,Apparel,6,245.76,0.0,1474.56,898.98,575.58
O004775,2025-12-01,C0396,South,Retail,P0007,Blender,Home & Kitchen,3,121.55,0.0,364.65,266.28,98.37
O004776,2025-12-02,C0009,North,Online,P0018,Notebook Set,Office Supplies,3,171.61,0.05,489.09,256.71,232.38
O004777,2025-12-02,C0038,West,Online,P0003,Bluetooth Speaker,Electronics,1,365.93,0.0,365.93,215.33,150.6
O004778,2025-12-02,C0196,South,Online,P0019,Desk Organizer,Office Supplies,3,260.68,0.0,782.04,512.85,269.19
O004779,2025-12-02,C0142,South,Online,P0003,Bluetooth Speaker,Electronics,5,365.93,0.1,1646.69,1076.65,570.04
O004780,2025-12-02,C0366,East,Online,P0017,Standing Desk,Office Supplies,5,143.29,0.0,716.45,434.75,281.7
O004781,2025-12-02,C0133,North,Retail,P0014,Sunglasses,Apparel,6,226.65,0.0,1359.9,713.76,646.14
O004782,2025-12-02,C0086,West,Online,P0005,Laptop Stand,Electronics,2,108.18,0.05,205.54,129.82,75.72
O004783,2025-12-02,C0015,West,Wholesale,P0005,Laptop Stand,Electronics,2,108.18,0.0,216.36,129.82,86.54
O004784,2025-12-02,C0353,West,Wholesale,P0007,Blender,Home & Kitchen,4,121.55,0.1,437.58,355.04,82.54
O004785,2025-12-02,C0291,East,Online,P0013,Backpack,Apparel,6,282.71,0.0,1696.26,1204.44,491.82
O004786,2025-12-03,C0385,East,Retail,P0005,Laptop Stand,Electronics,2,108.18,0.05,205.54,129.82,75.72
O004787,2025-12-03,C0220,North,Retail,P0001,Wireless Earbuds,Electronics,2,46.85,0.0,93.7,48.36,45.34
O004788,2025-12-03,C0076,North,Retail,P0003,Bluetooth Speaker,Electronics,5,365.93,0.05,1738.17,1076.65,661.52
O004789,2025-12-03,C0206,South,Retail,P0003,Bluetooth Speaker,Electronics,3,365.93,0.0,1097.79,645.99,451.8
O004790,2025-12-03,C0264,South,Retail,P0010,Coffee Maker,Home & Kitchen,3,276.64,0.15,705.43,616.26,89.17
O004791,2025-12-03,C0387,East,Retail,P0016,Ergonomic Chair,Office Supplies,3,85.32,0.05,243.16,154.29,88.87
O004792,2025-12-03,C0036,South,Retail,P0015,Wallet,Apparel,5,245.76,0.0,1228.8,749.15,479.65
O004793,2025-12-03,C0052,North,Retail,P0015,Wallet,Apparel,4,245.76,0.0,983.04,599.32,383.72
O004794,2025-12-03,C0230,East,Retail,P0019,Desk Organizer,Office Supplies,3,260.68,0.05,742.94,512.85,230.09
O004795,2025-12-04,C0056,North,Wholesale,P0005,Laptop Stand,Electronics,5,108.18,0.05,513.86,324.55,189.31
O004796,2025-12-04,C0133,North,Retail,P0006,Air Fryer,Home & Kitchen,1,298.69,0.0,298.69,152.0,146.69
O004797,2025-12-04,C0156,West,Retail,P0011,Running Shoes,Apparel,4,291.03,0.15,989.5,541.28,448.22
O004798,2025-12-04,C0127,North,Retail,P0014,Sunglasses,Apparel,7,226.65,0.15,1348.57,832.72,515.85
O004799,2025-12-04,C0120,North,Online,P0015,Wallet,Apparel,2,245.76,0.15,417.79,299.66,118.13
O004800,2025-12-04,C0046,North,Online,P0008,Cookware Set,Home & Kitchen,1,144.8,0.05,137.56,69.09,68.47
O004801,2025-12-04,C0182,South,Retail,P0002,Smart Watch,Electronics,4,189.4,0.0,757.6,403.76,353.84
O004802,2025-12-04,C0140,South,Online,P0006,Air Fryer,Home & Kitchen,1,298.69,0.05,283.76,152.0,131.76
O004803,2025-12-04,C0128,West,Retail,P0003,Bluetooth Speaker,Electronics,5,365.93,0.05,1738.17,1076.65,661.52
O004804,2025-12-04,C0107,East,Retail,P0001,Wireless Earbuds,Electronics,2,46.85,0.1,84.33,48.36,35.97
O004805,2025-12-04,C0337,North,Online,P0012,Denim Jacket,Apparel,2,97.06,0.1,174.71,113.64,61.07
O004806,2025-12-05,C0074,South,Retail,P0006,Air Fryer,Home & Kitchen,5,298.69,0.05,1418.78,760.0,658.78
O004807,2025-12-05,C0159,West,Retail,P0009,Vacuum Cleaner,Home & Kitchen,6,86.66,0.1,467.96,319.44,148.52
O004808,2025-12-05,C0053,West,Retail,P0018,Notebook Set,Office Supplies,6,171.61,0.1,926.69,513.42,413.27
O004809,2025-12-05,C0016,West,Retail,P0016,Ergonomic Chair,Office Supplies,4,85.32,0.0,341.28,205.72,135.56
O004810,2025-12-05,C0196,South,Online,P0012,Denim Jacket,Apparel,6,97.06,0.0,582.36,340.92,241.44
O004811,2025-12-05,C0363,West,Wholesale,P0005,Laptop Stand,Electronics,5,108.18,0.0,540.9,324.55,216.35
O004812,2025-12-05,C0194,North,Online,P0018,Notebook Set,Office Supplies,5,171.61,0.05,815.15,427.85,387.3
O004813,2025-12-05,C0231,West,Wholesale,P0005,Laptop Stand,Electronics,5,108.18,0.1,486.81,324.55,162.26
O004814,2025-12-05,C0295,South,Online,P0006,Air Fryer,Home & Kitchen,2,298.69,0.0,597.38,304.0,293.38
O004815,2025-12-05,C0316,West,Retail,P0001,Wireless Earbuds,Electronics,1,46.85,0.05,44.51,24.18,20.33
O004816,2025-12-05,C0009,North,Online,P0007,Blender,Home & Kitchen,4,121.55,0.1,437.58,355.04,82.54
O004817,2025-12-06,C0178,South,Online,P0001,Wireless Earbuds,Electronics,1,46.85,0.1,42.16,24.18,17.98
O004818,2025-12-06,C0103,North,Wholesale,P0020,Monitor Arm,Office Supplies,5,193.94,0.2,775.76,647.0,128.76
O004819,2025-12-06,C0012,North,Retail,P0015,Wallet,Apparel,4,245.76,0.1,884.74,599.32,285.42
O004820,2025-12-06,C0289,North,Online,P0014,Sunglasses,Apparel,5,226.65,0.0,1133.25,594.8,538.45
O004821,2025-12-06,C0254,West,Retail,P0020,Monitor Arm,Office Supplies,5,193.94,0.05,921.22,647.0,274.22
O004822,2025-12-06,C0058,North,Retail,P0016,Ergonomic Chair,Office Supplies,3,85.32,0.15,217.57,154.29,63.28
O004823,2025-12-06,C0249,South,Online,P0007,Blender,Home & Kitchen,7,121.55,0.0,850.85,621.32,229.53
O004824,2025-12-06,C0366,East,Online,P0002,Smart Watch,Electronics,6,189.4,0.1,1022.76,605.64,417.12
O004825,2025-12-06,C0184,West,Online,P0011,Running Shoes,Apparel,7,291.03,0.05,1935.35,947.24,988.11
O004826,2025-12-06,C0337,North,Online,P0002,Smart Watch,Electronics,7,189.4,0.05,1259.51,706.58,552.93
O004827,2025-12-06,C0198,South,Online,P0017,Standing Desk,Office Supplies,7,143.29,0.15,852.58,608.65,243.93
O004828,2025-12-07,C0213,West,Retail,P0011,Running Shoes,Apparel,5,291.03,0.2,1164.12,676.6,487.52
O004829,2025-12-07,C0040,East,Retail,P0005,Laptop Stand,Electronics,5,108.18,0.15,459.77,324.55,135.22
O004830,2025-12-07,C0216,North,Retail,P0009,Vacuum Cleaner,Home & Kitchen,5,86.66,0.1,389.97,266.2,123.77
O004831,2025-12-07,C0289,North,Online,P0015,Wallet,Apparel,1,245.76,0.05,233.47,149.83,83.64
O004832,2025-12-07,C0127,North,Retail,P0018,Notebook Set,Office Supplies,2,171.61,0.0,343.22,171.14,172.08
O004833,2025-12-07,C0148,North,Online,P0008,Cookware Set,Home & Kitchen,1,144.8,0.15,123.08,69.09,53.99
O004834,2025-12-07,C0082,West,Online,P0010,Coffee Maker,Home & Kitchen,2,276.64,0.0,553.28,410.84,142.44
O004835,2025-12-07,C0307,North,Online,P0012,Denim Jacket,Apparel,5,97.06,0.0,485.3,284.1,201.2
O004836,2025-12-08,C0171,East,Retail,P0004,Power Bank,Electronics,4,156.84,0.0,627.36,456.96,170.4
O004837,2025-12-08,C0223,West,Wholesale,P0015,Wallet,Apparel,4,245.76,0.05,933.89,599.32,334.57
O004838,2025-12-08,C0108,North,Online,P0019,Desk Organizer,Office Supplies,5,260.68,0.05,1238.23,854.75,383.48
O004839,2025-12-08,C0174,West,Retail,P0019,Desk Organizer,Office Supplies,3,260.68,0.1,703.84,512.85,190.99
O004840,2025-12-08,C0332,North,Wholesale,P0007,Blender,Home & Kitchen,6,121.55,0.1,656.37,532.56,123.81
O004841,2025-12-08,C0398,West,Retail,P0010,Coffee Maker,Home & Kitchen,2,276.64,0.0,553.28,410.84,142.44
O004842,2025-12-08,C0079,West,Retail,P0008,Cookware Set,Home & Kitchen,2,144.8,0.15,246.16,138.18,107.98
O004843,2025-12-08,C0346,South,Online,P0019,Desk Organizer,Office Supplies,4,260.68,0.0,1042.72,683.8,358.92
O004844,2025-12-08,C0131,West,Wholesale,P0010,Coffee Maker,Home & Kitchen,1,276.64,0.0,276.64,205.42,71.22
O004845,2025-12-08,C0378,East,Online,P0017,Standing Desk,Office Supplies,4,143.29,0.0,573.16,347.8,225.36
O004846,2025-12-08,C0395,West,Wholesale,P0003,Bluetooth Speaker,Electronics,5,365.93,0.1,1646.69,1076.65,570.04
O004847,2025-12-08,C0173,South,Online,P0004,Power Bank,Electronics,5,156.84,0.0,784.2,571.2,213.0
O004848,2025-12-08,C0377,South,Retail,P0005,Laptop Stand,Electronics,3,108.18,0.05,308.31,194.73,113.58
O004849,2025-12-08,C0312,East,Retail,P0013,Backpack,Apparel,7,282.71,0.05,1880.02,1405.18,474.84
O004850,2025-12-09,C0162,West,Online,P0007,Blender,Home & Kitchen,2,121.55,0.1,218.79,177.52,41.27
O004851,2025-12-09,C0130,North,Online,P0002,Smart Watch,Electronics,5,189.4,0.0,947.0,504.7,442.3
O004852,2025-12-09,C0392,North,Online,P0016,Ergonomic Chair,Office Supplies,4,85.32,0.0,341.28,205.72,135.56
O004853,2025-12-09,C0297,East,Online,P0002,Smart Watch,Electronics,3,189.4,0.0,568.2,302.82,265.38
O004854,2025-12-09,C0339,West,Retail,P0006,Air Fryer,Home & Kitchen,7,298.69,0.1,1881.75,1064.0,817.75
O004855,2025-12-09,C0119,South,Online,P0018,Notebook Set,Office Supplies,3,171.61,0.0,514.83,256.71,258.12
O004856,2025-12-09,C0312,East,Retail,P0008,Cookware Set,Home & Kitchen,1,144.8,0.05,137.56,69.09,68.47
O004857,2025-12-09,C0297,East,Online,P0017,Standing Desk,Office Supplies,7,143.29,0.0,1003.03,608.65,394.38
O004858,2025-12-09,C0370,North,Wholesale,P0014,Sunglasses,Apparel,3,226.65,0.05,645.95,356.88,289.07
O004859,2025-12-09,C0250,South,Online,P0017,Standing Desk,Office Supplies,4,143.29,0.1,515.84,347.8,168.04
O004860,2025-12-10,C0224,South,Wholesale,P0011,Running Shoes,Apparel,6,291.03,0.0,1746.18,811.92,934.26
O004861,2025-12-10,C0090,West,Retail,P0020,Monitor Arm,Office Supplies,5,193.94,0.1,872.73,647.0,225.73
O004862,2025-12-10,C0341,North,Online,P0019,Desk Organizer,Office Supplies,4,260.68,0.1,938.45,683.8,254.65
O004863,2025-12-10,C0387,East,Retail,P0020,Monitor Arm,Office Supplies,2,193.94,0.0,387.88,258.8,129.08
O004864,2025-12-10,C0368,North,Wholesale,P0017,Standing Desk,Office Supplies,5,143.29,0.0,716.45,434.75,281.7
O004865,2025-12-10,C0243,West,Wholesale,P0011,Running Shoes,Apparel,4,291.03,0.05,1105.91,541.28,564.63
O004866,2025-12-10,C0232,South,Online,P0013,Backpack,Apparel,2,282.71,0.0,565.42,401.48,163.94
O004867,2025-12-10,C0162,West,Online,P0015,Wallet,Apparel,2,245.76,0.2,393.22,299.66,93.56
O004868,2025-12-11,C0197,East,Retail,P0009,Vacuum Cleaner,Home & Kitchen,1,86.66,0.0,86.66,53.24,33.42
O004869,2025-12-11,C0079,West,Retail,P0011,Running Shoes,Apparel,2,291.03,0.0,582.06,270.64,311.42
O004870,2025-12-11,C0278,East,Online,P0015,Wallet,Apparel,6,245.76,0.0,1474.56,898.98,575.58
O004871,2025-12-11,C0349,East,Wholesale,P0020,Monitor Arm,Office Supplies,4,193.94,0.15,659.4,517.6,141.8
O004872,2025-12-11,C0223,West,Wholesale,P0004,Power Bank,Electronics,5,156.84,0.1,705.78,571.2,134.58
O004873,2025-12-11,C0136,South,Online,P0020,Monitor Arm,Office Supplies,2,193.94,0.05,368.49,258.8,109.69
O004874,2025-12-11,C0125,North,Retail,P0008,Cookware Set,Home & Kitchen,2,144.8,0.05,275.12,138.18,136.94
O004875,2025-12-11,C0013,East,Retail,P0002,Smart Watch,Electronics,5,189.4,0.1,852.3,504.7,347.6
O004876,2025-12-11,C0396,South,Retail,P0017,Standing Desk,Office Supplies,6,143.29,0.0,859.74,521.7,338.04
O004877,2025-12-11,C0136,South,Online,P0006,Air Fryer,Home & Kitchen,3,298.69,0.0,896.07,456.0,440.07
O004878,2025-12-12,C0135,West,Wholesale,P0009,Vacuum Cleaner,Home & Kitchen,3,86.66,0.0,259.98,159.72,100.26
O004879,2025-12-12,C0288,West,Online,P0015,Wallet,Apparel,3,245.76,0.05,700.42,449.49,250.93
O004880,2025-12-12,C0336,South,Wholesale,P0007,Blender,Home & Kitchen,5,121.55,0.1,546.98,443.8,103.18
O004881,2025-12-12,C0057,East,Retail,P0003,Bluetooth Speaker,Electronics,5,365.93,0.05,1738.17,1076.65,661.52
O004882,2025-12-12,C0253,North,Online,P0015,Wallet,Apparel,4,245.76,0.0,983.04,599.32,383.72
O004883,2025-12-12,C0255,West,Retail,P0004,Power Bank,Electronics,4,156.84,0.0,627.36,456.96,170.4
O004884,2025-12-12,C0200,North,Retail,P0018,Notebook Set,Office Supplies,5,171.61,0.05,815.15,427.85,387.3
O004885,2025-12-12,C0272,West,Retail,P0012,Denim Jacket,Apparel,1,97.06,0.0,97.06,56.82,40.24
O004886,2025-12-12,C0161,North,Online,P0013,Backpack,Apparel,6,282.71,0.1,1526.63,1204.44,322.19
O004887,2025-12-12,C0059,East,Online,P0004,Power Bank,Electronics,7,156.84,0.0,1097.88,799.68,298.2
O004888,2025-12-12,C0259,North,Retail,P0019,Desk Organizer,Office Supplies,6,260.68,0.15,1329.47,1025.7,303.77
O004889,2025-12-12,C0356,North,Wholesale,P0008,Cookware Set,Home & Kitchen,3,144.8,0.1,390.96,207.27,183.69
O004890,2025-12-12,C0326,North,Wholesale,P0019,Desk Organizer,Office Supplies,2,260.68,0.1,469.22,341.9,127.32
O004891,2025-12-13,C0335,South,Retail,P0016,Ergonomic Chair,Office Supplies,2,85.32,0.15,145.04,102.86,42.18
O004892,2025-12-13,C0023,West,Wholesale,P0001,Wireless Earbuds,Electronics,2,46.85,0.05,89.02,48.36,40.66
O004893,2025-12-13,C0340,South,Online,P0018,Notebook Set,Office Supplies,1,171.61,0.0,171.61,85.57,86.04
O004894,2025-12-13,C0111,West,Retail,P0013,Backpack,Apparel,7,282.71,0.1,1781.07,1405.18,375.89
O004895,2025-12-13,C0319,South,Online,P0011,Running Shoes,Apparel,6,291.03,0.2,1396.94,811.92,585.02
O004896,2025-12-13,C0156,West,Retail,P0016,Ergonomic Chair,Office Supplies,3,85.32,0.05,243.16,154.29,88.87
O004897,2025-12-13,C0015,West,Wholesale,P0001,Wireless Earbuds,Electronics,3,46.85,0.15,119.47,72.54,46.93
O004898,2025-12-13,C0193,West,Online,P0010,Coffee Maker,Home & Kitchen,2,276.64,0.0,553.28,410.84,142.44
O004899,2025-12-13,C0321,South,Retail,P0016,Ergonomic Chair,Office Supplies,4,85.32,0.15,290.09,205.72,84.37
O004900,2025-12-13,C0331,North,Online,P0016,Ergonomic Chair,Office Supplies,3,85.32,0.0,255.96,154.29,101.67
O004901,2025-12-13,C0134,East,Online,P0010,Coffee Maker,Home & Kitchen,5,276.64,0.0,1383.2,1027.1,356.1
O004902,2025-12-13,C0216,North,Retail,P0019,Desk Organizer,Office Supplies,5,260.68,0.1,1173.06,854.75,318.31
O004903,2025-12-13,C0083,East,Retail,P0011,Running Shoes,Apparel,5,291.03,0.05,1382.39,676.6,705.79
O004904,2025-12-14,C0101,West,Retail,P0020,Monitor Arm,Office Supplies,5,193.94,0.0,969.7,647.0,322.7
O004905,2025-12-14,C0355,West,Wholesale,P0016,Ergonomic Chair,Office Supplies,5,85.32,0.2,341.28,257.15,84.13
O004906,2025-12-14,C0183,West,Retail,P0011,Running Shoes,Apparel,2,291.03,0.15,494.75,270.64,224.11
O004907,2025-12-14,C0217,West,Online,P0004,Power Bank,Electronics,2,156.84,0.1,282.31,228.48,53.83
O004908,2025-12-14,C0386,North,Online,P0019,Desk Organizer,Office Supplies,6,260.68,0.05,1485.88,1025.7,460.18
O004909,2025-12-14,C0175,West,Wholesale,P0014,Sunglasses,Apparel,4,226.65,0.0,906.6,475.84,430.76
O004910,2025-12-14,C0236,North,Retail,P0015,Wallet,Apparel,1,245.76,0.0,245.76,149.83,95.93
O004911,2025-12-15,C0156,West,Retail,P0019,Desk Organizer,Office Supplies,4,260.68,0.05,990.58,683.8,306.78
O004912,2025-12-15,C0395,West,Wholesale,P0017,Standing Desk,Office Supplies,5,143.29,0.05,680.63,434.75,245.88
O004913,2025-12-15,C0132,North,Online,P0013,Backpack,Apparel,4,282.71,0.0,1130.84,802.96,327.88
O004914,2025-12-15,C0049,West,Retail,P0004,Power Bank,Electronics,6,156.84,0.1,846.94,685.44,161.5
O004915,2025-12-15,C0330,South,Retail,P0008,Cookware Set,Home & Kitchen,1,144.8,0.05,137.56,69.09,68.47
O004916,2025-12-15,C0274,North,Online,P0014,Sunglasses,Apparel,7,226.65,0.05,1507.22,832.72,674.5
O004917,2025-12-15,C0087,South,Wholesale,P0006,Air Fryer,Home & Kitchen,6,298.69,0.1,1612.93,912.0,700.93
O004918,2025-12-15,C0238,West,Wholesale,P0009,Vacuum Cleaner,Home & Kitchen,1,86.66,0.0,86.66,53.24,33.42
O004919,2025-12-15,C0062,West,Wholesale,P0016,Ergonomic Chair,Office Supplies,5,85.32,0.2,341.28,257.15,84.13
O004920,2025-12-15,C0377,South,Retail,P0017,Standing Desk,Office Supplies,7,143.29,0.2,802.42,608.65,193.77
O004921,2025-12-15,C0235,South,Wholesale,P0010,Coffee Maker,Home & Kitchen,1,276.64,0.0,276.64,205.42,71.22
O004922,2025-12-16,C0176,South,Online,P0015,Wallet,Apparel,3,245.76,0.1,663.55,449.49,214.06
O004923,2025-12-16,C0081,West,Retail,P0009,Vacuum Cleaner,Home & Kitchen,3,86.66,0.0,259.98,159.72,100.26
O004924,2025-12-16,C0245,West,Wholesale,P0011,Running Shoes,Apparel,3,291.03,0.05,829.44,405.96,423.48
O004925,2025-12-16,C0353,West,Wholesale,P0020,Monitor Arm,Office Supplies,5,193.94,0.15,824.24,647.0,177.24
O004926,2025-12-16,C0400,South,Online,P0008,Cookware Set,Home & Kitchen,2,144.8,0.2,231.68,138.18,93.5
O004927,2025-12-16,C0010,East,Online,P0001,Wireless Earbuds,Electronics,1,46.85,0.0,46.85,24.18,22.67
O004928,2025-12-16,C0394,West,Retail,P0013,Backpack,Apparel,4,282.71,0.1,1017.76,802.96,214.8
O004929,2025-12-16,C0030,North,Online,P0017,Standing Desk,Office Supplies,4,143.29,0.0,573.16,347.8,225.36
O004930,2025-12-16,C0243,West,Wholesale,P0014,Sunglasses,Apparel,1,226.65,0.2,181.32,118.96,62.36
O004931,2025-12-16,C0032,West,Retail,P0017,Standing Desk,Office Supplies,7,143.29,0.1,902.73,608.65,294.08
O004932,2025-12-17,C0012,North,Retail,P0010,Coffee Maker,Home & Kitchen,2,276.64,0.0,553.28,410.84,142.44
O004933,2025-12-17,C0078,South,Wholesale,P0017,Standing Desk,Office Supplies,3,143.29,0.2,343.9,260.85,83.05
O004934,2025-12-17,C0282,South,Wholesale,P0013,Backpack,Apparel,3,282.71,0.0,848.13,602.22,245.91
O004935,2025-12-17,C0095,East,Online,P0008,Cookware Set,Home & Kitchen,5,144.8,0.1,651.6,345.45,306.15
O004936,2025-12-17,C0354,North,Retail,P0008,Cookware Set,Home & Kitchen,2,144.8,0.15,246.16,138.18,107.98
O004937,2025-12-17,C0025,West,Online,P0008,Cookware Set,Home & Kitchen,1,144.8,0.0,144.8,69.09,75.71
O004938,2025-12-17,C0086,West,Online,P0012,Denim Jacket,Apparel,7,97.06,0.0,679.42,397.74,281.68
O004939,2025-12-17,C0338,East,Retail,P0015,Wallet,Apparel,4,245.76,0.05,933.89,599.32,334.57
O004940,2025-12-18,C0119,South,Online,P0018,Notebook Set,Office Supplies,3,171.61,0.15,437.61,256.71,180.9
O004941,2025-12-18,C0100,East,Retail,P0018,Notebook Set,Office Supplies,3,171.61,0.2,411.86,256.71,155.15
O004942,2025-12-18,C0324,North,Retail,P0004,Power Bank,Electronics,4,156.84,0.0,627.36,456.96,170.4
O004943,2025-12-18,C0165,East,Retail,P0011,Running Shoes,Apparel,1,291.03,0.0,291.03,135.32,155.71
O004944,2025-12-18,C0040,East,Retail,P0019,Desk Organizer,Office Supplies,1,260.68,0.0,260.68,170.95,89.73
O004945,2025-12-18,C0106,West,Retail,P0005,Laptop Stand,Electronics,5,108.18,0.0,540.9,324.55,216.35
O004946,2025-12-18,C0382,South,Wholesale,P0001,Wireless Earbuds,Electronics,6,46.85,0.05,267.04,145.08,121.96
O004947,2025-12-18,C0049,West,Retail,P0012,Denim Jacket,Apparel,7,97.06,0.15,577.51,397.74,179.77
O004948,2025-12-18,C0001,South,Retail,P0001,Wireless Earbuds,Electronics,6,46.85,0.0,281.1,145.08,136.02
O004949,2025-12-18,C0358,East,Online,P0003,Bluetooth Speaker,Electronics,6,365.93,0.1,1976.02,1291.98,684.04
O004950,2025-12-18,C0204,North,Retail,P0012,Denim Jacket,Apparel,5,97.06,0.0,485.3,284.1,201.2
O004951,2025-12-18,C0214,South,Retail,P0005,Laptop Stand,Electronics,6,108.18,0.0,649.08,389.46,259.62
O004952,2025-12-19,C0384,West,Online,P0016,Ergonomic Chair,Office Supplies,4,85.32,0.05,324.22,205.72,118.5
O004953,2025-12-19,C0025,West,Online,P0018,Notebook Set,Office Supplies,5,171.61,0.0,858.05,427.85,430.2
O004954,2025-12-19,C0348,North,Wholesale,P0016,Ergonomic Chair,Office Supplies,6,85.32,0.0,511.92,308.58,203.34
O004955,2025-12-19,C0228,East,Online,P0010,Coffee Maker,Home & Kitchen,1,276.64,0.0,276.64,205.42,71.22
O004956,2025-12-19,C0196,South,Online,P0017,Standing Desk,Office Supplies,5,143.29,0.15,608.98,434.75,174.23
O004957,2025-12-19,C0245,West,Wholesale,P0003,Bluetooth Speaker,Electronics,5,365.93,0.0,1829.65,1076.65,753.0
O004958,2025-12-19,C0376,North,Online,P0004,Power Bank,Electronics,3,156.84,0.05,446.99,342.72,104.27
O004959,2025-12-19,C0149,North,Online,P0008,Cookware Set,Home & Kitchen,5,144.8,0.1,651.6,345.45,306.15
O004960,2025-12-19,C0040,East,Retail,P0014,Sunglasses,Apparel,7,226.65,0.0,1586.55,832.72,753.83
O004961,2025-12-19,C0264,South,Retail,P0012,Denim Jacket,Apparel,2,97.06,0.0,194.12,113.64,80.48
O004962,2025-12-19,C0383,West,Retail,P0020,Monitor Arm,Office Supplies,2,193.94,0.15,329.7,258.8,70.9
O004963,2025-12-20,C0268,West,Retail,P0003,Bluetooth Speaker,Electronics,5,365.93,0.0,1829.65,1076.65,753.0
O004964,2025-12-20,C0207,South,Retail,P0016,Ergonomic Chair,Office Supplies,4,85.32,0.0,341.28,205.72,135.56
O004965,2025-12-20,C0306,South,Online,P0005,Laptop Stand,Electronics,7,108.18,0.2,605.81,454.37,151.44
O004966,2025-12-20,C0014,West,Online,P0005,Laptop Stand,Electronics,6,108.18,0.05,616.63,389.46,227.17
O004967,2025-12-20,C0245,West,Wholesale,P0017,Standing Desk,Office Supplies,3,143.29,0.0,429.87,260.85,169.02
O004968,2025-12-20,C0348,North,Wholesale,P0003,Bluetooth Speaker,Electronics,5,365.93,0.05,1738.17,1076.65,661.52
O004969,2025-12-20,C0063,West,Online,P0002,Smart Watch,Electronics,3,189.4,0.0,568.2,302.82,265.38
O004970,2025-12-20,C0160,West,Wholesale,P0020,Monitor Arm,Office Supplies,4,193.94,0.1,698.18,517.6,180.58
O004971,2025-12-20,C0111,West,Retail,P0008,Cookware Set,Home & Kitchen,5,144.8,0.0,724.0,345.45,378.55
O004972,2025-12-20,C0142,South,Online,P0008,Cookware Set,Home & Kitchen,4,144.8,0.0,579.2,276.36,302.84
O004973,2025-12-20,C0324,North,Retail,P0010,Coffee Maker,Home & Kitchen,3,276.64,0.0,829.92,616.26,213.66
O004974,2025-12-21,C0162,West,Online,P0010,Coffee Maker,Home & Kitchen,6,276.64,0.05,1576.85,1232.52,344.33
O004975,2025-12-21,C0186,East,Online,P0009,Vacuum Cleaner,Home & Kitchen,6,86.66,0.1,467.96,319.44,148.52
O004976,2025-12-21,C0102,West,Online,P0002,Smart Watch,Electronics,7,189.4,0.2,1060.64,706.58,354.06
O004977,2025-12-21,C0356,North,Wholesale,P0002,Smart Watch,Electronics,3,189.4,0.1,511.38,302.82,208.56
O004978,2025-12-21,C0030,North,Online,P0014,Sunglasses,Apparel,5,226.65,0.0,1133.25,594.8,538.45
O004979,2025-12-21,C0319,South,Online,P0017,Standing Desk,Office Supplies,3,143.29,0.1,386.88,260.85,126.03
O004980,2025-12-21,C0156,West,Retail,P0002,Smart Watch,Electronics,7,189.4,0.1,1193.22,706.58,486.64
O004981,2025-12-21,C0104,South,Online,P0016,Ergonomic Chair,Office Supplies,2,85.32,0.05,162.11,102.86,59.25
O004982,2025-12-21,C0011,West,Online,P0001,Wireless Earbuds,Electronics,5,46.85,0.1,210.82,120.9,89.92
O004983,2025-12-22,C0042,North,Online,P0006,Air Fryer,Home & Kitchen,5,298.69,0.0,1493.45,760.0,733.45
O004984,2025-12-22,C0001,South,Retail,P0013,Backpack,Apparel,1,282.71,0.05,268.57,200.74,67.83
O004985,2025-12-22,C0131,West,Wholesale,P0012,Denim Jacket,Apparel,1,97.06,0.05,92.21,56.82,35.39
O004986,2025-12-22,C0096,East,Retail,P0008,Cookware Set,Home & Kitchen,7,144.8,0.0,1013.6,483.63,529.97
O004987,2025-12-22,C0188,South,Retail,P0006,Air Fryer,Home & Kitchen,3,298.69,0.05,851.27,456.0,395.27
O004988,2025-12-22,C0156,West,Retail,P0004,Power Bank,Electronics,5,156.84,0.15,666.57,571.2,95.37
O004989,2025-12-22,C0329,East,Online,P0015,Wallet,Apparel,7,245.76,0.1,1548.29,1048.81,499.48
O004990,2025-12-23,C0073,North,Retail,P0008,Cookware Set,Home & Kitchen,7,144.8,0.1,912.24,483.63,428.61
O004991,2025-12-23,C0006,South,Retail,P0020,Monitor Arm,Office Supplies,3,193.94,0.1,523.64,388.2,135.44
O004992,2025-12-23,C0398,West,Retail,P0016,Ergonomic Chair,Office Supplies,3,85.32,0.0,255.96,154.29,101.67
O004993,2025-12-23,C0374,West,Retail,P0003,Bluetooth Speaker,Electronics,2,365.93,0.0,731.86,430.66,301.2
O004994,2025-12-23,C0256,North,Retail,P0003,Bluetooth Speaker,Electronics,7,365.93,0.1,2305.36,1507.31,798.05
O004995,2025-12-23,C0211,South,Wholesale,P0011,Running Shoes,Apparel,4,291.03,0.0,1164.12,541.28,622.84
O004996,2025-12-23,C0096,East,Retail,P0011,Running Shoes,Apparel,1,291.03,0.05,276.48,135.32,141.16
O004997,2025-12-23,C0302,North,Online,P0001,Wireless Earbuds,Electronics,4,46.85,0.0,187.4,96.72,90.68
O004998,2025-12-23,C0083,East,Retail,P0018,Notebook Set,Office Supplies,5,171.61,0.05,815.15,427.85,387.3
O004999,2025-12-23,C0081,West,Retail,P0005,Laptop Stand,Electronics,7,108.18,0.05,719.4,454.37,265.03
O005000,2025-12-24,C0113,South,Retail,P0014,Sunglasses,Apparel,7,226.65,0.0,1586.55,832.72,753.83
O005001,2025-12-24,C0116,South,Retail,P0014,Sunglasses,Apparel,5,226.65,0.0,1133.25,594.8,538.45
O005002,2025-12-24,C0148,North,Online,P0019,Desk Organizer,Office Supplies,4,260.68,0.0,1042.72,683.8,358.92
O005003,2025-12-24,C0179,East,Retail,P0008,Cookware Set,Home & Kitchen,7,144.8,0.0,1013.6,483.63,529.97
O005004,2025-12-24,C0265,South,Retail,P0012,Denim Jacket,Apparel,7,97.06,0.15,577.51,397.74,179.77
O005005,2025-12-24,C0012,North,Retail,P0020,Monitor Arm,Office Supplies,5,193.94,0.05,921.22,647.0,274.22
O005006,2025-12-24,C0184,West,Online,P0001,Wireless Earbuds,Electronics,6,46.85,0.05,267.04,145.08,121.96
O005007,2025-12-24,C0066,South,Retail,P0019,Desk Organizer,Office Supplies,3,260.68,0.05,742.94,512.85,230.09
O005008,2025-12-24,C0055,North,Retail,P0009,Vacuum Cleaner,Home & Kitchen,2,86.66,0.1,155.99,106.48,49.51
O005009,2025-12-25,C0275,East,Online,P0008,Cookware Set,Home & Kitchen,7,144.8,0.0,1013.6,483.63,529.97
O005010,2025-12-25,C0106,West,Retail,P0009,Vacuum Cleaner,Home & Kitchen,3,86.66,0.15,220.98,159.72,61.26
O005011,2025-12-25,C0343,East,Retail,P0018,Notebook Set,Office Supplies,1,171.61,0.15,145.87,85.57,60.3
O005012,2025-12-25,C0138,East,Retail,P0014,Sunglasses,Apparel,1,226.65,0.0,226.65,118.96,107.69
O005013,2025-12-25,C0104,South,Online,P0014,Sunglasses,Apparel,4,226.65,0.0,906.6,475.84,430.76
O005014,2025-12-25,C0115,West,Wholesale,P0012,Denim Jacket,Apparel,3,97.06,0.0,291.18,170.46,120.72
O005015,2025-12-25,C0188,South,Retail,P0007,Blender,Home & Kitchen,5,121.55,0.1,546.98,443.8,103.18
O005016,2025-12-25,C0134,East,Online,P0004,Power Bank,Electronics,4,156.84,0.0,627.36,456.96,170.4
O005017,2025-12-25,C0003,South,Online,P0013,Backpack,Apparel,5,282.71,0.1,1272.2,1003.7,268.5
O005018,2025-12-25,C0363,West,Wholesale,P0008,Cookware Set,Home & Kitchen,7,144.8,0.0,1013.6,483.63,529.97
O005019,2025-12-25,C0045,West,Retail,P0016,Ergonomic Chair,Office Supplies,5,85.32,0.15,362.61,257.15,105.46
O005020,2025-12-25,C0341,North,Online,P0017,Standing Desk,Office Supplies,2,143.29,0.15,243.59,173.9,69.69
O005021,2025-12-25,C0222,North,Retail,P0006,Air Fryer,Home & Kitchen,3,298.69,0.05,851.27,456.0,395.27
O005022,2025-12-25,C0166,South,Wholesale,P0009,Vacuum Cleaner,Home & Kitchen,5,86.66,0.0,433.3,266.2,167.1
O005023,2025-12-26,C0351,East,Online,P0001,Wireless Earbuds,Electronics,3,46.85,0.0,140.55,72.54,68.01
O005024,2025-12-26,C0247,North,Wholesale,P0019,Desk Organizer,Office Supplies,4,260.68,0.05,990.58,683.8,306.78
O005025,2025-12-26,C0218,East,Retail,P0019,Desk Organizer,Office Supplies,7,260.68,0.05,1733.52,1196.65,536.87
O005026,2025-12-26,C0129,South,Retail,P0004,Power Bank,Electronics,6,156.84,0.1,846.94,685.44,161.5
O005027,2025-12-26,C0365,North,Retail,P0010,Coffee Maker,Home & Kitchen,7,276.64,0.1,1742.83,1437.94,304.89
O005028,2025-12-26,C0202,North,Wholesale,P0005,Laptop Stand,Electronics,1,108.18,0.05,102.77,64.91,37.86
O005029,2025-12-26,C0180,South,Online,P0009,Vacuum Cleaner,Home & Kitchen,4,86.66,0.1,311.98,212.96,99.02
O005030,2025-12-26,C0378,East,Online,P0004,Power Bank,Electronics,1,156.84,0.0,156.84,114.24,42.6
O005031,2025-12-26,C0060,West,Retail,P0011,Running Shoes,Apparel,1,291.03,0.1,261.93,135.32,126.61
O005032,2025-12-26,C0194,North,Online,P0015,Wallet,Apparel,2,245.76,0.0,491.52,299.66,191.86
O005033,2025-12-26,C0084,East,Online,P0004,Power Bank,Electronics,3,156.84,0.15,399.94,342.72,57.22
O005034,2025-12-26,C0091,South,Retail,P0003,Bluetooth Speaker,Electronics,3,365.93,0.05,1042.9,645.99,396.91
O005035,2025-12-26,C0205,South,Wholesale,P0008,Cookware Set,Home & Kitchen,4,144.8,0.05,550.24,276.36,273.88
O005036,2025-12-26,C0066,South,Retail,P0008,Cookware Set,Home & Kitchen,7,144.8,0.05,962.92,483.63,479.29
O005037,2025-12-26,C0222,North,Retail,P0014,Sunglasses,Apparel,6,226.65,0.1,1223.91,713.76,510.15
O005038,2025-12-27,C0307,North,Online,P0008,Cookware Set,Home & Kitchen,5,144.8,0.0,724.0,345.45,378.55
O005039,2025-12-27,C0029,West,Online,P0008,Cookware Set,Home & Kitchen,1,144.8,0.1,130.32,69.09,61.23
O005040,2025-12-27,C0071,East,Retail,P0013,Backpack,Apparel,5,282.71,0.0,1413.55,1003.7,409.85
O005041,2025-12-27,C0232,South,Online,P0020,Monitor Arm,Office Supplies,1,193.94,0.0,193.94,129.4,64.54
O005042,2025-12-27,C0100,East,Retail,P0002,Smart Watch,Electronics,3,189.4,0.1,511.38,302.82,208.56
O005043,2025-12-27,C0089,West,Wholesale,P0019,Desk Organizer,Office Supplies,2,260.68,0.1,469.22,341.9,127.32
O005044,2025-12-27,C0044,East,Online,P0005,Laptop Stand,Electronics,1,108.18,0.1,97.36,64.91,32.45
O005045,2025-12-27,C0106,West,Retail,P0008,Cookware Set,Home & Kitchen,1,144.8,0.0,144.8,69.09,75.71
O005046,2025-12-27,C0250,South,Online,P0015,Wallet,Apparel,4,245.76,0.05,933.89,599.32,334.57
O005047,2025-12-27,C0038,West,Online,P0004,Power Bank,Electronics,7,156.84,0.0,1097.88,799.68,298.2
O005048,2025-12-27,C0026,West,Online,P0009,Vacuum Cleaner,Home & Kitchen,7,86.66,0.0,606.62,372.68,233.94
O005049,2025-12-27,C0236,North,Retail,P0004,Power Bank,Electronics,2,156.84,0.15,266.63,228.48,38.15
O005050,2025-12-28,C0092,East,Retail,P0019,Desk Organizer,Office Supplies,6,260.68,0.0,1564.08,1025.7,538.38
O005051,2025-12-28,C0121,North,Online,P0005,Laptop Stand,Electronics,6,108.18,0.1,584.17,389.46,194.71
O005052,2025-12-28,C0335,South,Retail,P0003,Bluetooth Speaker,Electronics,1,365.93,0.1,329.34,215.33,114.01
O005053,2025-12-28,C0091,South,Retail,P0005,Laptop Stand,Electronics,5,108.18,0.0,540.9,324.55,216.35
O005054,2025-12-28,C0017,South,Wholesale,P0017,Standing Desk,Office Supplies,2,143.29,0.1,257.92,173.9,84.02
O005055,2025-12-28,C0260,North,Retail,P0020,Monitor Arm,Office Supplies,1,193.94,0.0,193.94,129.4,64.54
O005056,2025-12-28,C0238,West,Wholesale,P0018,Notebook Set,Office Supplies,3,171.61,0.05,489.09,256.71,232.38
O005057,2025-12-28,C0281,West,Retail,P0018,Notebook Set,Office Supplies,7,171.61,0.2,961.02,598.99,362.03
O005058,2025-12-28,C0303,West,Retail,P0009,Vacuum Cleaner,Home & Kitchen,7,86.66,0.0,606.62,372.68,233.94
O005059,2025-12-28,C0184,West,Online,P0007,Blender,Home & Kitchen,6,121.55,0.1,656.37,532.56,123.81
O005060,2025-12-28,C0176,South,Online,P0015,Wallet,Apparel,7,245.76,0.0,1720.32,1048.81,671.51
O005061,2025-12-28,C0224,South,Wholesale,P0003,Bluetooth Speaker,Electronics,7,365.93,0.1,2305.36,1507.31,798.05
O005062,2025-12-29,C0334,South,Retail,P0010,Coffee Maker,Home & Kitchen,5,276.64,0.2,1106.56,1027.1,79.46
O005063,2025-12-29,C0233,North,Online,P0003,Bluetooth Speaker,Electronics,1,365.93,0.1,329.34,215.33,114.01
O005064,2025-12-29,C0278,East,Online,P0011,Running Shoes,Apparel,5,291.03,0.0,1455.15,676.6,778.55
O005065,2025-12-29,C0011,West,Online,P0008,Cookware Set,Home & Kitchen,2,144.8,0.05,275.12,138.18,136.94
O005066,2025-12-29,C0092,East,Retail,P0013,Backpack,Apparel,4,282.71,0.15,961.21,802.96,158.25
O005067,2025-12-29,C0131,West,Wholesale,P0010,Coffee Maker,Home & Kitchen,3,276.64,0.1,746.93,616.26,130.67
O005068,2025-12-29,C0173,South,Online,P0015,Wallet,Apparel,1,245.76,0.15,208.9,149.83,59.07
O005069,2025-12-29,C0276,South,Wholesale,P0002,Smart Watch,Electronics,4,189.4,0.0,757.6,403.76,353.84
O005070,2025-12-29,C0399,South,Online,P0004,Power Bank,Electronics,2,156.84,0.0,313.68,228.48,85.2
O005071,2025-12-29,C0336,South,Wholesale,P0012,Denim Jacket,Apparel,2,97.06,0.0,194.12,113.64,80.48
O005072,2025-12-29,C0130,North,Online,P0004,Power Bank,Electronics,5,156.84,0.05,744.99,571.2,173.79
O005073,2025-12-29,C0030,North,Online,P0017,Standing Desk,Office Supplies,1,143.29,0.05,136.13,86.95,49.18
O005074,2025-12-29,C0002,East,Retail,P0012,Denim Jacket,Apparel,4,97.06,0.15,330.0,227.28,102.72
O005075,2025-12-29,C0098,West,Wholesale,P0011,Running Shoes,Apparel,4,291.03,0.1,1047.71,541.28,506.43
O005076,2025-12-30,C0232,South,Online,P0017,Standing Desk,Office Supplies,3,143.29,0.05,408.38,260.85,147.53
O005077,2025-12-30,C0153,North,Online,P0004,Power Bank,Electronics,6,156.84,0.15,799.88,685.44,114.44
O005078,2025-12-30,C0387,East,Retail,P0012,Denim Jacket,Apparel,1,97.06,0.1,87.35,56.82,30.53
O005079,2025-12-30,C0258,West,Retail,P0011,Running Shoes,Apparel,5,291.03,0.05,1382.39,676.6,705.79
O005080,2025-12-30,C0203,West,Online,P0016,Ergonomic Chair,Office Supplies,7,85.32,0.05,567.38,360.01,207.37
O005081,2025-12-30,C0061,North,Online,P0006,Air Fryer,Home & Kitchen,1,298.69,0.0,298.69,152.0,146.69
O005082,2025-12-30,C0161,North,Online,P0012,Denim Jacket,Apparel,2,97.06,0.0,194.12,113.64,80.48
O005083,2025-12-31,C0041,North,Wholesale,P0007,Blender,Home & Kitchen,3,121.55,0.05,346.42,266.28,80.14
O005084,2025-12-31,C0005,North,Online,P0003,Bluetooth Speaker,Electronics,3,365.93,0.0,1097.79,645.99,451.8
O005085,2025-12-31,C0374,West,Retail,P0017,Standing Desk,Office Supplies,6,143.29,0.1,773.77,521.7,252.07
O005086,2025-12-31,C0057,East,Retail,P0011,Running Shoes,Apparel,6,291.03,0.15,1484.25,811.92,672.33
O005087,2025-12-31,C0268,West,Retail,P0004,Power Bank,Electronics,1,156.84,0.0,156.84,114.24,42.6
O005088,2025-12-31,C0210,East,Wholesale,P0007,Blender,Home & Kitchen,2,121.55,0.1,218.79,177.52,41.27
O005089,2026-01-01,C0063,West,Online,P0017,Standing Desk,Office Supplies,6,143.29,0.0,859.74,521.7,338.04
O005090,2026-01-01,C0260,North,Retail,P0016,Ergonomic Chair,Office Supplies,5,85.32,0.15,362.61,257.15,105.46
O005091,2026-01-01,C0346,South,Online,P0004,Power Bank,Electronics,7,156.84,0.0,1097.88,799.68,298.2
O005092,2026-01-01,C0251,East,Online,P0007,Blender,Home & Kitchen,6,121.55,0.0,729.3,532.56,196.74
O005093,2026-01-01,C0152,East,Online,P0011,Running Shoes,Apparel,1,291.03,0.1,261.93,135.32,126.61
O005094,2026-01-02,C0129,South,Retail,P0016,Ergonomic Chair,Office Supplies,6,85.32,0.05,486.32,308.58,177.74
O005095,2026-01-02,C0086,West,Online,P0017,Standing Desk,Office Supplies,5,143.29,0.0,716.45,434.75,281.7
O005096,2026-01-02,C0027,North,Online,P0008,Cookware Set,Home & Kitchen,3,144.8,0.0,434.4,207.27,227.13
O005097,2026-01-02,C0331,North,Online,P0009,Vacuum Cleaner,Home & Kitchen,7,86.66,0.0,606.62,372.68,233.94
O005098,2026-01-03,C0065,North,Retail,P0008,Cookware Set,Home & Kitchen,5,144.8,0.1,651.6,345.45,306.15
O005099,2026-01-03,C0041,North,Wholesale,P0002,Smart Watch,Electronics,4,189.4,0.05,719.72,403.76,315.96
O005100,2026-01-03,C0387,East,Retail,P0007,Blender,Home & Kitchen,5,121.55,0.1,546.98,443.8,103.18
O005101,2026-01-03,C0330,South,Retail,P0008,Cookware Set,Home & Kitchen,7,144.8,0.05,962.92,483.63,479.29
O005102,2026-01-03,C0198,South,Online,P0013,Backpack,Apparel,3,282.71,0.05,805.72,602.22,203.5
O005103,2026-01-03,C0035,North,Retail,P0016,Ergonomic Chair,Office Supplies,3,85.32,0.2,204.77,154.29,50.48
O005104,2026-01-03,C0347,South,Online,P0020,Monitor Arm,Office Supplies,1,193.94,0.05,184.24,129.4,54.84
O005105,2026-01-03,C0010,East,Online,P0001,Wireless Earbuds,Electronics,6,46.85,0.05,267.04,145.08,121.96
O005106,2026-01-03,C0384,West,Online,P0004,Power Bank,Electronics,4,156.84,0.0,627.36,456.96,170.4
O005107,2026-01-03,C0051,East,Retail,P0008,Cookware Set,Home & Kitchen,6,144.8,0.0,868.8,414.54,454.26
O005108,2026-01-04,C0297,East,Online,P0008,Cookware Set,Home & Kitchen,1,144.8,0.0,144.8,69.09,75.71
O005109,2026-01-04,C0039,North,Retail,P0003,Bluetooth Speaker,Electronics,7,365.93,0.1,2305.36,1507.31,798.05
O005110,2026-01-04,C0334,South,Retail,P0019,Desk Organizer,Office Supplies,1,260.68,0.1,234.61,170.95,63.66
O005111,2026-01-04,C0062,West,Wholesale,P0002,Smart Watch,Electronics,2,189.4,0.05,359.86,201.88,157.98
O005112,2026-01-04,C0358,East,Online,P0013,Backpack,Apparel,3,282.71,0.05,805.72,602.22,203.5
O005113,2026-01-04,C0239,West,Online,P0003,Bluetooth Speaker,Electronics,4,365.93,0.0,1463.72,861.32,602.4
O005114,2026-01-04,C0003,South,Online,P0001,Wireless Earbuds,Electronics,4,46.85,0.05,178.03,96.72,81.31
O005115,2026-01-04,C0206,South,Retail,P0002,Smart Watch,Electronics,1,189.4,0.1,170.46,100.94,69.52
O005116,2026-01-05,C0113,South,Retail,P0010,Coffee Maker,Home & Kitchen,7,276.64,0.0,1936.48,1437.94,498.54
O005117,2026-01-05,C0332,North,Wholesale,P0008,Cookware Set,Home & Kitchen,1,144.8,0.0,144.8,69.09,75.71
O005118,2026-01-05,C0028,South,Wholesale,P0018,Notebook Set,Office Supplies,2,171.61,0.05,326.06,171.14,154.92
O005119,2026-01-05,C0256,North,Retail,P0015,Wallet,Apparel,7,245.76,0.0,1720.32,1048.81,671.51
O005120,2026-01-05,C0032,West,Retail,P0007,Blender,Home & Kitchen,3,121.55,0.0,364.65,266.28,98.37
O005121,2026-01-05,C0064,East,Online,P0016,Ergonomic Chair,Office Supplies,2,85.32,0.15,145.04,102.86,42.18
O005122,2026-01-06,C0315,East,Online,P0009,Vacuum Cleaner,Home & Kitchen,4,86.66,0.15,294.64,212.96,81.68
O005123,2026-01-06,C0249,South,Online,P0014,Sunglasses,Apparel,4,226.65,0.05,861.27,475.84,385.43
O005124,2026-01-06,C0260,North,Retail,P0001,Wireless Earbuds,Electronics,4,46.85,0.0,187.4,96.72,90.68
O005125,2026-01-06,C0027,North,Online,P0011,Running Shoes,Apparel,7,291.03,0.0,2037.21,947.24,1089.97
O005126,2026-01-06,C0002,East,Retail,P0002,Smart Watch,Electronics,1,189.4,0.0,189.4,100.94,88.46
O005127,2026-01-06,C0261,South,Wholesale,P0002,Smart Watch,Electronics,2,189.4,0.05,359.86,201.88,157.98
O005128,2026-01-06,C0010,East,Online,P0014,Sunglasses,Apparel,3,226.65,0.0,679.95,356.88,323.07
O005129,2026-01-06,C0090,West,Retail,P0010,Coffee Maker,Home & Kitchen,7,276.64,0.05,1839.66,1437.94,401.72
O005130,2026-01-06,C0054,North,Retail,P0019,Desk Organizer,Office Supplies,5,260.68,0.05,1238.23,854.75,383.48
O005131,2026-01-07,C0344,South,Wholesale,P0016,Ergonomic Chair,Office Supplies,5,85.32,0.0,426.6,257.15,169.45
O005132,2026-01-07,C0081,West,Retail,P0017,Standing Desk,Office Supplies,6,143.29,0.15,730.78,521.7,209.08
O005133,2026-01-07,C0333,South,Online,P0019,Desk Organizer,Office Supplies,5,260.68,0.0,1303.4,854.75,448.65
O005134,2026-01-07,C0140,South,Online,P0008,Cookware Set,Home & Kitchen,5,144.8,0.0,724.0,345.45,378.55
O005135,2026-01-07,C0192,West,Online,P0009,Vacuum Cleaner,Home & Kitchen,4,86.66,0.0,346.64,212.96,133.68
O005136,2026-01-07,C0004,South,Online,P0011,Running Shoes,Apparel,7,291.03,0.05,1935.35,947.24,988.11
O005137,2026-01-07,C0234,North,Retail,P0008,Cookware Set,Home & Kitchen,7,144.8,0.0,1013.6,483.63,529.97
O005138,2026-01-07,C0029,West,Online,P0012,Denim Jacket,Apparel,2,97.06,0.0,194.12,113.64,80.48
O005139,2026-01-07,C0239,West,Online,P0015,Wallet,Apparel,4,245.76,0.0,983.04,599.32,383.72
O005140,2026-01-07,C0011,West,Online,P0019,Desk Organizer,Office Supplies,5,260.68,0.0,1303.4,854.75,448.65
O005141,2026-01-08,C0046,North,Online,P0016,Ergonomic Chair,Office Supplies,4,85.32,0.0,341.28,205.72,135.56
O005142,2026-01-08,C0225,South,Wholesale,P0009,Vacuum Cleaner,Home & Kitchen,4,86.66,0.05,329.31,212.96,116.35
O005143,2026-01-08,C0316,West,Retail,P0012,Denim Jacket,Apparel,6,97.06,0.05,553.24,340.92,212.32
O005144,2026-01-08,C0190,East,Retail,P0007,Blender,Home & Kitchen,6,121.55,0.1,656.37,532.56,123.81
O005145,2026-01-08,C0269,North,Online,P0019,Desk Organizer,Office Supplies,7,260.68,0.05,1733.52,1196.65,536.87
O005146,2026-01-09,C0138,East,Retail,P0010,Coffee Maker,Home & Kitchen,3,276.64,0.1,746.93,616.26,130.67
O005147,2026-01-09,C0078,South,Wholesale,P0011,Running Shoes,Apparel,3,291.03,0.0,873.09,405.96,467.13
O005148,2026-01-09,C0187,West,Online,P0019,Desk Organizer,Office Supplies,1,260.68,0.1,234.61,170.95,63.66
O005149,2026-01-10,C0237,South,Online,P0019,Desk Organizer,Office Supplies,6,260.68,0.0,1564.08,1025.7,538.38
O005150,2026-01-10,C0380,West,Wholesale,P0001,Wireless Earbuds,Electronics,1,46.85,0.0,46.85,24.18,22.67
O005151,2026-01-10,C0060,West,Retail,P0020,Monitor Arm,Office Supplies,2,193.94,0.15,329.7,258.8,70.9
O005152,2026-01-10,C0252,West,Retail,P0013,Backpack,Apparel,2,282.71,0.0,565.42,401.48,163.94
O005153,2026-01-11,C0210,East,Wholesale,P0006,Air Fryer,Home & Kitchen,7,298.69,0.1,1881.75,1064.0,817.75
O005154,2026-01-11,C0400,South,Online,P0009,Vacuum Cleaner,Home & Kitchen,3,86.66,0.15,220.98,159.72,61.26
O005155,2026-01-11,C0174,West,Retail,P0007,Blender,Home & Kitchen,2,121.55,0.15,206.64,177.52,29.12
O005156,2026-01-11,C0063,West,Online,P0004,Power Bank,Electronics,1,156.84,0.05,149.0,114.24,34.76
O005157,2026-01-11,C0332,North,Wholesale,P0011,Running Shoes,Apparel,7,291.03,0.0,2037.21,947.24,1089.97
O005158,2026-01-11,C0340,South,Online,P0018,Notebook Set,Office Supplies,1,171.61,0.2,137.29,85.57,51.72
O005159,2026-01-11,C0060,West,Retail,P0005,Laptop Stand,Electronics,1,108.18,0.15,91.95,64.91,27.04
O005160,2026-01-11,C0140,South,Online,P0015,Wallet,Apparel,7,245.76,0.1,1548.29,1048.81,499.48
O005161,2026-01-11,C0250,South,Online,P0015,Wallet,Apparel,1,245.76,0.0,245.76,149.83,95.93
O005162,2026-01-12,C0255,West,Retail,P0005,Laptop Stand,Electronics,4,108.18,0.0,432.72,259.64,173.08
O005163,2026-01-12,C0159,West,Retail,P0005,Laptop Stand,Electronics,4,108.18,0.0,432.72,259.64,173.08
O005164,2026-01-12,C0123,West,Retail,P0020,Monitor Arm,Office Supplies,6,193.94,0.0,1163.64,776.4,387.24
O005165,2026-01-12,C0143,North,Wholesale,P0002,Smart Watch,Electronics,6,189.4,0.1,1022.76,605.64,417.12
O005166,2026-01-12,C0343,East,Retail,P0003,Bluetooth Speaker,Electronics,5,365.93,0.15,1555.2,1076.65,478.55
O005167,2026-01-12,C0233,North,Online,P0015,Wallet,Apparel,2,245.76,0.05,466.94,299.66,167.28
O005168,2026-01-13,C0348,North,Wholesale,P0003,Bluetooth Speaker,Electronics,7,365.93,0.15,2177.28,1507.31,669.97
O005169,2026-01-13,C0108,North,Online,P0003,Bluetooth Speaker,Electronics,2,365.93,0.0,731.86,430.66,301.2
O005170,2026-01-13,C0280,North,Retail,P0004,Power Bank,Electronics,6,156.84,0.0,941.04,685.44,255.6
O005171,2026-01-13,C0285,South,Retail,P0014,Sunglasses,Apparel,3,226.65,0.2,543.96,356.88,187.08
O005172,2026-01-13,C0136,South,Online,P0014,Sunglasses,Apparel,6,226.65,0.0,1359.9,713.76,646.14
O005173,2026-01-13,C0208,West,Online,P0006,Air Fryer,Home & Kitchen,2,298.69,0.1,537.64,304.0,233.64
O005174,2026-01-13,C0113,South,Retail,P0011,Running Shoes,Apparel,1,291.03,0.0,291.03,135.32,155.71
O005175,2026-01-13,C0384,West,Online,P0002,Smart Watch,Electronics,3,189.4,0.05,539.79,302.82,236.97
O005176,2026-01-13,C0338,East,Retail,P0005,Laptop Stand,Electronics,2,108.18,0.1,194.72,129.82,64.9
O005177,2026-01-14,C0127,North,Retail,P0018,Notebook Set,Office Supplies,3,171.61,0.1,463.35,256.71,206.64
O005178,2026-01-14,C0125,North,Retail,P0003,Bluetooth Speaker,Electronics,7,365.93,0.05,2433.43,1507.31,926.12
O005179,2026-01-14,C0183,West,Retail,P0002,Smart Watch,Electronics,4,189.4,0.15,643.96,403.76,240.2
O005180,2026-01-14,C0217,West,Online,P0016,Ergonomic Chair,Office Supplies,1,85.32,0.05,81.05,51.43,29.62
O005181,2026-01-14,C0173,South,Online,P0017,Standing Desk,Office Supplies,5,143.29,0.0,716.45,434.75,281.7
O005182,2026-01-15,C0364,West,Retail,P0016,Ergonomic Chair,Office Supplies,6,85.32,0.15,435.13,308.58,126.55
O005183,2026-01-15,C0238,West,Wholesale,P0004,Power Bank,Electronics,7,156.84,0.2,878.3,799.68,78.62
O005184,2026-01-15,C0358,East,Online,P0004,Power Bank,Electronics,7,156.84,0.05,1042.99,799.68,243.31
O005185,2026-01-15,C0272,West,Retail,P0015,Wallet,Apparel,6,245.76,0.05,1400.83,898.98,501.85
O005186,2026-01-15,C0176,South,Online,P0008,Cookware Set,Home & Kitchen,4,144.8,0.1,521.28,276.36,244.92
O005187,2026-01-16,C0257,South,Retail,P0018,Notebook Set,Office Supplies,3,171.61,0.15,437.61,256.71,180.9
O005188,2026-01-16,C0066,South,Retail,P0003,Bluetooth Speaker,Electronics,5,365.93,0.1,1646.69,1076.65,570.04
O005189,2026-01-16,C0295,South,Online,P0014,Sunglasses,Apparel,3,226.65,0.0,679.95,356.88,323.07
O005190,2026-01-16,C0286,West,Online,P0013,Backpack,Apparel,5,282.71,0.0,1413.55,1003.7,409.85
O005191,2026-01-16,C0027,North,Online,P0013,Backpack,Apparel,5,282.71,0.05,1342.87,1003.7,339.17
O005192,2026-01-16,C0126,North,Retail,P0006,Air Fryer,Home & Kitchen,3,298.69,0.0,896.07,456.0,440.07
O005193,2026-01-16,C0082,West,Online,P0020,Monitor Arm,Office Supplies,4,193.94,0.0,775.76,517.6,258.16
O005194,2026-01-16,C0309,West,Retail,P0016,Ergonomic Chair,Office Supplies,2,85.32,0.0,170.64,102.86,67.78
O005195,2026-01-16,C0140,South,Online,P0011,Running Shoes,Apparel,2,291.03,0.2,465.65,270.64,195.01
O005196,2026-01-17,C0313,North,Retail,P0018,Notebook Set,Office Supplies,3,171.61,0.0,514.83,256.71,258.12
O005197,2026-01-17,C0044,East,Online,P0001,Wireless Earbuds,Electronics,5,46.85,0.05,222.54,120.9,101.64
O005198,2026-01-17,C0126,North,Retail,P0007,Blender,Home & Kitchen,1,121.55,0.0,121.55,88.76,32.79
O005199,2026-01-17,C0372,West,Wholesale,P0016,Ergonomic Chair,Office Supplies,2,85.32,0.05,162.11,102.86,59.25
O005200,2026-01-17,C0333,South,Online,P0005,Laptop Stand,Electronics,2,108.18,0.0,216.36,129.82,86.54
O005201,2026-01-17,C0306,South,Online,P0008,Cookware Set,Home & Kitchen,3,144.8,0.05,412.68,207.27,205.41
O005202,2026-01-17,C0308,East,Retail,P0016,Ergonomic Chair,Office Supplies,4,85.32,0.1,307.15,205.72,101.43
O005203,2026-01-17,C0244,East,Online,P0014,Sunglasses,Apparel,3,226.65,0.15,577.96,356.88,221.08
O005204,2026-01-17,C0304,South,Online,P0015,Wallet,Apparel,6,245.76,0.1,1327.1,898.98,428.12
O005205,2026-01-17,C0067,West,Retail,P0018,Notebook Set,Office Supplies,2,171.61,0.15,291.74,171.14,120.6
O005206,2026-01-17,C0235,South,Wholesale,P0020,Monitor Arm,Office Supplies,2,193.94,0.0,387.88,258.8,129.08
O005207,2026-01-18,C0055,North,Retail,P0019,Desk Organizer,Office Supplies,6,260.68,0.1,1407.67,1025.7,381.97
O005208,2026-01-18,C0396,South,Retail,P0004,Power Bank,Electronics,6,156.84,0.0,941.04,685.44,255.6
O005209,2026-01-18,C0020,South,Retail,P0002,Smart Watch,Electronics,5,189.4,0.05,899.65,504.7,394.95
O005210,2026-01-18,C0111,West,Retail,P0010,Coffee Maker,Home & Kitchen,2,276.64,0.05,525.62,410.84,114.78
O005211,2026-01-18,C0328,West,Online,P0015,Wallet,Apparel,2,245.76,0.05,466.94,299.66,167.28
O005212,2026-01-18,C0375,East,Retail,P0016,Ergonomic Chair,Office Supplies,6,85.32,0.15,435.13,308.58,126.55
O005213,2026-01-18,C0073,North,Retail,P0003,Bluetooth Speaker,Electronics,3,365.93,0.0,1097.79,645.99,451.8
O005214,2026-01-19,C0092,East,Retail,P0014,Sunglasses,Apparel,3,226.65,0.0,679.95,356.88,323.07
O005215,2026-01-19,C0141,North,Online,P0019,Desk Organizer,Office Supplies,4,260.68,0.0,1042.72,683.8,358.92
O005216,2026-01-19,C0256,North,Retail,P0008,Cookware Set,Home & Kitchen,4,144.8,0.05,550.24,276.36,273.88
O005217,2026-01-19,C0250,South,Online,P0010,Coffee Maker,Home & Kitchen,2,276.64,0.0,553.28,410.84,142.44
O005218,2026-01-19,C0245,West,Wholesale,P0012,Denim Jacket,Apparel,2,97.06,0.0,194.12,113.64,80.48
O005219,2026-01-20,C0329,East,Online,P0009,Vacuum Cleaner,Home & Kitchen,1,86.66,0.1,77.99,53.24,24.75
O005220,2026-01-20,C0046,North,Online,P0004,Power Bank,Electronics,2,156.84,0.1,282.31,228.48,53.83
O005221,2026-01-20,C0109,East,Online,P0019,Desk Organizer,Office Supplies,4,260.68,0.05,990.58,683.8,306.78
O005222,2026-01-20,C0246,East,Retail,P0016,Ergonomic Chair,Office Supplies,4,85.32,0.1,307.15,205.72,101.43
O005223,2026-01-20,C0072,East,Retail,P0007,Blender,Home & Kitchen,6,121.55,0.15,619.9,532.56,87.34
O005224,2026-01-21,C0276,South,Wholesale,P0003,Bluetooth Speaker,Electronics,2,365.93,0.1,658.67,430.66,228.01
O005225,2026-01-21,C0105,East,Wholesale,P0010,Coffee Maker,Home & Kitchen,1,276.64,0.0,276.64,205.42,71.22
O005226,2026-01-21,C0016,West,Retail,P0006,Air Fryer,Home & Kitchen,1,298.69,0.05,283.76,152.0,131.76
O005227,2026-01-21,C0370,North,Wholesale,P0014,Sunglasses,Apparel,2,226.65,0.05,430.64,237.92,192.72
O005228,2026-01-21,C0171,East,Retail,P0017,Standing Desk,Office Supplies,4,143.29,0.0,573.16,347.8,225.36
O005229,2026-01-21,C0385,East,Retail,P0002,Smart Watch,Electronics,5,189.4,0.1,852.3,504.7,347.6
O005230,2026-01-21,C0010,East,Online,P0010,Coffee Maker,Home & Kitchen,1,276.64,0.05,262.81,205.42,57.39
O005231,2026-01-21,C0185,North,Retail,P0010,Coffee Maker,Home & Kitchen,5,276.64,0.0,1383.2,1027.1,356.1
O005232,2026-01-22,C0390,West,Online,P0018,Notebook Set,Office Supplies,2,171.61,0.1,308.9,171.14,137.76
O005233,2026-01-22,C0173,South,Online,P0004,Power Bank,Electronics,4,156.84,0.05,595.99,456.96,139.03
O005234,2026-01-22,C0070,North,Wholesale,P0001,Wireless Earbuds,Electronics,5,46.85,0.0,234.25,120.9,113.35
O005235,2026-01-22,C0342,North,Wholesale,P0020,Monitor Arm,Office Supplies,2,193.94,0.0,387.88,258.8,129.08
O005236,2026-01-22,C0325,West,Wholesale,P0006,Air Fryer,Home & Kitchen,3,298.69,0.0,896.07,456.0,440.07
O005237,2026-01-22,C0112,North,Online,P0020,Monitor Arm,Office Supplies,5,193.94,0.1,872.73,647.0,225.73
O005238,2026-01-22,C0003,South,Online,P0014,Sunglasses,Apparel,5,226.65,0.0,1133.25,594.8,538.45
O005239,2026-01-23,C0221,West,Online,P0001,Wireless Earbuds,Electronics,6,46.85,0.05,267.04,145.08,121.96
O005240,2026-01-23,C0146,West,Wholesale,P0005,Laptop Stand,Electronics,6,108.18,0.2,519.26,389.46,129.8
O005241,2026-01-23,C0301,East,Retail,P0015,Wallet,Apparel,6,245.76,0.15,1253.38,898.98,354.4
O005242,2026-01-23,C0098,West,Wholesale,P0014,Sunglasses,Apparel,7,226.65,0.1,1427.9,832.72,595.18
O005243,2026-01-23,C0299,North,Retail,P0001,Wireless Earbuds,Electronics,5,46.85,0.05,222.54,120.9,101.64
O005244,2026-01-23,C0395,West,Wholesale,P0005,Laptop Stand,Electronics,5,108.18,0.1,486.81,324.55,162.26
O005245,2026-01-24,C0317,South,Retail,P0009,Vacuum Cleaner,Home & Kitchen,6,86.66,0.05,493.96,319.44,174.52
O005246,2026-01-24,C0236,North,Retail,P0004,Power Bank,Electronics,4,156.84,0.0,627.36,456.96,170.4
O005247,2026-01-24,C0359,North,Retail,P0019,Desk Organizer,Office Supplies,5,260.68,0.0,1303.4,854.75,448.65
O005248,2026-01-24,C0018,West,Wholesale,P0007,Blender,Home & Kitchen,1,121.55,0.0,121.55,88.76,32.79
O005249,2026-01-24,C0248,North,Retail,P0019,Desk Organizer,Office Supplies,6,260.68,0.05,1485.88,1025.7,460.18
O005250,2026-01-24,C0393,North,Retail,P0015,Wallet,Apparel,3,245.76,0.05,700.42,449.49,250.93
O005251,2026-01-25,C0112,North,Online,P0012,Denim Jacket,Apparel,1,97.06,0.15,82.5,56.82,25.68
O005252,2026-01-25,C0371,East,Wholesale,P0008,Cookware Set,Home & Kitchen,1,144.8,0.2,115.84,69.09,46.75
O005253,2026-01-25,C0113,South,Retail,P0003,Bluetooth Speaker,Electronics,3,365.93,0.0,1097.79,645.99,451.8
O005254,2026-01-25,C0398,West,Retail,P0003,Bluetooth Speaker,Electronics,4,365.93,0.0,1463.72,861.32,602.4
O005255,2026-01-25,C0037,East,Wholesale,P0001,Wireless Earbuds,Electronics,3,46.85,0.15,119.47,72.54,46.93
O005256,2026-01-25,C0233,North,Online,P0009,Vacuum Cleaner,Home & Kitchen,1,86.66,0.0,86.66,53.24,33.42
O005257,2026-01-25,C0287,North,Wholesale,P0004,Power Bank,Electronics,2,156.84,0.0,313.68,228.48,85.2
O005258,2026-01-26,C0197,East,Retail,P0019,Desk Organizer,Office Supplies,1,260.68,0.0,260.68,170.95,89.73
O005259,2026-01-26,C0243,West,Wholesale,P0001,Wireless Earbuds,Electronics,2,46.85,0.0,93.7,48.36,45.34
O005260,2026-01-26,C0195,South,Retail,P0014,Sunglasses,Apparel,6,226.65,0.05,1291.9,713.76,578.14
O005261,2026-01-26,C0277,North,Retail,P0014,Sunglasses,Apparel,3,226.65,0.0,679.95,356.88,323.07
O005262,2026-01-27,C0035,North,Retail,P0001,Wireless Earbuds,Electronics,6,46.85,0.1,252.99,145.08,107.91
O005263,2026-01-27,C0372,West,Wholesale,P0013,Backpack,Apparel,2,282.71,0.05,537.15,401.48,135.67
O005264,2026-01-27,C0211,South,Wholesale,P0017,Standing Desk,Office Supplies,4,143.29,0.0,573.16,347.8,225.36
O005265,2026-01-27,C0302,North,Online,P0002,Smart Watch,Electronics,4,189.4,0.0,757.6,403.76,353.84
O005266,2026-01-27,C0055,North,Retail,P0015,Wallet,Apparel,1,245.76,0.15,208.9,149.83,59.07
O005267,2026-01-27,C0390,West,Online,P0020,Monitor Arm,Office Supplies,2,193.94,0.1,349.09,258.8,90.29
O005268,2026-01-28,C0009,North,Online,P0006,Air Fryer,Home & Kitchen,3,298.69,0.0,896.07,456.0,440.07
O005269,2026-01-28,C0022,South,Online,P0016,Ergonomic Chair,Office Supplies,2,85.32,0.05,162.11,102.86,59.25
O005270,2026-01-29,C0006,South,Retail,P0017,Standing Desk,Office Supplies,1,143.29,0.2,114.63,86.95,27.68
O005271,2026-01-29,C0085,East,Retail,P0017,Standing Desk,Office Supplies,6,143.29,0.0,859.74,521.7,338.04
O005272,2026-01-29,C0107,East,Retail,P0010,Coffee Maker,Home & Kitchen,4,276.64,0.1,995.9,821.68,174.22
O005273,2026-01-29,C0194,North,Online,P0005,Laptop Stand,Electronics,3,108.18,0.1,292.09,194.73,97.36
O005274,2026-01-29,C0019,North,Retail,P0009,Vacuum Cleaner,Home & Kitchen,1,86.66,0.05,82.33,53.24,29.09
O005275,2026-01-29,C0241,East,Retail,P0013,Backpack,Apparel,1,282.71,0.1,254.44,200.74,53.7
O005276,2026-01-30,C0343,East,Retail,P0005,Laptop Stand,Electronics,1,108.18,0.05,102.77,64.91,37.86
O005277,2026-01-30,C0378,East,Online,P0018,Notebook Set,Office Supplies,3,171.61,0.05,489.09,256.71,232.38
O005278,2026-01-30,C0165,East,Retail,P0015,Wallet,Apparel,3,245.76,0.0,737.28,449.49,287.79
O005279,2026-01-30,C0345,East,Retail,P0013,Backpack,Apparel,7,282.71,0.0,1978.97,1405.18,573.79
O005280,2026-01-30,C0294,West,Retail,P0016,Ergonomic Chair,Office Supplies,2,85.32,0.0,170.64,102.86,67.78
O005281,2026-01-30,C0044,East,Online,P0006,Air Fryer,Home & Kitchen,7,298.69,0.0,2090.83,1064.0,1026.83
O005282,2026-01-30,C0138,East,Retail,P0012,Denim Jacket,Apparel,7,97.06,0.1,611.48,397.74,213.74
O005283,2026-01-30,C0272,West,Retail,P0004,Power Bank,Electronics,1,156.84,0.0,156.84,114.24,42.6
O005284,2026-01-31,C0067,West,Retail,P0014,Sunglasses,Apparel,2,226.65,0.0,453.3,237.92,215.38
O005285,2026-01-31,C0014,West,Online,P0002,Smart Watch,Electronics,1,189.4,0.0,189.4,100.94,88.46
O005286,2026-01-31,C0341,North,Online,P0019,Desk Organizer,Office Supplies,7,260.68,0.0,1824.76,1196.65,628.11
O005287,2026-01-31,C0247,North,Wholesale,P0001,Wireless Earbuds,Electronics,5,46.85,0.05,222.54,120.9,101.64
O005288,2026-01-31,C0057,East,Retail,P0007,Blender,Home & Kitchen,6,121.55,0.05,692.83,532.56,160.27
O005289,2026-01-31,C0394,West,Retail,P0009,Vacuum Cleaner,Home & Kitchen,6,86.66,0.0,519.96,319.44,200.52
O005290,2026-01-31,C0292,East,Retail,P0004,Power Bank,Electronics,2,156.84,0.05,298.0,228.48,69.52
O005291,2026-01-31,C0123,West,Retail,P0008,Cookware Set,Home & Kitchen,1,144.8,0.0,144.8,69.09,75.71
O005292,2026-01-31,C0116,South,Retail,P0006,Air Fryer,Home & Kitchen,2,298.69,0.1,537.64,304.0,233.64
O005293,2026-01-31,C0037,East,Wholesale,P0010,Coffee Maker,Home & Kitchen,2,276.64,0.0,553.28,410.84,142.44
O005294,2026-01-31,C0058,North,Retail,P0011,Running Shoes,Apparel,3,291.03,0.1,785.78,405.96,379.82
O005295,2026-01-31,C0365,North,Retail,P0015,Wallet,Apparel,5,245.76,0.05,1167.36,749.15,418.21
O005296,2026-02-01,C0350,East,Online,P0009,Vacuum Cleaner,Home & Kitchen,2,86.66,0.2,138.66,106.48,32.18
O005297,2026-02-01,C0392,North,Online,P0008,Cookware Set,Home & Kitchen,3,144.8,0.05,412.68,207.27,205.41
O005298,2026-02-01,C0108,North,Online,P0010,Coffee Maker,Home & Kitchen,2,276.64,0.0,553.28,410.84,142.44
O005299,2026-02-01,C0168,South,Retail,P0013,Backpack,Apparel,4,282.71,0.2,904.67,802.96,101.71
O005300,2026-02-02,C0281,West,Retail,P0004,Power Bank,Electronics,3,156.84,0.0,470.52,342.72,127.8
O005301,2026-02-02,C0019,North,Retail,P0017,Standing Desk,Office Supplies,7,143.29,0.1,902.73,608.65,294.08
O005302,2026-02-03,C0400,South,Online,P0011,Running Shoes,Apparel,6,291.03,0.05,1658.87,811.92,846.95
O005303,2026-02-03,C0351,East,Online,P0013,Backpack,Apparel,6,282.71,0.05,1611.45,1204.44,407.01
O005304,2026-02-03,C0208,West,Online,P0018,Notebook Set,Office Supplies,4,171.61,0.0,686.44,342.28,344.16
O005305,2026-02-03,C0328,West,Online,P0004,Power Bank,Electronics,4,156.84,0.15,533.26,456.96,76.3
O005306,2026-02-03,C0005,North,Online,P0004,Power Bank,Electronics,7,156.84,0.0,1097.88,799.68,298.2
O005307,2026-02-04,C0146,West,Wholesale,P0017,Standing Desk,Office Supplies,6,143.29,0.05,816.75,521.7,295.05
O005308,2026-02-04,C0291,East,Online,P0010,Coffee Maker,Home & Kitchen,3,276.64,0.0,829.92,616.26,213.66
O005309,2026-02-04,C0296,North,Wholesale,P0018,Notebook Set,Office Supplies,5,171.61,0.1,772.25,427.85,344.4
O005310,2026-02-04,C0165,East,Retail,P0018,Notebook Set,Office Supplies,5,171.61,0.1,772.25,427.85,344.4
O005311,2026-02-04,C0325,West,Wholesale,P0005,Laptop Stand,Electronics,6,108.18,0.05,616.63,389.46,227.17
O005312,2026-02-04,C0227,West,Retail,P0003,Bluetooth Speaker,Electronics,2,365.93,0.05,695.27,430.66,264.61
O005313,2026-02-05,C0095,East,Online,P0009,Vacuum Cleaner,Home & Kitchen,1,86.66,0.0,86.66,53.24,33.42
O005314,2026-02-05,C0170,North,Wholesale,P0006,Air Fryer,Home & Kitchen,3,298.69,0.05,851.27,456.0,395.27
O005315,2026-02-05,C0126,North,Retail,P0002,Smart Watch,Electronics,5,189.4,0.05,899.65,504.7,394.95
O005316,2026-02-05,C0135,West,Wholesale,P0007,Blender,Home & Kitchen,7,121.55,0.0,850.85,621.32,229.53
O005317,2026-02-05,C0181,West,Wholesale,P0003,Bluetooth Speaker,Electronics,4,365.93,0.15,1244.16,861.32,382.84
O005318,2026-02-05,C0241,East,Retail,P0017,Standing Desk,Office Supplies,7,143.29,0.05,952.88,608.65,344.23
O005319,2026-02-05,C0206,South,Retail,P0011,Running Shoes,Apparel,2,291.03,0.1,523.85,270.64,253.21
O005320,2026-02-05,C0240,South,Retail,P0007,Blender,Home & Kitchen,5,121.55,0.1,546.98,443.8,103.18
O005321,2026-02-05,C0239,West,Online,P0002,Smart Watch,Electronics,6,189.4,0.1,1022.76,605.64,417.12
O005322,2026-02-05,C0195,South,Retail,P0009,Vacuum Cleaner,Home & Kitchen,6,86.66,0.1,467.96,319.44,148.52
O005323,2026-02-06,C0079,West,Retail,P0006,Air Fryer,Home & Kitchen,1,298.69,0.0,298.69,152.0,146.69
O005324,2026-02-06,C0141,North,Online,P0015,Wallet,Apparel,1,245.76,0.05,233.47,149.83,83.64
O005325,2026-02-06,C0295,South,Online,P0016,Ergonomic Chair,Office Supplies,5,85.32,0.05,405.27,257.15,148.12
O005326,2026-02-06,C0108,North,Online,P0017,Standing Desk,Office Supplies,1,143.29,0.0,143.29,86.95,56.34
O005327,2026-02-06,C0382,South,Wholesale,P0003,Bluetooth Speaker,Electronics,6,365.93,0.05,2085.8,1291.98,793.82
O005328,2026-02-06,C0261,South,Wholesale,P0017,Standing Desk,Office Supplies,4,143.29,0.15,487.19,347.8,139.39
O005329,2026-02-06,C0224,South,Wholesale,P0020,Monitor Arm,Office Supplies,3,193.94,0.0,581.82,388.2,193.62
O005330,2026-02-07,C0101,West,Retail,P0003,Bluetooth Speaker,Electronics,1,365.93,0.0,365.93,215.33,150.6
O005331,2026-02-07,C0182,South,Retail,P0012,Denim Jacket,Apparel,1,97.06,0.15,82.5,56.82,25.68
O005332,2026-02-07,C0132,North,Online,P0003,Bluetooth Speaker,Electronics,5,365.93,0.0,1829.65,1076.65,753.0
O005333,2026-02-07,C0391,South,Online,P0019,Desk Organizer,Office Supplies,4,260.68,0.0,1042.72,683.8,358.92
O005334,2026-02-07,C0236,North,Retail,P0002,Smart Watch,Electronics,5,189.4,0.0,947.0,504.7,442.3
O005335,2026-02-07,C0087,South,Wholesale,P0018,Notebook Set,Office Supplies,7,171.61,0.05,1141.21,598.99,542.22
O005336,2026-02-08,C0370,North,Wholesale,P0020,Monitor Arm,Office Supplies,7,193.94,0.1,1221.82,905.8,316.02
O005337,2026-02-08,C0167,South,Retail,P0015,Wallet,Apparel,1,245.76,0.0,245.76,149.83,95.93
O005338,2026-02-08,C0182,South,Retail,P0011,Running Shoes,Apparel,5,291.03,0.0,1455.15,676.6,778.55
O005339,2026-02-08,C0078,South,Wholesale,P0020,Monitor Arm,Office Supplies,3,193.94,0.05,552.73,388.2,164.53
O005340,2026-02-08,C0362,East,Online,P0007,Blender,Home & Kitchen,4,121.55,0.0,486.2,355.04,131.16
O005341,2026-02-08,C0386,North,Online,P0005,Laptop Stand,Electronics,5,108.18,0.05,513.86,324.55,189.31
O005342,2026-02-09,C0388,South,Retail,P0019,Desk Organizer,Office Supplies,3,260.68,0.0,782.04,512.85,269.19
O005343,2026-02-09,C0190,East,Retail,P0018,Notebook Set,Office Supplies,6,171.61,0.0,1029.66,513.42,516.24
O005344,2026-02-09,C0282,South,Wholesale,P0020,Monitor Arm,Office Supplies,4,193.94,0.05,736.97,517.6,219.37
O005345,2026-02-09,C0135,West,Wholesale,P0013,Backpack,Apparel,6,282.71,0.1,1526.63,1204.44,322.19
O005346,2026-02-09,C0165,East,Retail,P0004,Power Bank,Electronics,4,156.84,0.15,533.26,456.96,76.3
O005347,2026-02-09,C0203,West,Online,P0013,Backpack,Apparel,4,282.71,0.2,904.67,802.96,101.71
O005348,2026-02-10,C0223,West,Wholesale,P0020,Monitor Arm,Office Supplies,3,193.94,0.15,494.55,388.2,106.35
O005349,2026-02-10,C0310,South,Wholesale,P0020,Monitor Arm,Office Supplies,1,193.94,0.05,184.24,129.4,54.84
O005350,2026-02-11,C0329,East,Online,P0003,Bluetooth Speaker,Electronics,1,365.93,0.0,365.93,215.33,150.6
O005351,2026-02-11,C0009,North,Online,P0009,Vacuum Cleaner,Home & Kitchen,2,86.66,0.1,155.99,106.48,49.51
O005352,2026-02-11,C0073,North,Retail,P0013,Backpack,Apparel,2,282.71,0.1,508.88,401.48,107.4
O005353,2026-02-12,C0365,North,Retail,P0015,Wallet,Apparel,7,245.76,0.0,1720.32,1048.81,671.51
O005354,2026-02-12,C0303,West,Retail,P0004,Power Bank,Electronics,5,156.84,0.0,784.2,571.2,213.0
O005355,2026-02-12,C0005,North,Online,P0005,Laptop Stand,Electronics,6,108.18,0.0,649.08,389.46,259.62
O005356,2026-02-12,C0294,West,Retail,P0004,Power Bank,Electronics,2,156.84,0.1,282.31,228.48,53.83
O005357,2026-02-12,C0244,East,Online,P0008,Cookware Set,Home & Kitchen,4,144.8,0.1,521.28,276.36,244.92
O005358,2026-02-12,C0316,West,Retail,P0012,Denim Jacket,Apparel,6,97.06,0.1,524.12,340.92,183.2
O005359,2026-02-12,C0224,South,Wholesale,P0014,Sunglasses,Apparel,5,226.65,0.0,1133.25,594.8,538.45
O005360,2026-02-12,C0121,North,Online,P0003,Bluetooth Speaker,Electronics,1,365.93,0.1,329.34,215.33,114.01
O005361,2026-02-13,C0210,East,Wholesale,P0019,Desk Organizer,Office Supplies,4,260.68,0.05,990.58,683.8,306.78
O005362,2026-02-13,C0015,West,Wholesale,P0005,Laptop Stand,Electronics,1,108.18,0.0,108.18,64.91,43.27
O005363,2026-02-13,C0029,West,Online,P0012,Denim Jacket,Apparel,3,97.06,0.0,291.18,170.46,120.72
O005364,2026-02-13,C0257,South,Retail,P0012,Denim Jacket,Apparel,3,97.06,0.05,276.62,170.46,106.16
O005365,2026-02-14,C0016,West,Retail,P0015,Wallet,Apparel,3,245.76,0.1,663.55,449.49,214.06
O005366,2026-02-14,C0140,South,Online,P0015,Wallet,Apparel,6,245.76,0.15,1253.38,898.98,354.4
O005367,2026-02-14,C0088,North,Online,P0014,Sunglasses,Apparel,2,226.65,0.05,430.64,237.92,192.72
O005368,2026-02-14,C0210,East,Wholesale,P0019,Desk Organizer,Office Supplies,6,260.68,0.1,1407.67,1025.7,381.97
O005369,2026-02-14,C0221,West,Online,P0002,Smart Watch,Electronics,4,189.4,0.05,719.72,403.76,315.96
O005370,2026-02-14,C0161,North,Online,P0018,Notebook Set,Office Supplies,4,171.61,0.0,686.44,342.28,344.16
O005371,2026-02-14,C0194,North,Online,P0003,Bluetooth Speaker,Electronics,5,365.93,0.1,1646.69,1076.65,570.04
O005372,2026-02-14,C0102,West,Online,P0011,Running Shoes,Apparel,6,291.03,0.05,1658.87,811.92,846.95
O005373,2026-02-15,C0094,South,Retail,P0019,Desk Organizer,Office Supplies,7,260.68,0.05,1733.52,1196.65,536.87
O005374,2026-02-15,C0117,North,Online,P0006,Air Fryer,Home & Kitchen,4,298.69,0.0,1194.76,608.0,586.76
O005375,2026-02-15,C0315,East,Online,P0003,Bluetooth Speaker,Electronics,7,365.93,0.05,2433.43,1507.31,926.12
O005376,2026-02-15,C0113,South,Retail,P0001,Wireless Earbuds,Electronics,5,46.85,0.05,222.54,120.9,101.64
O005377,2026-02-15,C0146,West,Wholesale,P0001,Wireless Earbuds,Electronics,1,46.85,0.05,44.51,24.18,20.33
O005378,2026-02-16,C0066,South,Retail,P0005,Laptop Stand,Electronics,5,108.18,0.05,513.86,324.55,189.31
O005379,2026-02-16,C0081,West,Retail,P0019,Desk Organizer,Office Supplies,5,260.68,0.0,1303.4,854.75,448.65
O005380,2026-02-16,C0280,North,Retail,P0007,Blender,Home & Kitchen,4,121.55,0.0,486.2,355.04,131.16
O005381,2026-02-16,C0045,West,Retail,P0020,Monitor Arm,Office Supplies,5,193.94,0.15,824.24,647.0,177.24
O005382,2026-02-16,C0015,West,Wholesale,P0013,Backpack,Apparel,4,282.71,0.05,1074.3,802.96,271.34
O005383,2026-02-17,C0120,North,Online,P0003,Bluetooth Speaker,Electronics,3,365.93,0.1,988.01,645.99,342.02
O005384,2026-02-17,C0375,East,Retail,P0010,Coffee Maker,Home & Kitchen,6,276.64,0.0,1659.84,1232.52,427.32
O005385,2026-02-17,C0075,West,Online,P0009,Vacuum Cleaner,Home & Kitchen,7,86.66,0.05,576.29,372.68,203.61
O005386,2026-02-17,C0147,North,Online,P0002,Smart Watch,Electronics,7,189.4,0.0,1325.8,706.58,619.22
O005387,2026-02-17,C0228,East,Online,P0011,Running Shoes,Apparel,7,291.03,0.0,2037.21,947.24,1089.97
O005388,2026-02-18,C0188,South,Retail,P0004,Power Bank,Electronics,1,156.84,0.0,156.84,114.24,42.6
O005389,2026-02-18,C0093,West,Wholesale,P0011,Running Shoes,Apparel,1,291.03,0.0,291.03,135.32,155.71
O005390,2026-02-18,C0326,North,Wholesale,P0018,Notebook Set,Office Supplies,6,171.61,0.15,875.21,513.42,361.79
O005391,2026-02-18,C0263,North,Online,P0013,Backpack,Apparel,7,282.71,0.0,1978.97,1405.18,573.79
O005392,2026-02-18,C0379,West,Online,P0007,Blender,Home & Kitchen,5,121.55,0.15,516.59,443.8,72.79
O005393,2026-02-18,C0051,East,Retail,P0005,Laptop Stand,Electronics,6,108.18,0.05,616.63,389.46,227.17
O005394,2026-02-18,C0082,West,Online,P0009,Vacuum Cleaner,Home & Kitchen,7,86.66,0.05,576.29,372.68,203.61
O005395,2026-02-18,C0319,South,Online,P0019,Desk Organizer,Office Supplies,5,260.68,0.0,1303.4,854.75,448.65
O005396,2026-02-18,C0082,West,Online,P0019,Desk Organizer,Office Supplies,5,260.68,0.0,1303.4,854.75,448.65
O005397,2026-02-18,C0003,South,Online,P0017,Standing Desk,Office Supplies,3,143.29,0.05,408.38,260.85,147.53
O005398,2026-02-18,C0254,West,Retail,P0006,Air Fryer,Home & Kitchen,6,298.69,0.0,1792.14,912.0,880.14
O005399,2026-02-18,C0176,South,Online,P0012,Denim Jacket,Apparel,1,97.06,0.05,92.21,56.82,35.39
O005400,2026-02-19,C0310,South,Wholesale,P0009,Vacuum Cleaner,Home & Kitchen,7,86.66,0.05,576.29,372.68,203.61
O005401,2026-02-19,C0019,North,Retail,P0013,Backpack,Apparel,5,282.71,0.0,1413.55,1003.7,409.85
O005402,2026-02-19,C0188,South,Retail,P0005,Laptop Stand,Electronics,6,108.18,0.05,616.63,389.46,227.17
O005403,2026-02-19,C0027,North,Online,P0006,Air Fryer,Home & Kitchen,3,298.69,0.15,761.66,456.0,305.66
O005404,2026-02-19,C0285,South,Retail,P0008,Cookware Set,Home & Kitchen,1,144.8,0.0,144.8,69.09,75.71
O005405,2026-02-19,C0036,South,Retail,P0009,Vacuum Cleaner,Home & Kitchen,1,86.66,0.0,86.66,53.24,33.42
O005406,2026-02-19,C0155,East,Retail,P0005,Laptop Stand,Electronics,7,108.18,0.0,757.26,454.37,302.89
O005407,2026-02-19,C0249,South,Online,P0012,Denim Jacket,Apparel,4,97.06,0.0,388.24,227.28,160.96
O005408,2026-02-20,C0173,South,Online,P0018,Notebook Set,Office Supplies,2,171.61,0.05,326.06,171.14,154.92
O005409,2026-02-20,C0094,South,Retail,P0011,Running Shoes,Apparel,5,291.03,0.15,1236.88,676.6,560.28
O005410,2026-02-20,C0121,North,Online,P0011,Running Shoes,Apparel,6,291.03,0.05,1658.87,811.92,846.95
O005411,2026-02-20,C0051,East,Retail,P0006,Air Fryer,Home & Kitchen,2,298.69,0.05,567.51,304.0,263.51
O005412,2026-02-21,C0254,West,Retail,P0017,Standing Desk,Office Supplies,6,143.29,0.0,859.74,521.7,338.04
O005413,2026-02-21,C0124,East,Wholesale,P0013,Backpack,Apparel,6,282.71,0.0,1696.26,1204.44,491.82
O005414,2026-02-21,C0035,North,Retail,P0011,Running Shoes,Apparel,1,291.03,0.05,276.48,135.32,141.16
O005415,2026-02-21,C0019,North,Retail,P0013,Backpack,Apparel,6,282.71,0.0,1696.26,1204.44,491.82
O005416,2026-02-21,C0090,West,Retail,P0012,Denim Jacket,Apparel,2,97.06,0.15,165.0,113.64,51.36
O005417,2026-02-22,C0371,East,Wholesale,P0008,Cookware Set,Home & Kitchen,6,144.8,0.05,825.36,414.54,410.82
O005418,2026-02-22,C0128,West,Retail,P0004,Power Bank,Electronics,3,156.84,0.0,470.52,342.72,127.8
O005419,2026-02-22,C0391,South,Online,P0001,Wireless Earbuds,Electronics,2,46.85,0.1,84.33,48.36,35.97
O005420,2026-02-22,C0130,North,Online,P0005,Laptop Stand,Electronics,3,108.18,0.1,292.09,194.73,97.36
O005421,2026-02-22,C0258,West,Retail,P0018,Notebook Set,Office Supplies,1,171.61,0.0,171.61,85.57,86.04
O005422,2026-02-22,C0015,West,Wholesale,P0011,Running Shoes,Apparel,6,291.03,0.0,1746.18,811.92,934.26
O005423,2026-02-22,C0062,West,Wholesale,P0020,Monitor Arm,Office Supplies,3,193.94,0.0,581.82,388.2,193.62
O005424,2026-02-22,C0216,North,Retail,P0008,Cookware Set,Home & Kitchen,6,144.8,0.0,868.8,414.54,454.26
O005425,2026-02-22,C0218,East,Retail,P0009,Vacuum Cleaner,Home & Kitchen,5,86.66,0.0,433.3,266.2,167.1
O005426,2026-02-22,C0313,North,Retail,P0019,Desk Organizer,Office Supplies,4,260.68,0.05,990.58,683.8,306.78
O005427,2026-02-23,C0381,North,Retail,P0004,Power Bank,Electronics,6,156.84,0.0,941.04,685.44,255.6
O005428,2026-02-23,C0004,South,Online,P0010,Coffee Maker,Home & Kitchen,4,276.64,0.0,1106.56,821.68,284.88
O005429,2026-02-23,C0119,South,Online,P0016,Ergonomic Chair,Office Supplies,5,85.32,0.15,362.61,257.15,105.46
O005430,2026-02-23,C0034,West,Online,P0003,Bluetooth Speaker,Electronics,3,365.93,0.0,1097.79,645.99,451.8
O005431,2026-02-23,C0267,West,Retail,P0015,Wallet,Apparel,1,245.76,0.15,208.9,149.83,59.07
O005432,2026-02-24,C0276,South,Wholesale,P0013,Backpack,Apparel,3,282.71,0.05,805.72,602.22,203.5
O005433,2026-02-24,C0285,South,Retail,P0016,Ergonomic Chair,Office Supplies,4,85.32,0.2,273.02,205.72,67.3
O005434,2026-02-24,C0049,West,Retail,P0007,Blender,Home & Kitchen,7,121.55,0.15,723.22,621.32,101.9
O005435,2026-02-24,C0374,West,Retail,P0013,Backpack,Apparel,4,282.71,0.0,1130.84,802.96,327.88
O005436,2026-02-25,C0357,North,Retail,P0020,Monitor Arm,Office Supplies,4,193.94,0.2,620.61,517.6,103.01
O005437,2026-02-25,C0252,West,Retail,P0015,Wallet,Apparel,3,245.76,0.05,700.42,449.49,250.93
O005438,2026-02-25,C0256,North,Retail,P0015,Wallet,Apparel,2,245.76,0.0,491.52,299.66,191.86
O005439,2026-02-25,C0218,East,Retail,P0020,Monitor Arm,Office Supplies,6,193.94,0.0,1163.64,776.4,387.24
O005440,2026-02-25,C0186,East,Online,P0005,Laptop Stand,Electronics,1,108.18,0.0,108.18,64.91,43.27
O005441,2026-02-25,C0140,South,Online,P0007,Blender,Home & Kitchen,3,121.55,0.1,328.18,266.28,61.9
O005442,2026-02-25,C0137,West,Online,P0010,Coffee Maker,Home & Kitchen,6,276.64,0.05,1576.85,1232.52,344.33
O005443,2026-02-26,C0073,North,Retail,P0001,Wireless Earbuds,Electronics,1,46.85,0.0,46.85,24.18,22.67
O005444,2026-02-26,C0030,North,Online,P0009,Vacuum Cleaner,Home & Kitchen,6,86.66,0.0,519.96,319.44,200.52
O005445,2026-02-26,C0308,East,Retail,P0017,Standing Desk,Office Supplies,6,143.29,0.05,816.75,521.7,295.05
O005446,2026-02-26,C0155,East,Retail,P0010,Coffee Maker,Home & Kitchen,2,276.64,0.05,525.62,410.84,114.78
O005447,2026-02-26,C0234,North,Retail,P0019,Desk Organizer,Office Supplies,6,260.68,0.2,1251.26,1025.7,225.56
O005448,2026-02-26,C0090,West,Retail,P0017,Standing Desk,Office Supplies,3,143.29,0.15,365.39,260.85,104.54
O005449,2026-02-27,C0312,East,Retail,P0012,Denim Jacket,Apparel,5,97.06,0.0,485.3,284.1,201.2
O005450,2026-02-27,C0226,East,Wholesale,P0020,Monitor Arm,Office Supplies,4,193.94,0.1,698.18,517.6,180.58
O005451,2026-02-27,C0108,North,Online,P0007,Blender,Home & Kitchen,2,121.55,0.1,218.79,177.52,41.27
O005452,2026-02-27,C0202,North,Wholesale,P0011,Running Shoes,Apparel,4,291.03,0.0,1164.12,541.28,622.84
O005453,2026-02-27,C0108,North,Online,P0014,Sunglasses,Apparel,5,226.65,0.15,963.26,594.8,368.46
O005454,2026-02-28,C0083,East,Retail,P0008,Cookware Set,Home & Kitchen,4,144.8,0.1,521.28,276.36,244.92
O005455,2026-02-28,C0136,South,Online,P0014,Sunglasses,Apparel,5,226.65,0.0,1133.25,594.8,538.45
O005456,2026-02-28,C0372,West,Wholesale,P0006,Air Fryer,Home & Kitchen,2,298.69,0.0,597.38,304.0,293.38
O005457,2026-02-28,C0034,West,Online,P0012,Denim Jacket,Apparel,4,97.06,0.0,388.24,227.28,160.96
O005458,2026-03-01,C0158,East,Retail,P0010,Coffee Maker,Home & Kitchen,3,276.64,0.1,746.93,616.26,130.67
O005459,2026-03-01,C0243,West,Wholesale,P0011,Running Shoes,Apparel,7,291.03,0.1,1833.49,947.24,886.25
O005460,2026-03-01,C0262,North,Retail,P0003,Bluetooth Speaker,Electronics,3,365.93,0.0,1097.79,645.99,451.8
O005461,2026-03-01,C0336,South,Wholesale,P0010,Coffee Maker,Home & Kitchen,2,276.64,0.0,553.28,410.84,142.44
O005462,2026-03-01,C0206,South,Retail,P0013,Backpack,Apparel,2,282.71,0.0,565.42,401.48,163.94
O005463,2026-03-01,C0054,North,Retail,P0020,Monitor Arm,Office Supplies,4,193.94,0.1,698.18,517.6,180.58
O005464,2026-03-01,C0175,West,Wholesale,P0004,Power Bank,Electronics,5,156.84,0.05,744.99,571.2,173.79
O005465,2026-03-01,C0240,South,Retail,P0015,Wallet,Apparel,4,245.76,0.05,933.89,599.32,334.57
O005466,2026-03-01,C0231,West,Wholesale,P0011,Running Shoes,Apparel,7,291.03,0.1,1833.49,947.24,886.25
O005467,2026-03-02,C0035,North,Retail,P0017,Standing Desk,Office Supplies,1,143.29,0.1,128.96,86.95,42.01
O005468,2026-03-02,C0061,North,Online,P0008,Cookware Set,Home & Kitchen,6,144.8,0.0,868.8,414.54,454.26
O005469,2026-03-02,C0212,West,Online,P0013,Backpack,Apparel,7,282.71,0.0,1978.97,1405.18,573.79
O005470,2026-03-02,C0361,West,Retail,P0017,Standing Desk,Office Supplies,3,143.29,0.15,365.39,260.85,104.54
O005471,2026-03-02,C0206,South,Retail,P0013,Backpack,Apparel,7,282.71,0.1,1781.07,1405.18,375.89
O005472,2026-03-02,C0183,West,Retail,P0013,Backpack,Apparel,7,282.71,0.05,1880.02,1405.18,474.84
O005473,2026-03-03,C0372,West,Wholesale,P0009,Vacuum Cleaner,Home & Kitchen,5,86.66,0.1,389.97,266.2,123.77
O005474,2026-03-03,C0353,West,Wholesale,P0008,Cookware Set,Home & Kitchen,2,144.8,0.15,246.16,138.18,107.98
O005475,2026-03-03,C0256,North,Retail,P0017,Standing Desk,Office Supplies,7,143.29,0.1,902.73,608.65,294.08
O005476,2026-03-03,C0380,West,Wholesale,P0015,Wallet,Apparel,2,245.76,0.15,417.79,299.66,118.13
O005477,2026-03-03,C0071,East,Retail,P0001,Wireless Earbuds,Electronics,5,46.85,0.2,187.4,120.9,66.5
O005478,2026-03-03,C0142,South,Online,P0002,Smart Watch,Electronics,6,189.4,0.1,1022.76,605.64,417.12
O005479,2026-03-03,C0145,West,Retail,P0010,Coffee Maker,Home & Kitchen,3,276.64,0.0,829.92,616.26,213.66
O005480,2026-03-03,C0078,South,Wholesale,P0019,Desk Organizer,Office Supplies,7,260.68,0.1,1642.28,1196.65,445.63
O005481,2026-03-03,C0196,South,Online,P0007,Blender,Home & Kitchen,7,121.55,0.1,765.76,621.32,144.44
O005482,2026-03-03,C0392,North,Online,P0019,Desk Organizer,Office Supplies,5,260.68,0.05,1238.23,854.75,383.48
O005483,2026-03-03,C0340,South,Online,P0001,Wireless Earbuds,Electronics,1,46.85,0.1,42.16,24.18,17.98
O005484,2026-03-04,C0288,West,Online,P0020,Monitor Arm,Office Supplies,7,193.94,0.0,1357.58,905.8,451.78
O005485,2026-03-04,C0167,South,Retail,P0011,Running Shoes,Apparel,1,291.03,0.05,276.48,135.32,141.16
O005486,2026-03-04,C0199,West,Retail,P0016,Ergonomic Chair,Office Supplies,2,85.32,0.0,170.64,102.86,67.78
O005487,2026-03-04,C0110,East,Retail,P0015,Wallet,Apparel,3,245.76,0.0,737.28,449.49,287.79
O005488,2026-03-04,C0397,North,Wholesale,P0004,Power Bank,Electronics,1,156.84,0.15,133.31,114.24,19.07
O005489,2026-03-04,C0111,West,Retail,P0014,Sunglasses,Apparel,5,226.65,0.05,1076.59,594.8,481.79
O005490,2026-03-04,C0081,West,Retail,P0019,Desk Organizer,Office Supplies,6,260.68,0.15,1329.47,1025.7,303.77
O005491,2026-03-04,C0329,East,Online,P0006,Air Fryer,Home & Kitchen,2,298.69,0.1,537.64,304.0,233.64
O005492,2026-03-05,C0306,South,Online,P0014,Sunglasses,Apparel,2,226.65,0.0,453.3,237.92,215.38
O005493,2026-03-05,C0084,East,Online,P0010,Coffee Maker,Home & Kitchen,4,276.64,0.1,995.9,821.68,174.22
O005494,2026-03-05,C0397,North,Wholesale,P0002,Smart Watch,Electronics,6,189.4,0.0,1136.4,605.64,530.76
O005495,2026-03-05,C0353,West,Wholesale,P0017,Standing Desk,Office Supplies,3,143.29,0.2,343.9,260.85,83.05
O005496,2026-03-05,C0132,North,Online,P0009,Vacuum Cleaner,Home & Kitchen,3,86.66,0.05,246.98,159.72,87.26
O005497,2026-03-05,C0310,South,Wholesale,P0014,Sunglasses,Apparel,5,226.65,0.0,1133.25,594.8,538.45
O005498,2026-03-05,C0326,North,Wholesale,P0006,Air Fryer,Home & Kitchen,5,298.69,0.1,1344.1,760.0,584.1
O005499,2026-03-05,C0023,West,Wholesale,P0005,Laptop Stand,Electronics,2,108.18,0.0,216.36,129.82,86.54
O005500,2026-03-05,C0202,North,Wholesale,P0010,Coffee Maker,Home & Kitchen,2,276.64,0.0,553.28,410.84,142.44
O005501,2026-03-06,C0152,East,Online,P0015,Wallet,Apparel,3,245.76,0.05,700.42,449.49,250.93
O005502,2026-03-06,C0097,West,Retail,P0018,Notebook Set,Office Supplies,3,171.61,0.1,463.35,256.71,206.64
O005503,2026-03-06,C0096,East,Retail,P0019,Desk Organizer,Office Supplies,2,260.68,0.1,469.22,341.9,127.32
O005504,2026-03-06,C0184,West,Online,P0003,Bluetooth Speaker,Electronics,2,365.93,0.0,731.86,430.66,301.2
O005505,2026-03-06,C0297,East,Online,P0003,Bluetooth Speaker,Electronics,2,365.93,0.0,731.86,430.66,301.2
O005506,2026-03-06,C0345,East,Retail,P0007,Blender,Home & Kitchen,3,121.55,0.0,364.65,266.28,98.37
O005507,2026-03-06,C0082,West,Online,P0005,Laptop Stand,Electronics,3,108.18,0.1,292.09,194.73,97.36
O005508,2026-03-06,C0357,North,Retail,P0007,Blender,Home & Kitchen,2,121.55,0.0,243.1,177.52,65.58
O005509,2026-03-06,C0267,West,Retail,P0016,Ergonomic Chair,Office Supplies,4,85.32,0.05,324.22,205.72,118.5
O005510,2026-03-06,C0242,North,Online,P0015,Wallet,Apparel,7,245.76,0.0,1720.32,1048.81,671.51
O005511,2026-03-06,C0307,North,Online,P0002,Smart Watch,Electronics,1,189.4,0.1,170.46,100.94,69.52
O005512,2026-03-07,C0168,South,Retail,P0003,Bluetooth Speaker,Electronics,4,365.93,0.2,1170.98,861.32,309.66
O005513,2026-03-07,C0273,South,Wholesale,P0011,Running Shoes,Apparel,7,291.03,0.1,1833.49,947.24,886.25
O005514,2026-03-07,C0025,West,Online,P0018,Notebook Set,Office Supplies,7,171.61,0.0,1201.27,598.99,602.28
O005515,2026-03-07,C0004,South,Online,P0010,Coffee Maker,Home & Kitchen,5,276.64,0.0,1383.2,1027.1,356.1
O005516,2026-03-08,C0156,West,Retail,P0013,Backpack,Apparel,6,282.71,0.15,1441.82,1204.44,237.38
O005517,2026-03-08,C0186,East,Online,P0018,Notebook Set,Office Supplies,1,171.61,0.2,137.29,85.57,51.72
O005518,2026-03-09,C0072,East,Retail,P0014,Sunglasses,Apparel,1,226.65,0.0,226.65,118.96,107.69
O005519,2026-03-09,C0050,East,Online,P0019,Desk Organizer,Office Supplies,6,260.68,0.0,1564.08,1025.7,538.38
O005520,2026-03-09,C0028,South,Wholesale,P0018,Notebook Set,Office Supplies,6,171.61,0.15,875.21,513.42,361.79
O005521,2026-03-09,C0067,West,Retail,P0006,Air Fryer,Home & Kitchen,1,298.69,0.05,283.76,152.0,131.76
O005522,2026-03-09,C0273,South,Wholesale,P0019,Desk Organizer,Office Supplies,3,260.68,0.0,782.04,512.85,269.19
O005523,2026-03-09,C0212,West,Online,P0016,Ergonomic Chair,Office Supplies,6,85.32,0.0,511.92,308.58,203.34
O005524,2026-03-09,C0285,South,Retail,P0003,Bluetooth Speaker,Electronics,2,365.93,0.15,622.08,430.66,191.42
O005525,2026-03-09,C0065,North,Retail,P0020,Monitor Arm,Office Supplies,3,193.94,0.05,552.73,388.2,164.53
O005526,2026-03-09,C0385,East,Retail,P0012,Denim Jacket,Apparel,1,97.06,0.1,87.35,56.82,30.53
O005527,2026-03-09,C0261,South,Wholesale,P0008,Cookware Set,Home & Kitchen,6,144.8,0.0,868.8,414.54,454.26
O005528,2026-03-10,C0053,West,Retail,P0019,Desk Organizer,Office Supplies,2,260.68,0.0,521.36,341.9,179.46
O005529,2026-03-10,C0193,West,Online,P0004,Power Bank,Electronics,1,156.84,0.0,156.84,114.24,42.6
O005530,2026-03-10,C0060,West,Retail,P0002,Smart Watch,Electronics,1,189.4,0.1,170.46,100.94,69.52
O005531,2026-03-10,C0148,North,Online,P0004,Power Bank,Electronics,4,156.84,0.0,627.36,456.96,170.4
O005532,2026-03-10,C0364,West,Retail,P0008,Cookware Set,Home & Kitchen,7,144.8,0.0,1013.6,483.63,529.97
O005533,2026-03-10,C0155,East,Retail,P0019,Desk Organizer,Office Supplies,4,260.68,0.0,1042.72,683.8,358.92
O005534,2026-03-10,C0068,East,Retail,P0008,Cookware Set,Home & Kitchen,1,144.8,0.1,130.32,69.09,61.23
O005535,2026-03-10,C0179,East,Retail,P0002,Smart Watch,Electronics,7,189.4,0.0,1325.8,706.58,619.22
O005536,2026-03-11,C0388,South,Retail,P0018,Notebook Set,Office Supplies,5,171.61,0.0,858.05,427.85,430.2
O005537,2026-03-11,C0349,East,Wholesale,P0010,Coffee Maker,Home & Kitchen,5,276.64,0.15,1175.72,1027.1,148.62
O005538,2026-03-11,C0091,South,Retail,P0014,Sunglasses,Apparel,6,226.65,0.1,1223.91,713.76,510.15
O005539,2026-03-11,C0117,North,Online,P0003,Bluetooth Speaker,Electronics,6,365.93,0.0,2195.58,1291.98,903.6
O005540,2026-03-11,C0358,East,Online,P0003,Bluetooth Speaker,Electronics,4,365.93,0.05,1390.53,861.32,529.21
O005541,2026-03-11,C0160,West,Wholesale,P0005,Laptop Stand,Electronics,1,108.18,0.1,97.36,64.91,32.45
O005542,2026-03-11,C0032,West,Retail,P0012,Denim Jacket,Apparel,7,97.06,0.0,679.42,397.74,281.68
O005543,2026-03-11,C0230,East,Retail,P0009,Vacuum Cleaner,Home & Kitchen,2,86.66,0.0,173.32,106.48,66.84
O005544,2026-03-11,C0386,North,Online,P0016,Ergonomic Chair,Office Supplies,2,85.32,0.05,162.11,102.86,59.25
O005545,2026-03-11,C0374,West,Retail,P0005,Laptop Stand,Electronics,3,108.18,0.2,259.63,194.73,64.9
O005546,2026-03-11,C0277,North,Retail,P0008,Cookware Set,Home & Kitchen,4,144.8,0.0,579.2,276.36,302.84
O005547,2026-03-11,C0348,North,Wholesale,P0005,Laptop Stand,Electronics,5,108.18,0.0,540.9,324.55,216.35
O005548,2026-03-12,C0260,North,Retail,P0011,Running Shoes,Apparel,2,291.03,0.1,523.85,270.64,253.21
O005549,2026-03-12,C0264,South,Retail,P0013,Backpack,Apparel,3,282.71,0.1,763.32,602.22,161.1
O005550,2026-03-12,C0269,North,Online,P0009,Vacuum Cleaner,Home & Kitchen,6,86.66,0.0,519.96,319.44,200.52
O005551,2026-03-12,C0190,East,Retail,P0009,Vacuum Cleaner,Home & Kitchen,2,86.66,0.0,173.32,106.48,66.84
O005552,2026-03-12,C0239,West,Online,P0001,Wireless Earbuds,Electronics,5,46.85,0.1,210.82,120.9,89.92
O005553,2026-03-12,C0333,South,Online,P0008,Cookware Set,Home & Kitchen,1,144.8,0.1,130.32,69.09,61.23
O005554,2026-03-12,C0057,East,Retail,P0005,Laptop Stand,Electronics,6,108.18,0.0,649.08,389.46,259.62
O005555,2026-03-12,C0365,North,Retail,P0010,Coffee Maker,Home & Kitchen,2,276.64,0.0,553.28,410.84,142.44
O005556,2026-03-12,C0298,West,Retail,P0006,Air Fryer,Home & Kitchen,3,298.69,0.0,896.07,456.0,440.07
O005557,2026-03-12,C0271,North,Online,P0001,Wireless Earbuds,Electronics,1,46.85,0.0,46.85,24.18,22.67
O005558,2026-03-12,C0395,West,Wholesale,P0002,Smart Watch,Electronics,3,189.4,0.0,568.2,302.82,265.38
O005559,2026-03-12,C0309,West,Retail,P0010,Coffee Maker,Home & Kitchen,5,276.64,0.0,1383.2,1027.1,356.1
O005560,2026-03-12,C0159,West,Retail,P0004,Power Bank,Electronics,2,156.84,0.0,313.68,228.48,85.2
O005561,2026-03-13,C0396,South,Retail,P0004,Power Bank,Electronics,2,156.84,0.1,282.31,228.48,53.83
O005562,2026-03-13,C0231,West,Wholesale,P0002,Smart Watch,Electronics,5,189.4,0.2,757.6,504.7,252.9
O005563,2026-03-13,C0383,West,Retail,P0006,Air Fryer,Home & Kitchen,6,298.69,0.0,1792.14,912.0,880.14
O005564,2026-03-13,C0255,West,Retail,P0017,Standing Desk,Office Supplies,6,143.29,0.1,773.77,521.7,252.07
O005565,2026-03-13,C0084,East,Online,P0018,Notebook Set,Office Supplies,6,171.61,0.0,1029.66,513.42,516.24
O005566,2026-03-13,C0384,West,Online,P0018,Notebook Set,Office Supplies,3,171.61,0.05,489.09,256.71,232.38
O005567,2026-03-13,C0289,North,Online,P0016,Ergonomic Chair,Office Supplies,7,85.32,0.1,537.52,360.01,177.51
O005568,2026-03-13,C0370,North,Wholesale,P0012,Denim Jacket,Apparel,7,97.06,0.15,577.51,397.74,179.77
O005569,2026-03-14,C0273,South,Wholesale,P0011,Running Shoes,Apparel,1,291.03,0.0,291.03,135.32,155.71
O005570,2026-03-14,C0376,North,Online,P0005,Laptop Stand,Electronics,6,108.18,0.05,616.63,389.46,227.17
O005571,2026-03-14,C0058,North,Retail,P0012,Denim Jacket,Apparel,5,97.06,0.1,436.77,284.1,152.67
O005572,2026-03-14,C0340,South,Online,P0001,Wireless Earbuds,Electronics,6,46.85,0.2,224.88,145.08,79.8
O005573,2026-03-14,C0135,West,Wholesale,P0004,Power Bank,Electronics,5,156.84,0.15,666.57,571.2,95.37
O005574,2026-03-14,C0211,South,Wholesale,P0014,Sunglasses,Apparel,6,226.65,0.0,1359.9,713.76,646.14
O005575,2026-03-14,C0223,West,Wholesale,P0012,Denim Jacket,Apparel,2,97.06,0.1,174.71,113.64,61.07
O005576,2026-03-14,C0176,South,Online,P0015,Wallet,Apparel,3,245.76,0.1,663.55,449.49,214.06
O005577,2026-03-14,C0146,West,Wholesale,P0015,Wallet,Apparel,4,245.76,0.05,933.89,599.32,334.57
O005578,2026-03-14,C0085,East,Retail,P0009,Vacuum Cleaner,Home & Kitchen,5,86.66,0.0,433.3,266.2,167.1
O005579,2026-03-15,C0313,North,Retail,P0010,Coffee Maker,Home & Kitchen,5,276.64,0.1,1244.88,1027.1,217.78
O005580,2026-03-15,C0031,North,Retail,P0017,Standing Desk,Office Supplies,1,143.29,0.05,136.13,86.95,49.18
O005581,2026-03-15,C0183,West,Retail,P0003,Bluetooth Speaker,Electronics,4,365.93,0.0,1463.72,861.32,602.4
O005582,2026-03-15,C0069,South,Retail,P0011,Running Shoes,Apparel,4,291.03,0.0,1164.12,541.28,622.84
O005583,2026-03-15,C0263,North,Online,P0008,Cookware Set,Home & Kitchen,5,144.8,0.0,724.0,345.45,378.55
O005584,2026-03-15,C0052,North,Retail,P0009,Vacuum Cleaner,Home & Kitchen,3,86.66,0.1,233.98,159.72,74.26
O005585,2026-03-15,C0395,West,Wholesale,P0011,Running Shoes,Apparel,4,291.03,0.1,1047.71,541.28,506.43
O005586,2026-03-15,C0396,South,Retail,P0006,Air Fryer,Home & Kitchen,2,298.69,0.05,567.51,304.0,263.51
O005587,2026-03-15,C0207,South,Retail,P0001,Wireless Earbuds,Electronics,1,46.85,0.1,42.16,24.18,17.98
O005588,2026-03-15,C0261,South,Wholesale,P0006,Air Fryer,Home & Kitchen,6,298.69,0.0,1792.14,912.0,880.14
O005589,2026-03-16,C0203,West,Online,P0011,Running Shoes,Apparel,2,291.03,0.05,552.96,270.64,282.32
O005590,2026-03-16,C0019,North,Retail,P0011,Running Shoes,Apparel,1,291.03,0.0,291.03,135.32,155.71
O005591,2026-03-16,C0290,North,Online,P0009,Vacuum Cleaner,Home & Kitchen,6,86.66,0.0,519.96,319.44,200.52
O005592,2026-03-16,C0265,South,Retail,P0015,Wallet,Apparel,4,245.76,0.0,983.04,599.32,383.72
O005593,2026-03-16,C0259,North,Retail,P0016,Ergonomic Chair,Office Supplies,4,85.32,0.0,341.28,205.72,135.56
O005594,2026-03-16,C0279,North,Retail,P0003,Bluetooth Speaker,Electronics,3,365.93,0.05,1042.9,645.99,396.91
O005595,2026-03-17,C0244,East,Online,P0011,Running Shoes,Apparel,2,291.03,0.15,494.75,270.64,224.11
O005596,2026-03-17,C0332,North,Wholesale,P0001,Wireless Earbuds,Electronics,1,46.85,0.0,46.85,24.18,22.67
O005597,2026-03-17,C0185,North,Retail,P0013,Backpack,Apparel,6,282.71,0.05,1611.45,1204.44,407.01
O005598,2026-03-17,C0271,North,Online,P0018,Notebook Set,Office Supplies,7,171.61,0.0,1201.27,598.99,602.28
O005599,2026-03-17,C0302,North,Online,P0013,Backpack,Apparel,7,282.71,0.0,1978.97,1405.18,573.79
O005600,2026-03-17,C0370,North,Wholesale,P0019,Desk Organizer,Office Supplies,4,260.68,0.0,1042.72,683.8,358.92
O005601,2026-03-18,C0008,South,Retail,P0003,Bluetooth Speaker,Electronics,4,365.93,0.0,1463.72,861.32,602.4
O005602,2026-03-18,C0190,East,Retail,P0001,Wireless Earbuds,Electronics,6,46.85,0.0,281.1,145.08,136.02
O005603,2026-03-18,C0036,South,Retail,P0018,Notebook Set,Office Supplies,4,171.61,0.0,686.44,342.28,344.16
O005604,2026-03-18,C0169,South,Online,P0020,Monitor Arm,Office Supplies,7,193.94,0.1,1221.82,905.8,316.02
O005605,2026-03-18,C0082,West,Online,P0017,Standing Desk,Office Supplies,3,143.29,0.2,343.9,260.85,83.05
O005606,2026-03-18,C0270,East,Online,P0005,Laptop Stand,Electronics,1,108.18,0.0,108.18,64.91,43.27
O005607,2026-03-18,C0326,North,Wholesale,P0002,Smart Watch,Electronics,2,189.4,0.05,359.86,201.88,157.98
O005608,2026-03-18,C0174,West,Retail,P0012,Denim Jacket,Apparel,2,97.06,0.2,155.3,113.64,41.66
O005609,2026-03-18,C0387,East,Retail,P0013,Backpack,Apparel,3,282.71,0.1,763.32,602.22,161.1
O005610,2026-03-18,C0001,South,Retail,P0011,Running Shoes,Apparel,2,291.03,0.05,552.96,270.64,282.32
O005611,2026-03-19,C0340,South,Online,P0009,Vacuum Cleaner,Home & Kitchen,2,86.66,0.05,164.65,106.48,58.17
O005612,2026-03-19,C0122,East,Retail,P0013,Backpack,Apparel,3,282.71,0.0,848.13,602.22,245.91
O005613,2026-03-19,C0342,North,Wholesale,P0010,Coffee Maker,Home & Kitchen,7,276.64,0.1,1742.83,1437.94,304.89
O005614,2026-03-19,C0007,East,Wholesale,P0006,Air Fryer,Home & Kitchen,6,298.69,0.1,1612.93,912.0,700.93
O005615,2026-03-19,C0245,West,Wholesale,P0020,Monitor Arm,Office Supplies,3,193.94,0.15,494.55,388.2,106.35
O005616,2026-03-19,C0026,West,Online,P0019,Desk Organizer,Office Supplies,6,260.68,0.15,1329.47,1025.7,303.77
O005617,2026-03-19,C0186,East,Online,P0001,Wireless Earbuds,Electronics,5,46.85,0.0,234.25,120.9,113.35
O005618,2026-03-19,C0038,West,Online,P0011,Running Shoes,Apparel,2,291.03,0.05,552.96,270.64,282.32
O005619,2026-03-19,C0054,North,Retail,P0001,Wireless Earbuds,Electronics,2,46.85,0.05,89.02,48.36,40.66
O005620,2026-03-20,C0013,East,Retail,P0007,Blender,Home & Kitchen,7,121.55,0.1,765.76,621.32,144.44
O005621,2026-03-20,C0302,North,Online,P0004,Power Bank,Electronics,7,156.84,0.1,988.09,799.68,188.41
O005622,2026-03-20,C0171,East,Retail,P0008,Cookware Set,Home & Kitchen,4,144.8,0.0,579.2,276.36,302.84
O005623,2026-03-20,C0220,North,Retail,P0004,Power Bank,Electronics,2,156.84,0.0,313.68,228.48,85.2
O005624,2026-03-20,C0157,East,Online,P0009,Vacuum Cleaner,Home & Kitchen,7,86.66,0.0,606.62,372.68,233.94
O005625,2026-03-21,C0392,North,Online,P0015,Wallet,Apparel,5,245.76,0.15,1044.48,749.15,295.33
O005626,2026-03-21,C0221,West,Online,P0003,Bluetooth Speaker,Electronics,4,365.93,0.1,1317.35,861.32,456.03
O005627,2026-03-21,C0353,West,Wholesale,P0011,Running Shoes,Apparel,6,291.03,0.15,1484.25,811.92,672.33
O005628,2026-03-21,C0378,East,Online,P0018,Notebook Set,Office Supplies,4,171.61,0.05,652.12,342.28,309.84
O005629,2026-03-21,C0201,North,Wholesale,P0020,Monitor Arm,Office Supplies,7,193.94,0.1,1221.82,905.8,316.02
O005630,2026-03-21,C0128,West,Retail,P0004,Power Bank,Electronics,6,156.84,0.0,941.04,685.44,255.6
O005631,2026-03-21,C0329,East,Online,P0016,Ergonomic Chair,Office Supplies,6,85.32,0.0,511.92,308.58,203.34
O005632,2026-03-21,C0082,West,Online,P0001,Wireless Earbuds,Electronics,1,46.85,0.2,37.48,24.18,13.3
O005633,2026-03-21,C0213,West,Retail,P0020,Monitor Arm,Office Supplies,3,193.94,0.15,494.55,388.2,106.35
O005634,2026-03-21,C0132,North,Online,P0008,Cookware Set,Home & Kitchen,7,144.8,0.0,1013.6,483.63,529.97
O005635,2026-03-22,C0366,East,Online,P0009,Vacuum Cleaner,Home & Kitchen,6,86.66,0.15,441.97,319.44,122.53
O005636,2026-03-22,C0051,East,Retail,P0016,Ergonomic Chair,Office Supplies,7,85.32,0.15,507.65,360.01,147.64
O005637,2026-03-22,C0041,North,Wholesale,P0001,Wireless Earbuds,Electronics,6,46.85,0.0,281.1,145.08,136.02
O005638,2026-03-22,C0152,East,Online,P0018,Notebook Set,Office Supplies,3,171.61,0.0,514.83,256.71,258.12
O005639,2026-03-22,C0183,West,Retail,P0010,Coffee Maker,Home & Kitchen,4,276.64,0.1,995.9,821.68,174.22
O005640,2026-03-22,C0160,West,Wholesale,P0012,Denim Jacket,Apparel,4,97.06,0.05,368.83,227.28,141.55
O005641,2026-03-22,C0231,West,Wholesale,P0003,Bluetooth Speaker,Electronics,5,365.93,0.2,1463.72,1076.65,387.07
O005642,2026-03-22,C0296,North,Wholesale,P0015,Wallet,Apparel,3,245.76,0.05,700.42,449.49,250.93
O005643,2026-03-22,C0074,South,Retail,P0004,Power Bank,Electronics,3,156.84,0.1,423.47,342.72,80.75
O005644,2026-03-22,C0109,East,Online,P0007,Blender,Home & Kitchen,3,121.55,0.0,364.65,266.28,98.37
O005645,2026-03-23,C0208,West,Online,P0014,Sunglasses,Apparel,5,226.65,0.1,1019.92,594.8,425.12
O005646,2026-03-23,C0053,West,Retail,P0019,Desk Organizer,Office Supplies,1,260.68,0.0,260.68,170.95,89.73
O005647,2026-03-23,C0175,West,Wholesale,P0015,Wallet,Apparel,6,245.76,0.2,1179.65,898.98,280.67
O005648,2026-03-23,C0223,West,Wholesale,P0013,Backpack,Apparel,6,282.71,0.0,1696.26,1204.44,491.82
O005649,2026-03-23,C0358,East,Online,P0006,Air Fryer,Home & Kitchen,5,298.69,0.05,1418.78,760.0,658.78
O005650,2026-03-23,C0006,South,Retail,P0003,Bluetooth Speaker,Electronics,4,365.93,0.05,1390.53,861.32,529.21
O005651,2026-03-23,C0243,West,Wholesale,P0019,Desk Organizer,Office Supplies,1,260.68,0.05,247.65,170.95,76.7
O005652,2026-03-24,C0287,North,Wholesale,P0004,Power Bank,Electronics,6,156.84,0.1,846.94,685.44,161.5
O005653,2026-03-24,C0315,East,Online,P0009,Vacuum Cleaner,Home & Kitchen,3,86.66,0.05,246.98,159.72,87.26
O005654,2026-03-24,C0267,West,Retail,P0003,Bluetooth Speaker,Electronics,3,365.93,0.0,1097.79,645.99,451.8
O005655,2026-03-24,C0174,West,Retail,P0014,Sunglasses,Apparel,6,226.65,0.05,1291.9,713.76,578.14
O005656,2026-03-24,C0326,North,Wholesale,P0007,Blender,Home & Kitchen,5,121.55,0.05,577.36,443.8,133.56
O005657,2026-03-24,C0064,East,Online,P0011,Running Shoes,Apparel,2,291.03,0.1,523.85,270.64,253.21
O005658,2026-03-24,C0044,East,Online,P0008,Cookware Set,Home & Kitchen,2,144.8,0.05,275.12,138.18,136.94
O005659,2026-03-24,C0203,West,Online,P0009,Vacuum Cleaner,Home & Kitchen,4,86.66,0.0,346.64,212.96,133.68
O005660,2026-03-25,C0069,South,Retail,P0020,Monitor Arm,Office Supplies,6,193.94,0.1,1047.28,776.4,270.88
O005661,2026-03-25,C0289,North,Online,P0008,Cookware Set,Home & Kitchen,6,144.8,0.05,825.36,414.54,410.82
O005662,2026-03-25,C0129,South,Retail,P0013,Backpack,Apparel,7,282.71,0.1,1781.07,1405.18,375.89
O005663,2026-03-25,C0289,North,Online,P0005,Laptop Stand,Electronics,1,108.18,0.0,108.18,64.91,43.27
O005664,2026-03-25,C0100,East,Retail,P0001,Wireless Earbuds,Electronics,2,46.85,0.0,93.7,48.36,45.34
O005665,2026-03-25,C0003,South,Online,P0019,Desk Organizer,Office Supplies,4,260.68,0.05,990.58,683.8,306.78
O005666,2026-03-25,C0015,West,Wholesale,P0002,Smart Watch,Electronics,5,189.4,0.0,947.0,504.7,442.3
O005667,2026-03-26,C0127,North,Retail,P0003,Bluetooth Speaker,Electronics,6,365.93,0.05,2085.8,1291.98,793.82
O005668,2026-03-26,C0223,West,Wholesale,P0003,Bluetooth Speaker,Electronics,1,365.93,0.15,311.04,215.33,95.71
O005669,2026-03-26,C0021,North,Retail,P0017,Standing Desk,Office Supplies,5,143.29,0.2,573.16,434.75,138.41
O005670,2026-03-26,C0232,South,Online,P0004,Power Bank,Electronics,5,156.84,0.0,784.2,571.2,213.0
O005671,2026-03-26,C0383,West,Retail,P0005,Laptop Stand,Electronics,3,108.18,0.0,324.54,194.73,129.81
O005672,2026-03-26,C0328,West,Online,P0018,Notebook Set,Office Supplies,7,171.61,0.0,1201.27,598.99,602.28
O005673,2026-03-26,C0120,North,Online,P0003,Bluetooth Speaker,Electronics,6,365.93,0.1,1976.02,1291.98,684.04
O005674,2026-03-26,C0347,South,Online,P0018,Notebook Set,Office Supplies,7,171.61,0.0,1201.27,598.99,602.28
O005675,2026-03-26,C0137,West,Online,P0012,Denim Jacket,Apparel,1,97.06,0.0,97.06,56.82,40.24
O005676,2026-03-27,C0027,North,Online,P0009,Vacuum Cleaner,Home & Kitchen,5,86.66,0.1,389.97,266.2,123.77
O005677,2026-03-27,C0140,South,Online,P0009,Vacuum Cleaner,Home & Kitchen,3,86.66,0.0,259.98,159.72,100.26
O005678,2026-03-27,C0224,South,Wholesale,P0003,Bluetooth Speaker,Electronics,4,365.93,0.05,1390.53,861.32,529.21
O005679,2026-03-27,C0307,North,Online,P0008,Cookware Set,Home & Kitchen,1,144.8,0.05,137.56,69.09,68.47
O005680,2026-03-27,C0116,South,Retail,P0003,Bluetooth Speaker,Electronics,5,365.93,0.0,1829.65,1076.65,753.0
O005681,2026-03-27,C0163,West,Retail,P0020,Monitor Arm,Office Supplies,4,193.94,0.05,736.97,517.6,219.37
O005682,2026-03-28,C0319,South,Online,P0017,Standing Desk,Office Supplies,6,143.29,0.15,730.78,521.7,209.08
O005683,2026-03-28,C0225,South,Wholesale,P0011,Running Shoes,Apparel,1,291.03,0.0,291.03,135.32,155.71
O005684,2026-03-28,C0225,South,Wholesale,P0017,Standing Desk,Office Supplies,5,143.29,0.1,644.8,434.75,210.05
O005685,2026-03-28,C0045,West,Retail,P0005,Laptop Stand,Electronics,2,108.18,0.1,194.72,129.82,64.9
O005686,2026-03-28,C0033,East,Online,P0020,Monitor Arm,Office Supplies,2,193.94,0.05,368.49,258.8,109.69
O005687,2026-03-28,C0095,East,Online,P0010,Coffee Maker,Home & Kitchen,3,276.64,0.0,829.92,616.26,213.66
O005688,2026-03-28,C0244,East,Online,P0007,Blender,Home & Kitchen,2,121.55,0.05,230.94,177.52,53.42
O005689,2026-03-29,C0159,West,Retail,P0002,Smart Watch,Electronics,4,189.4,0.1,681.84,403.76,278.08
O005690,2026-03-29,C0082,West,Online,P0011,Running Shoes,Apparel,2,291.03,0.0,582.06,270.64,311.42
O005691,2026-03-29,C0019,North,Retail,P0017,Standing Desk,Office Supplies,4,143.29,0.0,573.16,347.8,225.36
O005692,2026-03-29,C0039,North,Retail,P0017,Standing Desk,Office Supplies,7,143.29,0.0,1003.03,608.65,394.38
O005693,2026-03-29,C0248,North,Retail,P0005,Laptop Stand,Electronics,2,108.18,0.0,216.36,129.82,86.54
O005694,2026-03-29,C0102,West,Online,P0012,Denim Jacket,Apparel,7,97.06,0.05,645.45,397.74,247.71
O005695,2026-03-29,C0067,West,Retail,P0011,Running Shoes,Apparel,2,291.03,0.05,552.96,270.64,282.32
O005696,2026-03-29,C0225,South,Wholesale,P0015,Wallet,Apparel,1,245.76,0.0,245.76,149.83,95.93
O005697,2026-03-29,C0238,West,Wholesale,P0004,Power Bank,Electronics,3,156.84,0.05,446.99,342.72,104.27
O005698,2026-03-29,C0141,North,Online,P0017,Standing Desk,Office Supplies,3,143.29,0.05,408.38,260.85,147.53
O005699,2026-03-30,C0024,South,Online,P0019,Desk Organizer,Office Supplies,1,260.68,0.2,208.54,170.95,37.59
O005700,2026-03-30,C0107,East,Retail,P0008,Cookware Set,Home & Kitchen,3,144.8,0.0,434.4,207.27,227.13
O005701,2026-03-30,C0396,South,Retail,P0006,Air Fryer,Home & Kitchen,5,298.69,0.0,1493.45,760.0,733.45
O005702,2026-03-30,C0046,North,Online,P0003,Bluetooth Speaker,Electronics,7,365.93,0.05,2433.43,1507.31,926.12
O005703,2026-03-30,C0137,West,Online,P0005,Laptop Stand,Electronics,5,108.18,0.0,540.9,324.55,216.35
O005704,2026-03-30,C0242,North,Online,P0008,Cookware Set,Home & Kitchen,2,144.8,0.0,289.6,138.18,151.42
O005705,2026-03-30,C0334,South,Retail,P0010,Coffee Maker,Home & Kitchen,6,276.64,0.15,1410.86,1232.52,178.34
O005706,2026-03-30,C0311,North,Online,P0020,Monitor Arm,Office Supplies,6,193.94,0.05,1105.46,776.4,329.06
O005707,2026-03-31,C0399,South,Online,P0020,Monitor Arm,Office Supplies,6,193.94,0.2,930.91,776.4,154.51
O005708,2026-03-31,C0351,East,Online,P0008,Cookware Set,Home & Kitchen,2,144.8,0.0,289.6,138.18,151.42
O005709,2026-03-31,C0154,West,Retail,P0019,Desk Organizer,Office Supplies,1,260.68,0.0,260.68,170.95,89.73
O005710,2026-03-31,C0142,South,Online,P0009,Vacuum Cleaner,Home & Kitchen,3,86.66,0.0,259.98,159.72,100.26
O005711,2026-03-31,C0181,West,Wholesale,P0016,Ergonomic Chair,Office Supplies,1,85.32,0.0,85.32,51.43,33.89
O005712,2026-03-31,C0271,North,Online,P0011,Running Shoes,Apparel,6,291.03,0.05,1658.87,811.92,846.95
O005713,2026-03-31,C0273,South,Wholesale,P0008,Cookware Set,Home & Kitchen,7,144.8,0.1,912.24,483.63,428.61
O005714,2026-03-31,C0155,East,Retail,P0020,Monitor Arm,Office Supplies,2,193.94,0.05,368.49,258.8,109.69
O005715,2026-03-31,C0043,West,Retail,P0002,Smart Watch,Electronics,1,189.4,0.0,189.4,100.94,88.46
O005716,2026-03-31,C0273,South,Wholesale,P0001,Wireless Earbuds,Electronics,6,46.85,0.05,267.04,145.08,121.96
O005717,2026-03-31,C0072,East,Retail,P0001,Wireless Earbuds,Electronics,7,46.85,0.05,311.55,169.26,142.29
O005718,2026-03-31,C0175,West,Wholesale,P0010,Coffee Maker,Home & Kitchen,4,276.64,0.05,1051.23,821.68,229.55
O005719,2026-04-01,C0165,East,Retail,P0001,Wireless Earbuds,Electronics,4,46.85,0.0,187.4,96.72,90.68
O005720,2026-04-01,C0336,South,Wholesale,P0008,Cookware Set,Home & Kitchen,1,144.8,0.0,144.8,69.09,75.71
O005721,2026-04-01,C0369,South,Retail,P0002,Smart Watch,Electronics,3,189.4,0.1,511.38,302.82,208.56
O005722,2026-04-01,C0326,North,Wholesale,P0012,Denim Jacket,Apparel,1,97.06,0.05,92.21,56.82,35.39
O005723,2026-04-02,C0113,South,Retail,P0012,Denim Jacket,Apparel,6,97.06,0.0,582.36,340.92,241.44
O005724,2026-04-02,C0056,North,Wholesale,P0019,Desk Organizer,Office Supplies,2,260.68,0.0,521.36,341.9,179.46
O005725,2026-04-02,C0237,South,Online,P0012,Denim Jacket,Apparel,5,97.06,0.0,485.3,284.1,201.2
O005726,2026-04-02,C0176,South,Online,P0020,Monitor Arm,Office Supplies,7,193.94,0.0,1357.58,905.8,451.78
O005727,2026-04-02,C0397,North,Wholesale,P0017,Standing Desk,Office Supplies,6,143.29,0.15,730.78,521.7,209.08
O005728,2026-04-02,C0238,West,Wholesale,P0014,Sunglasses,Apparel,4,226.65,0.0,906.6,475.84,430.76
O005729,2026-04-02,C0374,West,Retail,P0011,Running Shoes,Apparel,4,291.03,0.0,1164.12,541.28,622.84
O005730,2026-04-02,C0172,South,Online,P0009,Vacuum Cleaner,Home & Kitchen,6,86.66,0.1,467.96,319.44,148.52
O005731,2026-04-03,C0336,South,Wholesale,P0019,Desk Organizer,Office Supplies,3,260.68,0.0,782.04,512.85,269.19
O005732,2026-04-03,C0051,East,Retail,P0010,Coffee Maker,Home & Kitchen,5,276.64,0.05,1314.04,1027.1,286.94
O005733,2026-04-03,C0286,West,Online,P0009,Vacuum Cleaner,Home & Kitchen,3,86.66,0.1,233.98,159.72,74.26
O005734,2026-04-03,C0358,East,Online,P0011,Running Shoes,Apparel,4,291.03,0.05,1105.91,541.28,564.63
O005735,2026-04-03,C0308,East,Retail,P0008,Cookware Set,Home & Kitchen,2,144.8,0.05,275.12,138.18,136.94
O005736,2026-04-03,C0102,West,Online,P0005,Laptop Stand,Electronics,2,108.18,0.0,216.36,129.82,86.54
O005737,2026-04-03,C0078,South,Wholesale,P0011,Running Shoes,Apparel,1,291.03,0.05,276.48,135.32,141.16
O005738,2026-04-03,C0086,West,Online,P0008,Cookware Set,Home & Kitchen,4,144.8,0.1,521.28,276.36,244.92
O005739,2026-04-03,C0084,East,Online,P0004,Power Bank,Electronics,3,156.84,0.1,423.47,342.72,80.75
O005740,2026-04-04,C0178,South,Online,P0001,Wireless Earbuds,Electronics,7,46.85,0.0,327.95,169.26,158.69
O005741,2026-04-04,C0178,South,Online,P0007,Blender,Home & Kitchen,3,121.55,0.0,364.65,266.28,98.37
O005742,2026-04-04,C0357,North,Retail,P0008,Cookware Set,Home & Kitchen,7,144.8,0.0,1013.6,483.63,529.97
O005743,2026-04-04,C0037,East,Wholesale,P0006,Air Fryer,Home & Kitchen,3,298.69,0.15,761.66,456.0,305.66
O005744,2026-04-04,C0366,East,Online,P0016,Ergonomic Chair,Office Supplies,6,85.32,0.2,409.54,308.58,100.96
O005745,2026-04-04,C0076,North,Retail,P0003,Bluetooth Speaker,Electronics,2,365.93,0.0,731.86,430.66,301.2
O005746,2026-04-04,C0300,South,Retail,P0009,Vacuum Cleaner,Home & Kitchen,2,86.66,0.0,173.32,106.48,66.84
O005747,2026-04-05,C0392,North,Online,P0003,Bluetooth Speaker,Electronics,3,365.93,0.05,1042.9,645.99,396.91
O005748,2026-04-05,C0128,West,Retail,P0004,Power Bank,Electronics,3,156.84,0.0,470.52,342.72,127.8
O005749,2026-04-05,C0262,North,Retail,P0008,Cookware Set,Home & Kitchen,2,144.8,0.0,289.6,138.18,151.42
O005750,2026-04-05,C0132,North,Online,P0005,Laptop Stand,Electronics,1,108.18,0.15,91.95,64.91,27.04
O005751,2026-04-05,C0042,North,Online,P0014,Sunglasses,Apparel,6,226.65,0.0,1359.9,713.76,646.14
O005752,2026-04-05,C0122,East,Retail,P0008,Cookware Set,Home & Kitchen,4,144.8,0.0,579.2,276.36,302.84
O005753,2026-04-05,C0109,East,Online,P0004,Power Bank,Electronics,6,156.84,0.05,893.99,685.44,208.55
O005754,2026-04-05,C0341,North,Online,P0004,Power Bank,Electronics,5,156.84,0.1,705.78,571.2,134.58
O005755,2026-04-06,C0110,East,Retail,P0011,Running Shoes,Apparel,5,291.03,0.0,1455.15,676.6,778.55
O005756,2026-04-07,C0114,West,Retail,P0004,Power Bank,Electronics,6,156.84,0.0,941.04,685.44,255.6
O005757,2026-04-07,C0178,South,Online,P0002,Smart Watch,Electronics,7,189.4,0.05,1259.51,706.58,552.93
O005758,2026-04-07,C0289,North,Online,P0003,Bluetooth Speaker,Electronics,7,365.93,0.0,2561.51,1507.31,1054.2
O005759,2026-04-07,C0030,North,Online,P0001,Wireless Earbuds,Electronics,6,46.85,0.0,281.1,145.08,136.02
O005760,2026-04-07,C0192,West,Online,P0001,Wireless Earbuds,Electronics,7,46.85,0.05,311.55,169.26,142.29
O005761,2026-04-07,C0227,West,Retail,P0005,Laptop Stand,Electronics,2,108.18,0.05,205.54,129.82,75.72
O005762,2026-04-07,C0269,North,Online,P0020,Monitor Arm,Office Supplies,2,193.94,0.0,387.88,258.8,129.08
O005763,2026-04-08,C0364,West,Retail,P0016,Ergonomic Chair,Office Supplies,7,85.32,0.2,477.79,360.01,117.78
O005764,2026-04-08,C0075,West,Online,P0017,Standing Desk,Office Supplies,2,143.29,0.05,272.25,173.9,98.35
O005765,2026-04-08,C0211,South,Wholesale,P0007,Blender,Home & Kitchen,3,121.55,0.0,364.65,266.28,98.37
O005766,2026-04-08,C0023,West,Wholesale,P0012,Denim Jacket,Apparel,1,97.06,0.05,92.21,56.82,35.39
O005767,2026-04-09,C0336,South,Wholesale,P0017,Standing Desk,Office Supplies,7,143.29,0.0,1003.03,608.65,394.38
O005768,2026-04-09,C0234,North,Retail,P0014,Sunglasses,Apparel,1,226.65,0.0,226.65,118.96,107.69
O005769,2026-04-09,C0112,North,Online,P0020,Monitor Arm,Office Supplies,2,193.94,0.1,349.09,258.8,90.29
O005770,2026-04-09,C0187,West,Online,P0004,Power Bank,Electronics,5,156.84,0.1,705.78,571.2,134.58
O005771,2026-04-09,C0037,East,Wholesale,P0019,Desk Organizer,Office Supplies,5,260.68,0.0,1303.4,854.75,448.65
O005772,2026-04-09,C0262,North,Retail,P0007,Blender,Home & Kitchen,2,121.55,0.1,218.79,177.52,41.27
O005773,2026-04-09,C0254,West,Retail,P0014,Sunglasses,Apparel,4,226.65,0.15,770.61,475.84,294.77
O005774,2026-04-09,C0140,South,Online,P0018,Notebook Set,Office Supplies,5,171.61,0.0,858.05,427.85,430.2
O005775,2026-04-09,C0245,West,Wholesale,P0008,Cookware Set,Home & Kitchen,1,144.8,0.0,144.8,69.09,75.71
O005776,2026-04-10,C0267,West,Retail,P0009,Vacuum Cleaner,Home & Kitchen,7,86.66,0.05,576.29,372.68,203.61
O005777,2026-04-10,C0007,East,Wholesale,P0017,Standing Desk,Office Supplies,2,143.29,0.1,257.92,173.9,84.02
O005778,2026-04-10,C0057,East,Retail,P0003,Bluetooth Speaker,Electronics,1,365.93,0.05,347.63,215.33,132.3
O005779,2026-04-10,C0352,West,Retail,P0013,Backpack,Apparel,7,282.71,0.0,1978.97,1405.18,573.79
O005780,2026-04-10,C0047,West,Retail,P0008,Cookware Set,Home & Kitchen,6,144.8,0.1,781.92,414.54,367.38
O005781,2026-04-10,C0249,South,Online,P0011,Running Shoes,Apparel,2,291.03,0.1,523.85,270.64,253.21
O005782,2026-04-10,C0209,South,Online,P0003,Bluetooth Speaker,Electronics,5,365.93,0.15,1555.2,1076.65,478.55
O005783,2026-04-11,C0174,West,Retail,P0004,Power Bank,Electronics,3,156.84,0.05,446.99,342.72,104.27
O005784,2026-04-11,C0306,South,Online,P0010,Coffee Maker,Home & Kitchen,1,276.64,0.0,276.64,205.42,71.22
O005785,2026-04-11,C0344,South,Wholesale,P0006,Air Fryer,Home & Kitchen,2,298.69,0.1,537.64,304.0,233.64
O005786,2026-04-11,C0218,East,Retail,P0005,Laptop Stand,Electronics,2,108.18,0.2,173.09,129.82,43.27
O005787,2026-04-12,C0260,North,Retail,P0016,Ergonomic Chair,Office Supplies,2,85.32,0.05,162.11,102.86,59.25
O005788,2026-04-12,C0026,West,Online,P0001,Wireless Earbuds,Electronics,3,46.85,0.1,126.5,72.54,53.96
O005789,2026-04-12,C0169,South,Online,P0013,Backpack,Apparel,6,282.71,0.0,1696.26,1204.44,491.82
O005790,2026-04-12,C0177,South,Online,P0020,Monitor Arm,Office Supplies,2,193.94,0.1,349.09,258.8,90.29
O005791,2026-04-12,C0335,South,Retail,P0001,Wireless Earbuds,Electronics,1,46.85,0.0,46.85,24.18,22.67
O005792,2026-04-13,C0084,East,Online,P0007,Blender,Home & Kitchen,4,121.55,0.0,486.2,355.04,131.16
O005793,2026-04-13,C0272,West,Retail,P0015,Wallet,Apparel,4,245.76,0.15,835.58,599.32,236.26
O005794,2026-04-13,C0179,East,Retail,P0014,Sunglasses,Apparel,7,226.65,0.0,1586.55,832.72,753.83
O005795,2026-04-13,C0176,South,Online,P0017,Standing Desk,Office Supplies,2,143.29,0.1,257.92,173.9,84.02
O005796,2026-04-13,C0317,South,Retail,P0017,Standing Desk,Office Supplies,4,143.29,0.0,573.16,347.8,225.36
O005797,2026-04-14,C0177,South,Online,P0014,Sunglasses,Apparel,1,226.65,0.05,215.32,118.96,96.36
O005798,2026-04-14,C0284,North,Wholesale,P0013,Backpack,Apparel,6,282.71,0.0,1696.26,1204.44,491.82
O005799,2026-04-14,C0146,West,Wholesale,P0003,Bluetooth Speaker,Electronics,3,365.93,0.05,1042.9,645.99,396.91
O005800,2026-04-14,C0249,South,Online,P0001,Wireless Earbuds,Electronics,2,46.85,0.0,93.7,48.36,45.34
O005801,2026-04-14,C0271,North,Online,P0016,Ergonomic Chair,Office Supplies,2,85.32,0.15,145.04,102.86,42.18
O005802,2026-04-14,C0386,North,Online,P0003,Bluetooth Speaker,Electronics,5,365.93,0.2,1463.72,1076.65,387.07
O005803,2026-04-14,C0025,West,Online,P0020,Monitor Arm,Office Supplies,2,193.94,0.15,329.7,258.8,70.9
O005804,2026-04-14,C0193,West,Online,P0004,Power Bank,Electronics,1,156.84,0.05,149.0,114.24,34.76
O005805,2026-04-15,C0171,East,Retail,P0020,Monitor Arm,Office Supplies,3,193.94,0.0,581.82,388.2,193.62
O005806,2026-04-15,C0283,West,Retail,P0013,Backpack,Apparel,4,282.71,0.2,904.67,802.96,101.71
O005807,2026-04-15,C0301,East,Retail,P0015,Wallet,Apparel,5,245.76,0.0,1228.8,749.15,479.65
O005808,2026-04-15,C0377,South,Retail,P0011,Running Shoes,Apparel,1,291.03,0.0,291.03,135.32,155.71
O005809,2026-04-15,C0032,West,Retail,P0001,Wireless Earbuds,Electronics,3,46.85,0.1,126.5,72.54,53.96
O005810,2026-04-15,C0350,East,Online,P0017,Standing Desk,Office Supplies,6,143.29,0.1,773.77,521.7,252.07
O005811,2026-04-15,C0080,East,Wholesale,P0018,Notebook Set,Office Supplies,7,171.61,0.15,1021.08,598.99,422.09
O005812,2026-04-16,C0378,East,Online,P0004,Power Bank,Electronics,4,156.84,0.15,533.26,456.96,76.3
O005813,2026-04-16,C0061,North,Online,P0020,Monitor Arm,Office Supplies,4,193.94,0.1,698.18,517.6,180.58
O005814,2026-04-16,C0382,South,Wholesale,P0017,Standing Desk,Office Supplies,2,143.29,0.0,286.58,173.9,112.68
O005815,2026-04-16,C0065,North,Retail,P0020,Monitor Arm,Office Supplies,6,193.94,0.15,989.09,776.4,212.69
O005816,2026-04-16,C0200,North,Retail,P0003,Bluetooth Speaker,Electronics,6,365.93,0.1,1976.02,1291.98,684.04
O005817,2026-04-16,C0083,East,Retail,P0016,Ergonomic Chair,Office Supplies,7,85.32,0.05,567.38,360.01,207.37
O005818,2026-04-16,C0370,North,Wholesale,P0012,Denim Jacket,Apparel,6,97.06,0.2,465.89,340.92,124.97
O005819,2026-04-17,C0062,West,Wholesale,P0020,Monitor Arm,Office Supplies,2,193.94,0.15,329.7,258.8,70.9
O005820,2026-04-17,C0192,West,Online,P0011,Running Shoes,Apparel,3,291.03,0.15,742.13,405.96,336.17
O005821,2026-04-17,C0184,West,Online,P0007,Blender,Home & Kitchen,2,121.55,0.1,218.79,177.52,41.27
O005822,2026-04-17,C0337,North,Online,P0020,Monitor Arm,Office Supplies,6,193.94,0.15,989.09,776.4,212.69
O005823,2026-04-17,C0019,North,Retail,P0007,Blender,Home & Kitchen,6,121.55,0.1,656.37,532.56,123.81
O005824,2026-04-18,C0177,South,Online,P0003,Bluetooth Speaker,Electronics,3,365.93,0.05,1042.9,645.99,396.91
O005825,2026-04-18,C0100,East,Retail,P0013,Backpack,Apparel,7,282.71,0.0,1978.97,1405.18,573.79
O005826,2026-04-18,C0018,West,Wholesale,P0013,Backpack,Apparel,1,282.71,0.0,282.71,200.74,81.97
O005827,2026-04-18,C0399,South,Online,P0014,Sunglasses,Apparel,6,226.65,0.05,1291.9,713.76,578.14
O005828,2026-04-18,C0064,East,Online,P0015,Wallet,Apparel,4,245.76,0.15,835.58,599.32,236.26
O005829,2026-04-18,C0140,South,Online,P0002,Smart Watch,Electronics,3,189.4,0.2,454.56,302.82,151.74
O005830,2026-04-18,C0386,North,Online,P0001,Wireless Earbuds,Electronics,2,46.85,0.15,79.64,48.36,31.28
O005831,2026-04-18,C0350,East,Online,P0014,Sunglasses,Apparel,4,226.65,0.2,725.28,475.84,249.44
O005832,2026-04-18,C0330,South,Retail,P0009,Vacuum Cleaner,Home & Kitchen,2,86.66,0.0,173.32,106.48,66.84
O005833,2026-04-18,C0284,North,Wholesale,P0006,Air Fryer,Home & Kitchen,6,298.69,0.0,1792.14,912.0,880.14
O005834,2026-04-19,C0087,South,Wholesale,P0008,Cookware Set,Home & Kitchen,4,144.8,0.05,550.24,276.36,273.88
O005835,2026-04-19,C0315,East,Online,P0002,Smart Watch,Electronics,6,189.4,0.0,1136.4,605.64,530.76
O005836,2026-04-19,C0201,North,Wholesale,P0005,Laptop Stand,Electronics,5,108.18,0.0,540.9,324.55,216.35
O005837,2026-04-19,C0341,North,Online,P0017,Standing Desk,Office Supplies,1,143.29,0.05,136.13,86.95,49.18
O005838,2026-04-19,C0247,North,Wholesale,P0018,Notebook Set,Office Supplies,5,171.61,0.0,858.05,427.85,430.2
O005839,2026-04-19,C0147,North,Online,P0009,Vacuum Cleaner,Home & Kitchen,5,86.66,0.2,346.64,266.2,80.44
O005840,2026-04-20,C0318,South,Retail,P0018,Notebook Set,Office Supplies,7,171.61,0.05,1141.21,598.99,542.22
O005841,2026-04-20,C0366,East,Online,P0020,Monitor Arm,Office Supplies,5,193.94,0.0,969.7,647.0,322.7
O005842,2026-04-20,C0290,North,Online,P0014,Sunglasses,Apparel,2,226.65,0.05,430.64,237.92,192.72
O005843,2026-04-20,C0019,North,Retail,P0004,Power Bank,Electronics,3,156.84,0.0,470.52,342.72,127.8
O005844,2026-04-20,C0371,East,Wholesale,P0014,Sunglasses,Apparel,1,226.65,0.1,203.98,118.96,85.02
O005845,2026-04-20,C0059,East,Online,P0014,Sunglasses,Apparel,1,226.65,0.0,226.65,118.96,107.69
O005846,2026-04-20,C0384,West,Online,P0010,Coffee Maker,Home & Kitchen,7,276.64,0.0,1936.48,1437.94,498.54
O005847,2026-04-20,C0263,North,Online,P0006,Air Fryer,Home & Kitchen,3,298.69,0.0,896.07,456.0,440.07
O005848,2026-04-20,C0107,East,Retail,P0011,Running Shoes,Apparel,3,291.03,0.05,829.44,405.96,423.48
O005849,2026-04-21,C0343,East,Retail,P0010,Coffee Maker,Home & Kitchen,5,276.64,0.2,1106.56,1027.1,79.46
O005850,2026-04-21,C0341,North,Online,P0012,Denim Jacket,Apparel,1,97.06,0.1,87.35,56.82,30.53
O005851,2026-04-21,C0198,South,Online,P0010,Coffee Maker,Home & Kitchen,3,276.64,0.0,829.92,616.26,213.66
O005852,2026-04-21,C0273,South,Wholesale,P0017,Standing Desk,Office Supplies,6,143.29,0.0,859.74,521.7,338.04
O005853,2026-04-21,C0356,North,Wholesale,P0007,Blender,Home & Kitchen,6,121.55,0.1,656.37,532.56,123.81
O005854,2026-04-21,C0324,North,Retail,P0004,Power Bank,Electronics,6,156.84,0.05,893.99,685.44,208.55
O005855,2026-04-21,C0397,North,Wholesale,P0009,Vacuum Cleaner,Home & Kitchen,5,86.66,0.05,411.63,266.2,145.43
O005856,2026-04-22,C0097,West,Retail,P0019,Desk Organizer,Office Supplies,1,260.68,0.05,247.65,170.95,76.7
O005857,2026-04-22,C0127,North,Retail,P0004,Power Bank,Electronics,2,156.84,0.0,313.68,228.48,85.2
O005858,2026-04-22,C0078,South,Wholesale,P0014,Sunglasses,Apparel,4,226.65,0.05,861.27,475.84,385.43
O005859,2026-04-22,C0260,North,Retail,P0014,Sunglasses,Apparel,7,226.65,0.0,1586.55,832.72,753.83
O005860,2026-04-22,C0019,North,Retail,P0016,Ergonomic Chair,Office Supplies,6,85.32,0.0,511.92,308.58,203.34
O005861,2026-04-22,C0270,East,Online,P0017,Standing Desk,Office Supplies,2,143.29,0.1,257.92,173.9,84.02
O005862,2026-04-22,C0226,East,Wholesale,P0018,Notebook Set,Office Supplies,1,171.61,0.05,163.03,85.57,77.46
O005863,2026-04-23,C0089,West,Wholesale,P0018,Notebook Set,Office Supplies,2,171.61,0.05,326.06,171.14,154.92
O005864,2026-04-23,C0032,West,Retail,P0016,Ergonomic Chair,Office Supplies,5,85.32,0.1,383.94,257.15,126.79
O005865,2026-04-23,C0361,West,Retail,P0010,Coffee Maker,Home & Kitchen,4,276.64,0.15,940.58,821.68,118.9
O005866,2026-04-23,C0206,South,Retail,P0004,Power Bank,Electronics,5,156.84,0.1,705.78,571.2,134.58
O005867,2026-04-23,C0398,West,Retail,P0018,Notebook Set,Office Supplies,4,171.61,0.15,583.47,342.28,241.19
O005868,2026-04-23,C0175,West,Wholesale,P0016,Ergonomic Chair,Office Supplies,3,85.32,0.05,243.16,154.29,88.87
O005869,2026-04-23,C0205,South,Wholesale,P0017,Standing Desk,Office Supplies,3,143.29,0.05,408.38,260.85,147.53
O005870,2026-04-23,C0011,West,Online,P0019,Desk Organizer,Office Supplies,5,260.68,0.0,1303.4,854.75,448.65
O005871,2026-04-24,C0398,West,Retail,P0018,Notebook Set,Office Supplies,3,171.61,0.0,514.83,256.71,258.12
O005872,2026-04-24,C0395,West,Wholesale,P0004,Power Bank,Electronics,4,156.84,0.0,627.36,456.96,170.4
O005873,2026-04-24,C0032,West,Retail,P0018,Notebook Set,Office Supplies,5,171.61,0.05,815.15,427.85,387.3
O005874,2026-04-24,C0061,North,Online,P0007,Blender,Home & Kitchen,2,121.55,0.0,243.1,177.52,65.58
O005875,2026-04-24,C0067,West,Retail,P0001,Wireless Earbuds,Electronics,4,46.85,0.05,178.03,96.72,81.31
O005876,2026-04-24,C0296,North,Wholesale,P0014,Sunglasses,Apparel,4,226.65,0.2,725.28,475.84,249.44
O005877,2026-04-24,C0038,West,Online,P0001,Wireless Earbuds,Electronics,5,46.85,0.2,187.4,120.9,66.5
O005878,2026-04-24,C0392,North,Online,P0004,Power Bank,Electronics,4,156.84,0.0,627.36,456.96,170.4
O005879,2026-04-24,C0180,South,Online,P0014,Sunglasses,Apparel,7,226.65,0.05,1507.22,832.72,674.5
O005880,2026-04-25,C0165,East,Retail,P0013,Backpack,Apparel,6,282.71,0.1,1526.63,1204.44,322.19
O005881,2026-04-25,C0322,East,Retail,P0020,Monitor Arm,Office Supplies,3,193.94,0.2,465.46,388.2,77.26
O005882,2026-04-25,C0368,North,Wholesale,P0018,Notebook Set,Office Supplies,3,171.61,0.15,437.61,256.71,180.9
O005883,2026-04-25,C0015,West,Wholesale,P0004,Power Bank,Electronics,5,156.84,0.05,744.99,571.2,173.79
O005884,2026-04-25,C0059,East,Online,P0010,Coffee Maker,Home & Kitchen,6,276.64,0.0,1659.84,1232.52,427.32
O005885,2026-04-25,C0355,West,Wholesale,P0002,Smart Watch,Electronics,1,189.4,0.15,160.99,100.94,60.05
O005886,2026-04-26,C0359,North,Retail,P0018,Notebook Set,Office Supplies,7,171.61,0.2,961.02,598.99,362.03
O005887,2026-04-26,C0088,North,Online,P0018,Notebook Set,Office Supplies,5,171.61,0.05,815.15,427.85,387.3
O005888,2026-04-26,C0144,North,Retail,P0003,Bluetooth Speaker,Electronics,1,365.93,0.05,347.63,215.33,132.3
O005889,2026-04-26,C0291,East,Online,P0019,Desk Organizer,Office Supplies,6,260.68,0.0,1564.08,1025.7,538.38
O005890,2026-04-26,C0080,East,Wholesale,P0018,Notebook Set,Office Supplies,5,171.61,0.15,729.34,427.85,301.49
O005891,2026-04-26,C0251,East,Online,P0015,Wallet,Apparel,5,245.76,0.1,1105.92,749.15,356.77
O005892,2026-04-26,C0283,West,Retail,P0019,Desk Organizer,Office Supplies,3,260.68,0.0,782.04,512.85,269.19
O005893,2026-04-27,C0173,South,Online,P0001,Wireless Earbuds,Electronics,7,46.85,0.05,311.55,169.26,142.29
O005894,2026-04-27,C0310,South,Wholesale,P0003,Bluetooth Speaker,Electronics,5,365.93,0.0,1829.65,1076.65,753.0
O005895,2026-04-27,C0163,West,Retail,P0010,Coffee Maker,Home & Kitchen,2,276.64,0.1,497.95,410.84,87.11
O005896,2026-04-27,C0118,South,Retail,P0014,Sunglasses,Apparel,4,226.65,0.1,815.94,475.84,340.1
O005897,2026-04-27,C0091,South,Retail,P0019,Desk Organizer,Office Supplies,6,260.68,0.0,1564.08,1025.7,538.38
O005898,2026-04-27,C0135,West,Wholesale,P0016,Ergonomic Chair,Office Supplies,4,85.32,0.0,341.28,205.72,135.56
O005899,2026-04-27,C0268,West,Retail,P0003,Bluetooth Speaker,Electronics,1,365.93,0.05,347.63,215.33,132.3
O005900,2026-04-28,C0271,North,Online,P0015,Wallet,Apparel,1,245.76,0.15,208.9,149.83,59.07
O005901,2026-04-28,C0310,South,Wholesale,P0013,Backpack,Apparel,1,282.71,0.15,240.3,200.74,39.56
O005902,2026-04-28,C0124,East,Wholesale,P0013,Backpack,Apparel,4,282.71,0.0,1130.84,802.96,327.88
O005903,2026-04-28,C0057,East,Retail,P0014,Sunglasses,Apparel,3,226.65,0.05,645.95,356.88,289.07
O005904,2026-04-28,C0389,West,Online,P0013,Backpack,Apparel,7,282.71,0.1,1781.07,1405.18,375.89
O005905,2026-04-28,C0101,West,Retail,P0007,Blender,Home & Kitchen,2,121.55,0.05,230.94,177.52,53.42
O005906,2026-04-28,C0395,West,Wholesale,P0015,Wallet,Apparel,5,245.76,0.2,983.04,749.15,233.89
O005907,2026-04-28,C0384,West,Online,P0004,Power Bank,Electronics,6,156.84,0.15,799.88,685.44,114.44
O005908,2026-04-28,C0214,South,Retail,P0017,Standing Desk,Office Supplies,7,143.29,0.05,952.88,608.65,344.23
O005909,2026-04-29,C0378,East,Online,P0011,Running Shoes,Apparel,7,291.03,0.2,1629.77,947.24,682.53
O005910,2026-04-29,C0296,North,Wholesale,P0007,Blender,Home & Kitchen,2,121.55,0.2,194.48,177.52,16.96
O005911,2026-04-29,C0099,South,Wholesale,P0005,Laptop Stand,Electronics,2,108.18,0.0,216.36,129.82,86.54
O005912,2026-04-29,C0143,North,Wholesale,P0003,Bluetooth Speaker,Electronics,7,365.93,0.15,2177.28,1507.31,669.97
O005913,2026-04-29,C0285,South,Retail,P0001,Wireless Earbuds,Electronics,2,46.85,0.15,79.64,48.36,31.28
O005914,2026-04-29,C0046,North,Online,P0011,Running Shoes,Apparel,2,291.03,0.0,582.06,270.64,311.42
O005915,2026-04-29,C0085,East,Retail,P0009,Vacuum Cleaner,Home & Kitchen,5,86.66,0.0,433.3,266.2,167.1
O005916,2026-04-29,C0257,South,Retail,P0008,Cookware Set,Home & Kitchen,3,144.8,0.05,412.68,207.27,205.41
O005917,2026-04-29,C0168,South,Retail,P0004,Power Bank,Electronics,4,156.84,0.15,533.26,456.96,76.3
O005918,2026-04-30,C0370,North,Wholesale,P0010,Coffee Maker,Home & Kitchen,1,276.64,0.0,276.64,205.42,71.22
O005919,2026-04-30,C0362,East,Online,P0002,Smart Watch,Electronics,5,189.4,0.05,899.65,504.7,394.95
O005920,2026-04-30,C0313,North,Retail,P0019,Desk Organizer,Office Supplies,3,260.68,0.15,664.73,512.85,151.88
O005921,2026-04-30,C0184,West,Online,P0013,Backpack,Apparel,1,282.71,0.15,240.3,200.74,39.56
O005922,2026-04-30,C0067,West,Retail,P0003,Bluetooth Speaker,Electronics,4,365.93,0.0,1463.72,861.32,602.4
O005923,2026-04-30,C0135,West,Wholesale,P0012,Denim Jacket,Apparel,5,97.06,0.0,485.3,284.1,201.2
O005924,2026-04-30,C0061,North,Online,P0015,Wallet,Apparel,3,245.76,0.0,737.28,449.49,287.79
O005925,2026-04-30,C0192,West,Online,P0005,Laptop Stand,Electronics,4,108.18,0.0,432.72,259.64,173.08
O005926,2026-04-30,C0338,East,Retail,P0013,Backpack,Apparel,5,282.71,0.0,1413.55,1003.7,409.85
O005927,2026-05-01,C0393,North,Retail,P0017,Standing Desk,Office Supplies,1,143.29,0.0,143.29,86.95,56.34
O005928,2026-05-01,C0386,North,Online,P0013,Backpack,Apparel,6,282.71,0.15,1441.82,1204.44,237.38
O005929,2026-05-01,C0123,West,Retail,P0020,Monitor Arm,Office Supplies,2,193.94,0.05,368.49,258.8,109.69
O005930,2026-05-01,C0359,North,Retail,P0012,Denim Jacket,Apparel,4,97.06,0.0,388.24,227.28,160.96
O005931,2026-05-01,C0307,North,Online,P0005,Laptop Stand,Electronics,5,108.18,0.1,486.81,324.55,162.26
O005932,2026-05-01,C0073,North,Retail,P0007,Blender,Home & Kitchen,6,121.55,0.05,692.83,532.56,160.27
O005933,2026-05-01,C0208,West,Online,P0013,Backpack,Apparel,5,282.71,0.0,1413.55,1003.7,409.85
O005934,2026-05-01,C0046,North,Online,P0013,Backpack,Apparel,2,282.71,0.15,480.61,401.48,79.13
O005935,2026-05-01,C0046,North,Online,P0014,Sunglasses,Apparel,2,226.65,0.1,407.97,237.92,170.05
O005936,2026-05-01,C0322,East,Retail,P0001,Wireless Earbuds,Electronics,4,46.85,0.1,168.66,96.72,71.94
O005937,2026-05-02,C0133,North,Retail,P0005,Laptop Stand,Electronics,5,108.18,0.0,540.9,324.55,216.35
O005938,2026-05-02,C0065,North,Retail,P0010,Coffee Maker,Home & Kitchen,7,276.64,0.1,1742.83,1437.94,304.89
O005939,2026-05-02,C0364,West,Retail,P0002,Smart Watch,Electronics,1,189.4,0.05,179.93,100.94,78.99
O005940,2026-05-02,C0072,East,Retail,P0018,Notebook Set,Office Supplies,4,171.61,0.05,652.12,342.28,309.84
O005941,2026-05-02,C0099,South,Wholesale,P0011,Running Shoes,Apparel,7,291.03,0.15,1731.63,947.24,784.39
O005942,2026-05-02,C0109,East,Online,P0010,Coffee Maker,Home & Kitchen,1,276.64,0.1,248.98,205.42,43.56
O005943,2026-05-02,C0020,South,Retail,P0020,Monitor Arm,Office Supplies,7,193.94,0.0,1357.58,905.8,451.78
O005944,2026-05-02,C0018,West,Wholesale,P0009,Vacuum Cleaner,Home & Kitchen,5,86.66,0.05,411.63,266.2,145.43
O005945,2026-05-02,C0077,North,Wholesale,P0006,Air Fryer,Home & Kitchen,2,298.69,0.0,597.38,304.0,293.38
O005946,2026-05-03,C0065,North,Retail,P0017,Standing Desk,Office Supplies,1,143.29,0.05,136.13,86.95,49.18
O005947,2026-05-03,C0268,West,Retail,P0012,Denim Jacket,Apparel,1,97.06,0.05,92.21,56.82,35.39
O005948,2026-05-03,C0134,East,Online,P0014,Sunglasses,Apparel,2,226.65,0.05,430.64,237.92,192.72
O005949,2026-05-03,C0013,East,Retail,P0013,Backpack,Apparel,1,282.71,0.0,282.71,200.74,81.97
O005950,2026-05-03,C0310,South,Wholesale,P0020,Monitor Arm,Office Supplies,3,193.94,0.1,523.64,388.2,135.44
O005951,2026-05-03,C0355,West,Wholesale,P0014,Sunglasses,Apparel,7,226.65,0.0,1586.55,832.72,753.83
O005952,2026-05-03,C0105,East,Wholesale,P0005,Laptop Stand,Electronics,5,108.18,0.0,540.9,324.55,216.35
O005953,2026-05-03,C0223,West,Wholesale,P0007,Blender,Home & Kitchen,1,121.55,0.15,103.32,88.76,14.56
O005954,2026-05-04,C0006,South,Retail,P0020,Monitor Arm,Office Supplies,1,193.94,0.1,174.55,129.4,45.15
O005955,2026-05-04,C0255,West,Retail,P0017,Standing Desk,Office Supplies,3,143.29,0.0,429.87,260.85,169.02
O005956,2026-05-04,C0374,West,Retail,P0001,Wireless Earbuds,Electronics,6,46.85,0.05,267.04,145.08,121.96
O005957,2026-05-04,C0216,North,Retail,P0017,Standing Desk,Office Supplies,4,143.29,0.0,573.16,347.8,225.36
O005958,2026-05-04,C0186,East,Online,P0004,Power Bank,Electronics,7,156.84,0.0,1097.88,799.68,298.2
O005959,2026-05-04,C0371,East,Wholesale,P0001,Wireless Earbuds,Electronics,4,46.85,0.0,187.4,96.72,90.68
O005960,2026-05-04,C0327,South,Online,P0015,Wallet,Apparel,1,245.76,0.0,245.76,149.83,95.93
O005961,2026-05-04,C0122,East,Retail,P0013,Backpack,Apparel,5,282.71,0.15,1201.52,1003.7,197.82
O005962,2026-05-04,C0200,North,Retail,P0005,Laptop Stand,Electronics,1,108.18,0.1,97.36,64.91,32.45
O005963,2026-05-04,C0264,South,Retail,P0009,Vacuum Cleaner,Home & Kitchen,2,86.66,0.05,164.65,106.48,58.17
O005964,2026-05-04,C0386,North,Online,P0016,Ergonomic Chair,Office Supplies,6,85.32,0.0,511.92,308.58,203.34
O005965,2026-05-04,C0390,West,Online,P0018,Notebook Set,Office Supplies,7,171.61,0.05,1141.21,598.99,542.22
O005966,2026-05-05,C0300,South,Retail,P0011,Running Shoes,Apparel,3,291.03,0.2,698.47,405.96,292.51
O005967,2026-05-05,C0234,North,Retail,P0017,Standing Desk,Office Supplies,7,143.29,0.05,952.88,608.65,344.23
O005968,2026-05-05,C0125,North,Retail,P0002,Smart Watch,Electronics,7,189.4,0.1,1193.22,706.58,486.64
O005969,2026-05-05,C0028,South,Wholesale,P0014,Sunglasses,Apparel,1,226.65,0.05,215.32,118.96,96.36
O005970,2026-05-05,C0149,North,Online,P0012,Denim Jacket,Apparel,1,97.06,0.0,97.06,56.82,40.24
O005971,2026-05-05,C0211,South,Wholesale,P0020,Monitor Arm,Office Supplies,5,193.94,0.1,872.73,647.0,225.73
O005972,2026-05-05,C0062,West,Wholesale,P0019,Desk Organizer,Office Supplies,3,260.68,0.05,742.94,512.85,230.09
O005973,2026-05-05,C0148,North,Online,P0019,Desk Organizer,Office Supplies,2,260.68,0.15,443.16,341.9,101.26
O005974,2026-05-05,C0032,West,Retail,P0006,Air Fryer,Home & Kitchen,3,298.69,0.0,896.07,456.0,440.07
O005975,2026-05-05,C0059,East,Online,P0007,Blender,Home & Kitchen,7,121.55,0.0,850.85,621.32,229.53
O005976,2026-05-06,C0190,East,Retail,P0011,Running Shoes,Apparel,7,291.03,0.0,2037.21,947.24,1089.97
O005977,2026-05-06,C0382,South,Wholesale,P0005,Laptop Stand,Electronics,3,108.18,0.15,275.86,194.73,81.13
O005978,2026-05-06,C0083,East,Retail,P0010,Coffee Maker,Home & Kitchen,7,276.64,0.1,1742.83,1437.94,304.89
O005979,2026-05-06,C0398,West,Retail,P0003,Bluetooth Speaker,Electronics,3,365.93,0.05,1042.9,645.99,396.91
O005980,2026-05-06,C0006,South,Retail,P0005,Laptop Stand,Electronics,1,108.18,0.1,97.36,64.91,32.45
O005981,2026-05-06,C0045,West,Retail,P0001,Wireless Earbuds,Electronics,1,46.85,0.05,44.51,24.18,20.33
O005982,2026-05-06,C0353,West,Wholesale,P0001,Wireless Earbuds,Electronics,3,46.85,0.0,140.55,72.54,68.01
O005983,2026-05-06,C0229,North,Wholesale,P0014,Sunglasses,Apparel,1,226.65,0.05,215.32,118.96,96.36
O005984,2026-05-07,C0357,North,Retail,P0017,Standing Desk,Office Supplies,7,143.29,0.0,1003.03,608.65,394.38
O005985,2026-05-07,C0373,West,Wholesale,P0018,Notebook Set,Office Supplies,6,171.61,0.15,875.21,513.42,361.79
O005986,2026-05-07,C0366,East,Online,P0015,Wallet,Apparel,2,245.76,0.15,417.79,299.66,118.13
O005987,2026-05-07,C0168,South,Retail,P0005,Laptop Stand,Electronics,7,108.18,0.1,681.53,454.37,227.16
O005988,2026-05-07,C0221,West,Online,P0007,Blender,Home & Kitchen,5,121.55,0.0,607.75,443.8,163.95
O005989,2026-05-08,C0136,South,Online,P0012,Denim Jacket,Apparel,7,97.06,0.2,543.54,397.74,145.8
O005990,2026-05-08,C0120,North,Online,P0010,Coffee Maker,Home & Kitchen,4,276.64,0.1,995.9,821.68,174.22
O005991,2026-05-08,C0072,East,Retail,P0006,Air Fryer,Home & Kitchen,6,298.69,0.0,1792.14,912.0,880.14
O005992,2026-05-08,C0200,North,Retail,P0001,Wireless Earbuds,Electronics,4,46.85,0.05,178.03,96.72,81.31
O005993,2026-05-08,C0245,West,Wholesale,P0020,Monitor Arm,Office Supplies,7,193.94,0.05,1289.7,905.8,383.9
O005994,2026-05-08,C0059,East,Online,P0011,Running Shoes,Apparel,7,291.03,0.05,1935.35,947.24,988.11
O005995,2026-05-08,C0011,West,Online,P0005,Laptop Stand,Electronics,2,108.18,0.0,216.36,129.82,86.54
O005996,2026-05-08,C0059,East,Online,P0009,Vacuum Cleaner,Home & Kitchen,1,86.66,0.1,77.99,53.24,24.75
O005997,2026-05-08,C0243,West,Wholesale,P0010,Coffee Maker,Home & Kitchen,5,276.64,0.2,1106.56,1027.1,79.46
O005998,2026-05-08,C0228,East,Online,P0002,Smart Watch,Electronics,5,189.4,0.1,852.3,504.7,347.6
O005999,2026-05-09,C0279,North,Retail,P0014,Sunglasses,Apparel,6,226.65,0.15,1155.92,713.76,442.16
O006000,2026-05-09,C0231,West,Wholesale,P0010,Coffee Maker,Home & Kitchen,7,276.64,0.05,1839.66,1437.94,401.72
O006001,2026-05-09,C0351,East,Online,P0010,Coffee Maker,Home & Kitchen,4,276.64,0.2,885.25,821.68,63.57
O006002,2026-05-09,C0297,East,Online,P0013,Backpack,Apparel,6,282.71,0.0,1696.26,1204.44,491.82
O006003,2026-05-09,C0166,South,Wholesale,P0002,Smart Watch,Electronics,4,189.4,0.05,719.72,403.76,315.96
O006004,2026-05-09,C0219,North,Retail,P0008,Cookware Set,Home & Kitchen,4,144.8,0.0,579.2,276.36,302.84
O006005,2026-05-09,C0273,South,Wholesale,P0018,Notebook Set,Office Supplies,6,171.61,0.05,978.18,513.42,464.76
O006006,2026-05-09,C0233,North,Online,P0013,Backpack,Apparel,7,282.71,0.0,1978.97,1405.18,573.79
O006007,2026-05-09,C0012,North,Retail,P0008,Cookware Set,Home & Kitchen,6,144.8,0.15,738.48,414.54,323.94
O006008,2026-05-09,C0020,South,Retail,P0007,Blender,Home & Kitchen,5,121.55,0.05,577.36,443.8,133.56
O006009,2026-05-09,C0389,West,Online,P0018,Notebook Set,Office Supplies,6,171.61,0.0,1029.66,513.42,516.24
O006010,2026-05-09,C0169,South,Online,P0005,Laptop Stand,Electronics,2,108.18,0.05,205.54,129.82,75.72
O006011,2026-05-09,C0040,East,Retail,P0014,Sunglasses,Apparel,4,226.65,0.1,815.94,475.84,340.1
O006012,2026-05-09,C0043,West,Retail,P0010,Coffee Maker,Home & Kitchen,1,276.64,0.05,262.81,205.42,57.39
O006013,2026-05-09,C0004,South,Online,P0005,Laptop Stand,Electronics,1,108.18,0.0,108.18,64.91,43.27
O006014,2026-05-10,C0148,North,Online,P0013,Backpack,Apparel,1,282.71,0.0,282.71,200.74,81.97
O006015,2026-05-10,C0035,North,Retail,P0011,Running Shoes,Apparel,1,291.03,0.15,247.38,135.32,112.06
O006016,2026-05-10,C0368,North,Wholesale,P0002,Smart Watch,Electronics,7,189.4,0.0,1325.8,706.58,619.22
O006017,2026-05-10,C0131,West,Wholesale,P0011,Running Shoes,Apparel,2,291.03,0.0,582.06,270.64,311.42
O006018,2026-05-11,C0129,South,Retail,P0016,Ergonomic Chair,Office Supplies,1,85.32,0.1,76.79,51.43,25.36
O006019,2026-05-11,C0264,South,Retail,P0004,Power Bank,Electronics,2,156.84,0.1,282.31,228.48,53.83
O006020,2026-05-11,C0058,North,Retail,P0018,Notebook Set,Office Supplies,6,171.61,0.2,823.73,513.42,310.31
O006021,2026-05-11,C0091,South,Retail,P0016,Ergonomic Chair,Office Supplies,2,85.32,0.05,162.11,102.86,59.25
O006022,2026-05-11,C0126,North,Retail,P0019,Desk Organizer,Office Supplies,5,260.68,0.05,1238.23,854.75,383.48
O006023,2026-05-11,C0171,East,Retail,P0007,Blender,Home & Kitchen,2,121.55,0.0,243.1,177.52,65.58
O006024,2026-05-11,C0305,East,Retail,P0014,Sunglasses,Apparel,3,226.65,0.1,611.96,356.88,255.08
O006025,2026-05-11,C0197,East,Retail,P0014,Sunglasses,Apparel,4,226.65,0.0,906.6,475.84,430.76
O006026,2026-05-12,C0094,South,Retail,P0011,Running Shoes,Apparel,5,291.03,0.0,1455.15,676.6,778.55
O006027,2026-05-12,C0155,East,Retail,P0015,Wallet,Apparel,6,245.76,0.0,1474.56,898.98,575.58
O006028,2026-05-12,C0066,South,Retail,P0016,Ergonomic Chair,Office Supplies,7,85.32,0.15,507.65,360.01,147.64
O006029,2026-05-13,C0173,South,Online,P0016,Ergonomic Chair,Office Supplies,3,85.32,0.05,243.16,154.29,88.87
O006030,2026-05-13,C0177,South,Online,P0014,Sunglasses,Apparel,3,226.65,0.15,577.96,356.88,221.08
O006031,2026-05-13,C0356,North,Wholesale,P0016,Ergonomic Chair,Office Supplies,5,85.32,0.05,405.27,257.15,148.12
O006032,2026-05-13,C0081,West,Retail,P0011,Running Shoes,Apparel,1,291.03,0.0,291.03,135.32,155.71
O006033,2026-05-13,C0099,South,Wholesale,P0019,Desk Organizer,Office Supplies,5,260.68,0.0,1303.4,854.75,448.65
O006034,2026-05-13,C0002,East,Retail,P0006,Air Fryer,Home & Kitchen,3,298.69,0.1,806.46,456.0,350.46
O006035,2026-05-13,C0235,South,Wholesale,P0019,Desk Organizer,Office Supplies,1,260.68,0.15,221.58,170.95,50.63
O006036,2026-05-13,C0225,South,Wholesale,P0002,Smart Watch,Electronics,7,189.4,0.0,1325.8,706.58,619.22
O006037,2026-05-14,C0008,South,Retail,P0009,Vacuum Cleaner,Home & Kitchen,6,86.66,0.0,519.96,319.44,200.52
O006038,2026-05-14,C0320,South,Retail,P0014,Sunglasses,Apparel,2,226.65,0.0,453.3,237.92,215.38
O006039,2026-05-14,C0179,East,Retail,P0007,Blender,Home & Kitchen,7,121.55,0.0,850.85,621.32,229.53
O006040,2026-05-14,C0325,West,Wholesale,P0003,Bluetooth Speaker,Electronics,6,365.93,0.1,1976.02,1291.98,684.04
O006041,2026-05-14,C0120,North,Online,P0014,Sunglasses,Apparel,7,226.65,0.05,1507.22,832.72,674.5
O006042,2026-05-14,C0198,South,Online,P0020,Monitor Arm,Office Supplies,4,193.94,0.0,775.76,517.6,258.16
O006043,2026-05-14,C0363,West,Wholesale,P0019,Desk Organizer,Office Supplies,2,260.68,0.05,495.29,341.9,153.39
O006044,2026-05-15,C0205,South,Wholesale,P0020,Monitor Arm,Office Supplies,3,193.94,0.1,523.64,388.2,135.44
O006045,2026-05-15,C0240,South,Retail,P0011,Running Shoes,Apparel,1,291.03,0.1,261.93,135.32,126.61
O006046,2026-05-15,C0115,West,Wholesale,P0002,Smart Watch,Electronics,3,189.4,0.0,568.2,302.82,265.38
O006047,2026-05-15,C0176,South,Online,P0013,Backpack,Apparel,2,282.71,0.2,452.34,401.48,50.86
O006048,2026-05-15,C0082,West,Online,P0019,Desk Organizer,Office Supplies,4,260.68,0.0,1042.72,683.8,358.92
O006049,2026-05-15,C0314,East,Retail,P0007,Blender,Home & Kitchen,1,121.55,0.05,115.47,88.76,26.71
O006050,2026-05-15,C0338,East,Retail,P0009,Vacuum Cleaner,Home & Kitchen,5,86.66,0.15,368.3,266.2,102.1
O006051,2026-05-16,C0257,South,Retail,P0002,Smart Watch,Electronics,2,189.4,0.05,359.86,201.88,157.98
O006052,2026-05-16,C0299,North,Retail,P0018,Notebook Set,Office Supplies,7,171.61,0.0,1201.27,598.99,602.28
O006053,2026-05-16,C0246,East,Retail,P0008,Cookware Set,Home & Kitchen,3,144.8,0.2,347.52,207.27,140.25
O006054,2026-05-16,C0015,West,Wholesale,P0007,Blender,Home & Kitchen,1,121.55,0.05,115.47,88.76,26.71
O006055,2026-05-16,C0009,North,Online,P0012,Denim Jacket,Apparel,2,97.06,0.1,174.71,113.64,61.07
O006056,2026-05-16,C0217,West,Online,P0020,Monitor Arm,Office Supplies,7,193.94,0.1,1221.82,905.8,316.02
O006057,2026-05-16,C0188,South,Retail,P0011,Running Shoes,Apparel,7,291.03,0.05,1935.35,947.24,988.11
O006058,2026-05-16,C0285,South,Retail,P0015,Wallet,Apparel,3,245.76,0.05,700.42,449.49,250.93
O006059,2026-05-17,C0024,South,Online,P0012,Denim Jacket,Apparel,5,97.06,0.0,485.3,284.1,201.2
O006060,2026-05-17,C0257,South,Retail,P0012,Denim Jacket,Apparel,4,97.06,0.1,349.42,227.28,122.14
O006061,2026-05-17,C0096,East,Retail,P0002,Smart Watch,Electronics,4,189.4,0.1,681.84,403.76,278.08
O006062,2026-05-17,C0206,South,Retail,P0016,Ergonomic Chair,Office Supplies,3,85.32,0.15,217.57,154.29,63.28
O006063,2026-05-17,C0072,East,Retail,P0014,Sunglasses,Apparel,1,226.65,0.15,192.65,118.96,73.69
O006064,2026-05-17,C0255,West,Retail,P0002,Smart Watch,Electronics,7,189.4,0.0,1325.8,706.58,619.22
O006065,2026-05-17,C0086,West,Online,P0002,Smart Watch,Electronics,4,189.4,0.05,719.72,403.76,315.96
O006066,2026-05-17,C0071,East,Retail,P0012,Denim Jacket,Apparel,2,97.06,0.0,194.12,113.64,80.48
O006067,2026-05-17,C0233,North,Online,P0019,Desk Organizer,Office Supplies,1,260.68,0.05,247.65,170.95,76.7
O006068,2026-05-17,C0083,East,Retail,P0007,Blender,Home & Kitchen,7,121.55,0.15,723.22,621.32,101.9
O006069,2026-05-17,C0369,South,Retail,P0018,Notebook Set,Office Supplies,2,171.61,0.15,291.74,171.14,120.6
O006070,2026-05-17,C0355,West,Wholesale,P0012,Denim Jacket,Apparel,2,97.06,0.0,194.12,113.64,80.48
O006071,2026-05-18,C0016,West,Retail,P0008,Cookware Set,Home & Kitchen,5,144.8,0.2,579.2,345.45,233.75
O006072,2026-05-18,C0169,South,Online,P0007,Blender,Home & Kitchen,4,121.55,0.0,486.2,355.04,131.16
O006073,2026-05-18,C0372,West,Wholesale,P0001,Wireless Earbuds,Electronics,7,46.85,0.0,327.95,169.26,158.69
O006074,2026-05-18,C0057,East,Retail,P0001,Wireless Earbuds,Electronics,7,46.85,0.05,311.55,169.26,142.29
O006075,2026-05-18,C0339,West,Retail,P0003,Bluetooth Speaker,Electronics,2,365.93,0.15,622.08,430.66,191.42
O006076,2026-05-18,C0280,North,Retail,P0015,Wallet,Apparel,5,245.76,0.1,1105.92,749.15,356.77
O006077,2026-05-18,C0367,South,Online,P0002,Smart Watch,Electronics,6,189.4,0.0,1136.4,605.64,530.76
O006078,2026-05-19,C0338,East,Retail,P0011,Running Shoes,Apparel,5,291.03,0.0,1455.15,676.6,778.55
O006079,2026-05-19,C0263,North,Online,P0017,Standing Desk,Office Supplies,3,143.29,0.2,343.9,260.85,83.05
O006080,2026-05-19,C0361,West,Retail,P0003,Bluetooth Speaker,Electronics,5,365.93,0.05,1738.17,1076.65,661.52
O006081,2026-05-19,C0261,South,Wholesale,P0016,Ergonomic Chair,Office Supplies,4,85.32,0.0,341.28,205.72,135.56
O006082,2026-05-19,C0329,East,Online,P0012,Denim Jacket,Apparel,2,97.06,0.05,184.41,113.64,70.77
O006083,2026-05-19,C0324,North,Retail,P0004,Power Bank,Electronics,1,156.84,0.0,156.84,114.24,42.6
O006084,2026-05-20,C0132,North,Online,P0017,Standing Desk,Office Supplies,4,143.29,0.0,573.16,347.8,225.36
O006085,2026-05-20,C0160,West,Wholesale,P0010,Coffee Maker,Home & Kitchen,7,276.64,0.0,1936.48,1437.94,498.54
O006086,2026-05-20,C0194,North,Online,P0002,Smart Watch,Electronics,5,189.4,0.1,852.3,504.7,347.6
O006087,2026-05-20,C0312,East,Retail,P0005,Laptop Stand,Electronics,5,108.18,0.05,513.86,324.55,189.31
O006088,2026-05-20,C0140,South,Online,P0002,Smart Watch,Electronics,5,189.4,0.15,804.95,504.7,300.25
O006089,2026-05-20,C0383,West,Retail,P0009,Vacuum Cleaner,Home & Kitchen,3,86.66,0.1,233.98,159.72,74.26
O006090,2026-05-20,C0342,North,Wholesale,P0014,Sunglasses,Apparel,6,226.65,0.0,1359.9,713.76,646.14
O006091,2026-05-21,C0171,East,Retail,P0018,Notebook Set,Office Supplies,3,171.61,0.05,489.09,256.71,232.38
O006092,2026-05-21,C0384,West,Online,P0009,Vacuum Cleaner,Home & Kitchen,6,86.66,0.0,519.96,319.44,200.52
O006093,2026-05-21,C0287,North,Wholesale,P0004,Power Bank,Electronics,6,156.84,0.0,941.04,685.44,255.6
O006094,2026-05-21,C0215,North,Retail,P0017,Standing Desk,Office Supplies,6,143.29,0.0,859.74,521.7,338.04
O006095,2026-05-21,C0290,North,Online,P0014,Sunglasses,Apparel,5,226.65,0.05,1076.59,594.8,481.79
O006096,2026-05-21,C0066,South,Retail,P0008,Cookware Set,Home & Kitchen,5,144.8,0.0,724.0,345.45,378.55
O006097,2026-05-21,C0074,South,Retail,P0009,Vacuum Cleaner,Home & Kitchen,1,86.66,0.1,77.99,53.24,24.75
O006098,2026-05-21,C0010,East,Online,P0003,Bluetooth Speaker,Electronics,2,365.93,0.1,658.67,430.66,228.01
O006099,2026-05-21,C0184,West,Online,P0020,Monitor Arm,Office Supplies,2,193.94,0.1,349.09,258.8,90.29
O006100,2026-05-21,C0068,East,Retail,P0012,Denim Jacket,Apparel,5,97.06,0.15,412.5,284.1,128.4
O006101,2026-05-21,C0131,West,Wholesale,P0009,Vacuum Cleaner,Home & Kitchen,1,86.66,0.0,86.66,53.24,33.42
O006102,2026-05-21,C0131,West,Wholesale,P0007,Blender,Home & Kitchen,7,121.55,0.05,808.31,621.32,186.99
O006103,2026-05-21,C0262,North,Retail,P0002,Smart Watch,Electronics,1,189.4,0.0,189.4,100.94,88.46
O006104,2026-05-21,C0025,West,Online,P0003,Bluetooth Speaker,Electronics,1,365.93,0.0,365.93,215.33,150.6
O006105,2026-05-21,C0272,West,Retail,P0004,Power Bank,Electronics,3,156.84,0.15,399.94,342.72,57.22
O006106,2026-05-22,C0303,West,Retail,P0002,Smart Watch,Electronics,2,189.4,0.0,378.8,201.88,176.92
O006107,2026-05-22,C0003,South,Online,P0010,Coffee Maker,Home & Kitchen,6,276.64,0.0,1659.84,1232.52,427.32
O006108,2026-05-22,C0077,North,Wholesale,P0012,Denim Jacket,Apparel,4,97.06,0.05,368.83,227.28,141.55
O006109,2026-05-22,C0080,East,Wholesale,P0007,Blender,Home & Kitchen,6,121.55,0.15,619.9,532.56,87.34
O006110,2026-05-23,C0318,South,Retail,P0014,Sunglasses,Apparel,1,226.65,0.05,215.32,118.96,96.36
O006111,2026-05-23,C0063,West,Online,P0001,Wireless Earbuds,Electronics,3,46.85,0.1,126.5,72.54,53.96
O006112,2026-05-23,C0163,West,Retail,P0005,Laptop Stand,Electronics,2,108.18,0.0,216.36,129.82,86.54
O006113,2026-05-23,C0034,West,Online,P0004,Power Bank,Electronics,4,156.84,0.05,595.99,456.96,139.03
O006114,2026-05-23,C0028,South,Wholesale,P0011,Running Shoes,Apparel,2,291.03,0.0,582.06,270.64,311.42
O006115,2026-05-24,C0010,East,Online,P0003,Bluetooth Speaker,Electronics,1,365.93,0.0,365.93,215.33,150.6
O006116,2026-05-24,C0216,North,Retail,P0015,Wallet,Apparel,2,245.76,0.05,466.94,299.66,167.28
O006117,2026-05-24,C0332,North,Wholesale,P0005,Laptop Stand,Electronics,3,108.18,0.1,292.09,194.73,97.36
O006118,2026-05-24,C0119,South,Online,P0017,Standing Desk,Office Supplies,1,143.29,0.05,136.13,86.95,49.18
O006119,2026-05-24,C0243,West,Wholesale,P0004,Power Bank,Electronics,6,156.84,0.15,799.88,685.44,114.44
O006120,2026-05-25,C0266,South,Retail,P0020,Monitor Arm,Office Supplies,4,193.94,0.05,736.97,517.6,219.37
O006121,2026-05-25,C0224,South,Wholesale,P0011,Running Shoes,Apparel,4,291.03,0.05,1105.91,541.28,564.63
O006122,2026-05-25,C0242,North,Online,P0017,Standing Desk,Office Supplies,1,143.29,0.1,128.96,86.95,42.01
O006123,2026-05-25,C0208,West,Online,P0011,Running Shoes,Apparel,5,291.03,0.0,1455.15,676.6,778.55
O006124,2026-05-25,C0363,West,Wholesale,P0017,Standing Desk,Office Supplies,2,143.29,0.0,286.58,173.9,112.68
O006125,2026-05-25,C0083,East,Retail,P0002,Smart Watch,Electronics,6,189.4,0.15,965.94,605.64,360.3
O006126,2026-05-26,C0130,North,Online,P0007,Blender,Home & Kitchen,7,121.55,0.0,850.85,621.32,229.53
O006127,2026-05-26,C0331,North,Online,P0012,Denim Jacket,Apparel,5,97.06,0.05,461.04,284.1,176.94
O006128,2026-05-26,C0254,West,Retail,P0001,Wireless Earbuds,Electronics,3,46.85,0.1,126.5,72.54,53.96
O006129,2026-05-26,C0157,East,Online,P0020,Monitor Arm,Office Supplies,4,193.94,0.05,736.97,517.6,219.37
O006130,2026-05-26,C0001,South,Retail,P0018,Notebook Set,Office Supplies,1,171.61,0.1,154.45,85.57,68.88
O006131,2026-05-26,C0275,East,Online,P0016,Ergonomic Chair,Office Supplies,1,85.32,0.2,68.26,51.43,16.83
O006132,2026-05-26,C0365,North,Retail,P0018,Notebook Set,Office Supplies,3,171.61,0.1,463.35,256.71,206.64
O006133,2026-05-27,C0372,West,Wholesale,P0006,Air Fryer,Home & Kitchen,2,298.69,0.05,567.51,304.0,263.51
O006134,2026-05-27,C0323,West,Online,P0010,Coffee Maker,Home & Kitchen,1,276.64,0.1,248.98,205.42,43.56
O006135,2026-05-27,C0258,West,Retail,P0015,Wallet,Apparel,3,245.76,0.1,663.55,449.49,214.06
O006136,2026-05-27,C0158,East,Retail,P0003,Bluetooth Speaker,Electronics,2,365.93,0.0,731.86,430.66,301.2
O006137,2026-05-27,C0275,East,Online,P0013,Backpack,Apparel,6,282.71,0.0,1696.26,1204.44,491.82
O006138,2026-05-27,C0314,East,Retail,P0016,Ergonomic Chair,Office Supplies,6,85.32,0.1,460.73,308.58,152.15
O006139,2026-05-27,C0005,North,Online,P0002,Smart Watch,Electronics,6,189.4,0.05,1079.58,605.64,473.94
O006140,2026-05-27,C0162,West,Online,P0007,Blender,Home & Kitchen,2,121.55,0.05,230.94,177.52,53.42
O006141,2026-05-27,C0003,South,Online,P0002,Smart Watch,Electronics,1,189.4,0.05,179.93,100.94,78.99
O006142,2026-05-27,C0092,East,Retail,P0005,Laptop Stand,Electronics,1,108.18,0.0,108.18,64.91,43.27
O006143,2026-05-27,C0192,West,Online,P0017,Standing Desk,Office Supplies,5,143.29,0.0,716.45,434.75,281.7
O006144,2026-05-28,C0029,West,Online,P0003,Bluetooth Speaker,Electronics,2,365.93,0.0,731.86,430.66,301.2
O006145,2026-05-28,C0287,North,Wholesale,P0003,Bluetooth Speaker,Electronics,1,365.93,0.1,329.34,215.33,114.01
O006146,2026-05-28,C0002,East,Retail,P0016,Ergonomic Chair,Office Supplies,4,85.32,0.0,341.28,205.72,135.56
O006147,2026-05-28,C0294,West,Retail,P0003,Bluetooth Speaker,Electronics,2,365.93,0.0,731.86,430.66,301.2
O006148,2026-05-28,C0114,West,Retail,P0006,Air Fryer,Home & Kitchen,3,298.69,0.05,851.27,456.0,395.27
O006149,2026-05-29,C0077,North,Wholesale,P0016,Ergonomic Chair,Office Supplies,2,85.32,0.05,162.11,102.86,59.25
O006150,2026-05-29,C0036,South,Retail,P0001,Wireless Earbuds,Electronics,7,46.85,0.15,278.76,169.26,109.5
O006151,2026-05-29,C0315,East,Online,P0007,Blender,Home & Kitchen,4,121.55,0.0,486.2,355.04,131.16
O006152,2026-05-30,C0013,East,Retail,P0016,Ergonomic Chair,Office Supplies,7,85.32,0.0,597.24,360.01,237.23
O006153,2026-05-30,C0060,West,Retail,P0008,Cookware Set,Home & Kitchen,4,144.8,0.05,550.24,276.36,273.88
O006154,2026-05-30,C0169,South,Online,P0005,Laptop Stand,Electronics,7,108.18,0.1,681.53,454.37,227.16
O006155,2026-05-30,C0239,West,Online,P0007,Blender,Home & Kitchen,3,121.55,0.1,328.18,266.28,61.9
O006156,2026-05-30,C0391,South,Online,P0001,Wireless Earbuds,Electronics,5,46.85,0.0,234.25,120.9,113.35
O006157,2026-05-30,C0037,East,Wholesale,P0010,Coffee Maker,Home & Kitchen,1,276.64,0.0,276.64,205.42,71.22
O006158,2026-05-30,C0097,West,Retail,P0009,Vacuum Cleaner,Home & Kitchen,6,86.66,0.1,467.96,319.44,148.52
O006159,2026-05-30,C0213,West,Retail,P0019,Desk Organizer,Office Supplies,2,260.68,0.0,521.36,341.9,179.46
O006160,2026-05-30,C0148,North,Online,P0013,Backpack,Apparel,1,282.71,0.05,268.57,200.74,67.83
O006161,2026-05-31,C0359,North,Retail,P0016,Ergonomic Chair,Office Supplies,6,85.32,0.15,435.13,308.58,126.55
O006162,2026-05-31,C0225,South,Wholesale,P0005,Laptop Stand,Electronics,5,108.18,0.2,432.72,324.55,108.17
O006163,2026-05-31,C0216,North,Retail,P0004,Power Bank,Electronics,5,156.84,0.0,784.2,571.2,213.0
O006164,2026-05-31,C0345,East,Retail,P0013,Backpack,Apparel,2,282.71,0.15,480.61,401.48,79.13
O006165,2026-05-31,C0010,East,Online,P0013,Backpack,Apparel,5,282.71,0.0,1413.55,1003.7,409.85
O006166,2026-05-31,C0326,North,Wholesale,P0016,Ergonomic Chair,Office Supplies,7,85.32,0.0,597.24,360.01,237.23
O006167,2026-05-31,C0247,North,Wholesale,P0008,Cookware Set,Home & Kitchen,2,144.8,0.05,275.12,138.18,136.94
O006168,2026-05-31,C0196,South,Online,P0001,Wireless Earbuds,Electronics,7,46.85,0.0,327.95,169.26,158.69
O006169,2026-05-31,C0045,West,Retail,P0003,Bluetooth Speaker,Electronics,3,365.93,0.15,933.12,645.99,287.13
O006170,2026-05-31,C0287,North,Wholesale,P0010,Coffee Maker,Home & Kitchen,5,276.64,0.05,1314.04,1027.1,286.94
O006171,2026-05-31,C0214,South,Retail,P0008,Cookware Set,Home & Kitchen,5,144.8,0.0,724.0,345.45,378.55
O006172,2026-05-31,C0134,East,Online,P0011,Running Shoes,Apparel,3,291.03,0.2,698.47,405.96,292.51
O006173,2026-06-01,C0048,South,Online,P0019,Desk Organizer,Office Supplies,1,260.68,0.0,260.68,170.95,89.73
O006174,2026-06-01,C0106,West,Retail,P0019,Desk Organizer,Office Supplies,5,260.68,0.05,1238.23,854.75,383.48
O006175,2026-06-01,C0284,North,Wholesale,P0008,Cookware Set,Home & Kitchen,6,144.8,0.0,868.8,414.54,454.26
O006176,2026-06-01,C0168,South,Retail,P0003,Bluetooth Speaker,Electronics,1,365.93,0.15,311.04,215.33,95.71
O006177,2026-06-01,C0299,North,Retail,P0013,Backpack,Apparel,4,282.71,0.1,1017.76,802.96,214.8
O006178,2026-06-01,C0327,South,Online,P0019,Desk Organizer,Office Supplies,5,260.68,0.0,1303.4,854.75,448.65
O006179,2026-06-02,C0395,West,Wholesale,P0019,Desk Organizer,Office Supplies,5,260.68,0.05,1238.23,854.75,383.48
O006180,2026-06-02,C0289,North,Online,P0018,Notebook Set,Office Supplies,7,171.61,0.0,1201.27,598.99,602.28
O006181,2026-06-02,C0069,South,Retail,P0008,Cookware Set,Home & Kitchen,3,144.8,0.1,390.96,207.27,183.69
O006182,2026-06-02,C0198,South,Online,P0012,Denim Jacket,Apparel,3,97.06,0.05,276.62,170.46,106.16
O006183,2026-06-02,C0304,South,Online,P0002,Smart Watch,Electronics,3,189.4,0.1,511.38,302.82,208.56
O006184,2026-06-02,C0393,North,Retail,P0009,Vacuum Cleaner,Home & Kitchen,7,86.66,0.0,606.62,372.68,233.94
O006185,2026-06-03,C0135,West,Wholesale,P0011,Running Shoes,Apparel,4,291.03,0.1,1047.71,541.28,506.43
O006186,2026-06-03,C0207,South,Retail,P0007,Blender,Home & Kitchen,2,121.55,0.0,243.1,177.52,65.58
O006187,2026-06-03,C0273,South,Wholesale,P0015,Wallet,Apparel,3,245.76,0.05,700.42,449.49,250.93
O006188,2026-06-03,C0211,South,Wholesale,P0020,Monitor Arm,Office Supplies,5,193.94,0.15,824.24,647.0,177.24
O006189,2026-06-03,C0289,North,Online,P0008,Cookware Set,Home & Kitchen,3,144.8,0.0,434.4,207.27,227.13
O006190,2026-06-03,C0160,West,Wholesale,P0004,Power Bank,Electronics,3,156.84,0.15,399.94,342.72,57.22
O006191,2026-06-04,C0398,West,Retail,P0005,Laptop Stand,Electronics,2,108.18,0.15,183.91,129.82,54.09
O006192,2026-06-04,C0029,West,Online,P0007,Blender,Home & Kitchen,6,121.55,0.05,692.83,532.56,160.27
O006193,2026-06-04,C0085,East,Retail,P0014,Sunglasses,Apparel,1,226.65,0.15,192.65,118.96,73.69
O006194,2026-06-04,C0139,South,Wholesale,P0004,Power Bank,Electronics,6,156.84,0.1,846.94,685.44,161.5
O006195,2026-06-04,C0217,West,Online,P0009,Vacuum Cleaner,Home & Kitchen,7,86.66,0.0,606.62,372.68,233.94
O006196,2026-06-04,C0232,South,Online,P0020,Monitor Arm,Office Supplies,6,193.94,0.1,1047.28,776.4,270.88
O006197,2026-06-04,C0129,South,Retail,P0020,Monitor Arm,Office Supplies,3,193.94,0.0,581.82,388.2,193.62
O006198,2026-06-04,C0227,West,Retail,P0013,Backpack,Apparel,2,282.71,0.0,565.42,401.48,163.94
O006199,2026-06-04,C0280,North,Retail,P0019,Desk Organizer,Office Supplies,1,260.68,0.05,247.65,170.95,76.7
O006200,2026-06-05,C0114,West,Retail,P0017,Standing Desk,Office Supplies,4,143.29,0.2,458.53,347.8,110.73
O006201,2026-06-05,C0106,West,Retail,P0007,Blender,Home & Kitchen,6,121.55,0.1,656.37,532.56,123.81
O006202,2026-06-05,C0079,West,Retail,P0012,Denim Jacket,Apparel,2,97.06,0.15,165.0,113.64,51.36
O006203,2026-06-05,C0178,South,Online,P0019,Desk Organizer,Office Supplies,7,260.68,0.1,1642.28,1196.65,445.63
O006204,2026-06-06,C0055,North,Retail,P0002,Smart Watch,Electronics,1,189.4,0.0,189.4,100.94,88.46
O006205,2026-06-06,C0060,West,Retail,P0006,Air Fryer,Home & Kitchen,4,298.69,0.0,1194.76,608.0,586.76
O006206,2026-06-06,C0346,South,Online,P0015,Wallet,Apparel,6,245.76,0.0,1474.56,898.98,575.58
O006207,2026-06-06,C0075,West,Online,P0018,Notebook Set,Office Supplies,3,171.61,0.0,514.83,256.71,258.12
O006208,2026-06-06,C0166,South,Wholesale,P0017,Standing Desk,Office Supplies,7,143.29,0.0,1003.03,608.65,394.38
O006209,2026-06-06,C0168,South,Retail,P0008,Cookware Set,Home & Kitchen,2,144.8,0.2,231.68,138.18,93.5
O006210,2026-06-06,C0101,West,Retail,P0010,Coffee Maker,Home & Kitchen,3,276.64,0.1,746.93,616.26,130.67
O006211,2026-06-07,C0190,East,Retail,P0003,Bluetooth Speaker,Electronics,7,365.93,0.0,2561.51,1507.31,1054.2
O006212,2026-06-07,C0379,West,Online,P0005,Laptop Stand,Electronics,3,108.18,0.05,308.31,194.73,113.58
O006213,2026-06-07,C0384,West,Online,P0020,Monitor Arm,Office Supplies,5,193.94,0.05,921.22,647.0,274.22
O006214,2026-06-07,C0168,South,Retail,P0012,Denim Jacket,Apparel,1,97.06,0.05,92.21,56.82,35.39
O006215,2026-06-07,C0155,East,Retail,P0001,Wireless Earbuds,Electronics,7,46.85,0.1,295.15,169.26,125.89
O006216,2026-06-07,C0019,North,Retail,P0012,Denim Jacket,Apparel,3,97.06,0.0,291.18,170.46,120.72
O006217,2026-06-07,C0287,North,Wholesale,P0002,Smart Watch,Electronics,3,189.4,0.2,454.56,302.82,151.74
O006218,2026-06-07,C0186,East,Online,P0015,Wallet,Apparel,4,245.76,0.0,983.04,599.32,383.72
O006219,2026-06-07,C0114,West,Retail,P0005,Laptop Stand,Electronics,1,108.18,0.1,97.36,64.91,32.45
O006220,2026-06-08,C0289,North,Online,P0018,Notebook Set,Office Supplies,5,171.61,0.0,858.05,427.85,430.2
O006221,2026-06-08,C0168,South,Retail,P0016,Ergonomic Chair,Office Supplies,6,85.32,0.0,511.92,308.58,203.34
O006222,2026-06-08,C0311,North,Online,P0014,Sunglasses,Apparel,6,226.65,0.05,1291.9,713.76,578.14
O006223,2026-06-08,C0023,West,Wholesale,P0020,Monitor Arm,Office Supplies,2,193.94,0.15,329.7,258.8,70.9
O006224,2026-06-09,C0130,North,Online,P0001,Wireless Earbuds,Electronics,3,46.85,0.05,133.52,72.54,60.98
O006225,2026-06-09,C0101,West,Retail,P0017,Standing Desk,Office Supplies,3,143.29,0.0,429.87,260.85,169.02
O006226,2026-06-09,C0313,North,Retail,P0012,Denim Jacket,Apparel,7,97.06,0.0,679.42,397.74,281.68
O006227,2026-06-09,C0287,North,Wholesale,P0010,Coffee Maker,Home & Kitchen,5,276.64,0.15,1175.72,1027.1,148.62
O006228,2026-06-09,C0228,East,Online,P0013,Backpack,Apparel,7,282.71,0.0,1978.97,1405.18,573.79
O006229,2026-06-09,C0126,North,Retail,P0013,Backpack,Apparel,5,282.71,0.0,1413.55,1003.7,409.85
O006230,2026-06-10,C0287,North,Wholesale,P0005,Laptop Stand,Electronics,7,108.18,0.0,757.26,454.37,302.89
O006231,2026-06-10,C0086,West,Online,P0020,Monitor Arm,Office Supplies,3,193.94,0.05,552.73,388.2,164.53
O006232,2026-06-10,C0188,South,Retail,P0008,Cookware Set,Home & Kitchen,1,144.8,0.0,144.8,69.09,75.71
O006233,2026-06-10,C0264,South,Retail,P0010,Coffee Maker,Home & Kitchen,1,276.64,0.0,276.64,205.42,71.22
O006234,2026-06-10,C0220,North,Retail,P0012,Denim Jacket,Apparel,6,97.06,0.0,582.36,340.92,241.44
O006235,2026-06-10,C0370,North,Wholesale,P0019,Desk Organizer,Office Supplies,3,260.68,0.1,703.84,512.85,190.99
O006236,2026-06-10,C0122,East,Retail,P0010,Coffee Maker,Home & Kitchen,2,276.64,0.05,525.62,410.84,114.78
O006237,2026-06-10,C0223,West,Wholesale,P0018,Notebook Set,Office Supplies,6,171.61,0.0,1029.66,513.42,516.24
O006238,2026-06-10,C0316,West,Retail,P0005,Laptop Stand,Electronics,7,108.18,0.0,757.26,454.37,302.89
O006239,2026-06-11,C0197,East,Retail,P0003,Bluetooth Speaker,Electronics,2,365.93,0.15,622.08,430.66,191.42
O006240,2026-06-11,C0269,North,Online,P0017,Standing Desk,Office Supplies,1,143.29,0.1,128.96,86.95,42.01
O006241,2026-06-11,C0087,South,Wholesale,P0020,Monitor Arm,Office Supplies,5,193.94,0.05,921.22,647.0,274.22
O006242,2026-06-11,C0392,North,Online,P0015,Wallet,Apparel,3,245.76,0.1,663.55,449.49,214.06
O006243,2026-06-11,C0288,West,Online,P0007,Blender,Home & Kitchen,3,121.55,0.0,364.65,266.28,98.37
O006244,2026-06-12,C0099,South,Wholesale,P0012,Denim Jacket,Apparel,7,97.06,0.0,679.42,397.74,281.68
O006245,2026-06-12,C0363,West,Wholesale,P0006,Air Fryer,Home & Kitchen,6,298.69,0.0,1792.14,912.0,880.14
O006246,2026-06-12,C0246,East,Retail,P0011,Running Shoes,Apparel,3,291.03,0.0,873.09,405.96,467.13
O006247,2026-06-12,C0376,North,Online,P0011,Running Shoes,Apparel,3,291.03,0.05,829.44,405.96,423.48
O006248,2026-06-12,C0223,West,Wholesale,P0017,Standing Desk,Office Supplies,7,143.29,0.1,902.73,608.65,294.08
O006249,2026-06-12,C0214,South,Retail,P0009,Vacuum Cleaner,Home & Kitchen,1,86.66,0.05,82.33,53.24,29.09
O006250,2026-06-12,C0130,North,Online,P0009,Vacuum Cleaner,Home & Kitchen,3,86.66,0.15,220.98,159.72,61.26
O006251,2026-06-12,C0118,South,Retail,P0004,Power Bank,Electronics,1,156.84,0.05,149.0,114.24,34.76
O006252,2026-06-12,C0227,West,Retail,P0019,Desk Organizer,Office Supplies,7,260.68,0.0,1824.76,1196.65,628.11
O006253,2026-06-12,C0365,North,Retail,P0012,Denim Jacket,Apparel,7,97.06,0.0,679.42,397.74,281.68
O006254,2026-06-13,C0342,North,Wholesale,P0014,Sunglasses,Apparel,6,226.65,0.05,1291.9,713.76,578.14
O006255,2026-06-13,C0055,North,Retail,P0003,Bluetooth Speaker,Electronics,2,365.93,0.0,731.86,430.66,301.2
O006256,2026-06-13,C0174,West,Retail,P0012,Denim Jacket,Apparel,1,97.06,0.0,97.06,56.82,40.24
O006257,2026-06-13,C0010,East,Online,P0018,Notebook Set,Office Supplies,6,171.61,0.1,926.69,513.42,413.27
O006258,2026-06-13,C0035,North,Retail,P0019,Desk Organizer,Office Supplies,2,260.68,0.0,521.36,341.9,179.46
O006259,2026-06-13,C0364,West,Retail,P0004,Power Bank,Electronics,1,156.84,0.05,149.0,114.24,34.76
O006260,2026-06-13,C0370,North,Wholesale,P0007,Blender,Home & Kitchen,6,121.55,0.1,656.37,532.56,123.81
O006261,2026-06-13,C0140,South,Online,P0013,Backpack,Apparel,5,282.71,0.0,1413.55,1003.7,409.85
O006262,2026-06-13,C0083,East,Retail,P0020,Monitor Arm,Office Supplies,4,193.94,0.05,736.97,517.6,219.37
O006263,2026-06-13,C0303,West,Retail,P0003,Bluetooth Speaker,Electronics,1,365.93,0.0,365.93,215.33,150.6
O006264,2026-06-14,C0294,West,Retail,P0017,Standing Desk,Office Supplies,4,143.29,0.0,573.16,347.8,225.36
O006265,2026-06-14,C0203,West,Online,P0004,Power Bank,Electronics,2,156.84,0.0,313.68,228.48,85.2
O006266,2026-06-14,C0178,South,Online,P0013,Backpack,Apparel,5,282.71,0.05,1342.87,1003.7,339.17
O006267,2026-06-14,C0381,North,Retail,P0017,Standing Desk,Office Supplies,6,143.29,0.05,816.75,521.7,295.05
O006268,2026-06-15,C0125,North,Retail,P0007,Blender,Home & Kitchen,3,121.55,0.05,346.42,266.28,80.14
O006269,2026-06-15,C0276,South,Wholesale,P0009,Vacuum Cleaner,Home & Kitchen,2,86.66,0.05,164.65,106.48,58.17
O006270,2026-06-15,C0253,North,Online,P0019,Desk Organizer,Office Supplies,3,260.68,0.15,664.73,512.85,151.88
O006271,2026-06-15,C0260,North,Retail,P0006,Air Fryer,Home & Kitchen,1,298.69,0.05,283.76,152.0,131.76
O006272,2026-06-15,C0003,South,Online,P0001,Wireless Earbuds,Electronics,7,46.85,0.05,311.55,169.26,142.29
O006273,2026-06-15,C0127,North,Retail,P0012,Denim Jacket,Apparel,4,97.06,0.05,368.83,227.28,141.55
O006274,2026-06-15,C0241,East,Retail,P0010,Coffee Maker,Home & Kitchen,1,276.64,0.05,262.81,205.42,57.39
O006275,2026-06-15,C0147,North,Online,P0013,Backpack,Apparel,4,282.71,0.0,1130.84,802.96,327.88
O006276,2026-06-15,C0149,North,Online,P0005,Laptop Stand,Electronics,2,108.18,0.05,205.54,129.82,75.72
O006277,2026-06-15,C0163,West,Retail,P0014,Sunglasses,Apparel,4,226.65,0.05,861.27,475.84,385.43
O006278,2026-06-16,C0266,South,Retail,P0004,Power Bank,Electronics,2,156.84,0.0,313.68,228.48,85.2
O006279,2026-06-16,C0266,South,Retail,P0018,Notebook Set,Office Supplies,1,171.61,0.05,163.03,85.57,77.46
O006280,2026-06-16,C0341,North,Online,P0020,Monitor Arm,Office Supplies,4,193.94,0.15,659.4,517.6,141.8
O006281,2026-06-16,C0322,East,Retail,P0004,Power Bank,Electronics,7,156.84,0.0,1097.88,799.68,298.2
O006282,2026-06-16,C0281,West,Retail,P0018,Notebook Set,Office Supplies,3,171.61,0.0,514.83,256.71,258.12
O006283,2026-06-17,C0018,West,Wholesale,P0017,Standing Desk,Office Supplies,5,143.29,0.0,716.45,434.75,281.7
O006284,2026-06-17,C0262,North,Retail,P0010,Coffee Maker,Home & Kitchen,7,276.64,0.05,1839.66,1437.94,401.72
O006285,2026-06-17,C0275,East,Online,P0002,Smart Watch,Electronics,5,189.4,0.1,852.3,504.7,347.6
O006286,2026-06-17,C0114,West,Retail,P0020,Monitor Arm,Office Supplies,2,193.94,0.05,368.49,258.8,109.69
O006287,2026-06-17,C0237,South,Online,P0005,Laptop Stand,Electronics,3,108.18,0.0,324.54,194.73,129.81
O006288,2026-06-18,C0036,South,Retail,P0008,Cookware Set,Home & Kitchen,4,144.8,0.0,579.2,276.36,302.84
O006289,2026-06-18,C0284,North,Wholesale,P0005,Laptop Stand,Electronics,3,108.18,0.05,308.31,194.73,113.58
O006290,2026-06-18,C0206,South,Retail,P0017,Standing Desk,Office Supplies,6,143.29,0.1,773.77,521.7,252.07
O006291,2026-06-18,C0344,South,Wholesale,P0001,Wireless Earbuds,Electronics,5,46.85,0.1,210.82,120.9,89.92
O006292,2026-06-19,C0386,North,Online,P0019,Desk Organizer,Office Supplies,7,260.68,0.0,1824.76,1196.65,628.11
O006293,2026-06-19,C0083,East,Retail,P0002,Smart Watch,Electronics,6,189.4,0.0,1136.4,605.64,530.76
O006294,2026-06-19,C0370,North,Wholesale,P0002,Smart Watch,Electronics,1,189.4,0.2,151.52,100.94,50.58
O006295,2026-06-19,C0144,North,Retail,P0008,Cookware Set,Home & Kitchen,6,144.8,0.1,781.92,414.54,367.38
O006296,2026-06-19,C0067,West,Retail,P0007,Blender,Home & Kitchen,4,121.55,0.1,437.58,355.04,82.54
O006297,2026-06-20,C0035,North,Retail,P0006,Air Fryer,Home & Kitchen,6,298.69,0.15,1523.32,912.0,611.32
O006298,2026-06-20,C0289,North,Online,P0002,Smart Watch,Electronics,4,189.4,0.0,757.6,403.76,353.84
O006299,2026-06-20,C0271,North,Online,P0002,Smart Watch,Electronics,5,189.4,0.0,947.0,504.7,442.3
O006300,2026-06-20,C0060,West,Retail,P0005,Laptop Stand,Electronics,3,108.18,0.1,292.09,194.73,97.36
O006301,2026-06-20,C0289,North,Online,P0001,Wireless Earbuds,Electronics,5,46.85,0.05,222.54,120.9,101.64
O006302,2026-06-20,C0220,North,Retail,P0006,Air Fryer,Home & Kitchen,3,298.69,0.0,896.07,456.0,440.07
O006303,2026-06-20,C0328,West,Online,P0020,Monitor Arm,Office Supplies,3,193.94,0.0,581.82,388.2,193.62
O006304,2026-06-20,C0140,South,Online,P0007,Blender,Home & Kitchen,6,121.55,0.05,692.83,532.56,160.27
O006305,2026-06-20,C0360,East,Online,P0001,Wireless Earbuds,Electronics,1,46.85,0.1,42.16,24.18,17.98
O006306,2026-06-21,C0248,North,Retail,P0018,Notebook Set,Office Supplies,1,171.61,0.15,145.87,85.57,60.3
O006307,2026-06-21,C0176,South,Online,P0020,Monitor Arm,Office Supplies,2,193.94,0.0,387.88,258.8,129.08
O006308,2026-06-21,C0060,West,Retail,P0005,Laptop Stand,Electronics,2,108.18,0.1,194.72,129.82,64.9
O006309,2026-06-21,C0162,West,Online,P0016,Ergonomic Chair,Office Supplies,6,85.32,0.0,511.92,308.58,203.34
O006310,2026-06-21,C0245,West,Wholesale,P0018,Notebook Set,Office Supplies,4,171.61,0.1,617.8,342.28,275.52
O006311,2026-06-21,C0183,West,Retail,P0003,Bluetooth Speaker,Electronics,6,365.93,0.1,1976.02,1291.98,684.04
O006312,2026-06-21,C0388,South,Retail,P0013,Backpack,Apparel,7,282.71,0.05,1880.02,1405.18,474.84
O006313,2026-06-21,C0235,South,Wholesale,P0005,Laptop Stand,Electronics,2,108.18,0.1,194.72,129.82,64.9
O006314,2026-06-22,C0382,South,Wholesale,P0005,Laptop Stand,Electronics,3,108.18,0.0,324.54,194.73,129.81
O006315,2026-06-22,C0071,East,Retail,P0010,Coffee Maker,Home & Kitchen,1,276.64,0.0,276.64,205.42,71.22
O006316,2026-06-22,C0197,East,Retail,P0010,Coffee Maker,Home & Kitchen,5,276.64,0.0,1383.2,1027.1,356.1
O006317,2026-06-23,C0233,North,Online,P0018,Notebook Set,Office Supplies,3,171.61,0.0,514.83,256.71,258.12
O006318,2026-06-23,C0111,West,Retail,P0017,Standing Desk,Office Supplies,5,143.29,0.1,644.8,434.75,210.05
O006319,2026-06-23,C0205,South,Wholesale,P0017,Standing Desk,Office Supplies,1,143.29,0.1,128.96,86.95,42.01
O006320,2026-06-23,C0207,South,Retail,P0019,Desk Organizer,Office Supplies,7,260.68,0.05,1733.52,1196.65,536.87
O006321,2026-06-23,C0182,South,Retail,P0007,Blender,Home & Kitchen,5,121.55,0.0,607.75,443.8,163.95
O006322,2026-06-23,C0311,North,Online,P0016,Ergonomic Chair,Office Supplies,4,85.32,0.05,324.22,205.72,118.5
O006323,2026-06-23,C0237,South,Online,P0004,Power Bank,Electronics,1,156.84,0.2,125.47,114.24,11.23
O006324,2026-06-23,C0235,South,Wholesale,P0005,Laptop Stand,Electronics,6,108.18,0.05,616.63,389.46,227.17
O006325,2026-06-23,C0168,South,Retail,P0011,Running Shoes,Apparel,1,291.03,0.0,291.03,135.32,155.71
O006326,2026-06-23,C0082,West,Online,P0006,Air Fryer,Home & Kitchen,3,298.69,0.05,851.27,456.0,395.27
O006327,2026-06-24,C0101,West,Retail,P0005,Laptop Stand,Electronics,5,108.18,0.0,540.9,324.55,216.35
O006328,2026-06-24,C0341,North,Online,P0009,Vacuum Cleaner,Home & Kitchen,4,86.66,0.0,346.64,212.96,133.68
O006329,2026-06-24,C0048,South,Online,P0004,Power Bank,Electronics,4,156.84,0.1,564.62,456.96,107.66
O006330,2026-06-24,C0272,West,Retail,P0008,Cookware Set,Home & Kitchen,6,144.8,0.0,868.8,414.54,454.26
O006331,2026-06-24,C0139,South,Wholesale,P0005,Laptop Stand,Electronics,5,108.18,0.0,540.9,324.55,216.35
O006332,2026-06-24,C0067,West,Retail,P0015,Wallet,Apparel,2,245.76,0.0,491.52,299.66,191.86
O006333,2026-06-25,C0104,South,Online,P0020,Monitor Arm,Office Supplies,6,193.94,0.1,1047.28,776.4,270.88
O006334,2026-06-25,C0002,East,Retail,P0009,Vacuum Cleaner,Home & Kitchen,2,86.66,0.15,147.32,106.48,40.84
O006335,2026-06-25,C0284,North,Wholesale,P0005,Laptop Stand,Electronics,3,108.18,0.15,275.86,194.73,81.13
O006336,2026-06-25,C0172,South,Online,P0009,Vacuum Cleaner,Home & Kitchen,1,86.66,0.1,77.99,53.24,24.75
O006337,2026-06-25,C0282,South,Wholesale,P0018,Notebook Set,Office Supplies,2,171.61,0.15,291.74,171.14,120.6
O006338,2026-06-26,C0239,West,Online,P0013,Backpack,Apparel,1,282.71,0.0,282.71,200.74,81.97
O006339,2026-06-26,C0272,West,Retail,P0012,Denim Jacket,Apparel,1,97.06,0.05,92.21,56.82,35.39
O006340,2026-06-26,C0162,West,Online,P0004,Power Bank,Electronics,4,156.84,0.0,627.36,456.96,170.4
O006341,2026-06-26,C0386,North,Online,P0015,Wallet,Apparel,2,245.76,0.0,491.52,299.66,191.86
O006342,2026-06-26,C0024,South,Online,P0010,Coffee Maker,Home & Kitchen,7,276.64,0.0,1936.48,1437.94,498.54
O006343,2026-06-26,C0117,North,Online,P0015,Wallet,Apparel,5,245.76,0.2,983.04,749.15,233.89
O006344,2026-06-26,C0372,West,Wholesale,P0003,Bluetooth Speaker,Electronics,4,365.93,0.05,1390.53,861.32,529.21
O006345,2026-06-26,C0083,East,Retail,P0016,Ergonomic Chair,Office Supplies,6,85.32,0.15,435.13,308.58,126.55
O006346,2026-06-26,C0368,North,Wholesale,P0006,Air Fryer,Home & Kitchen,4,298.69,0.05,1135.02,608.0,527.02
O006347,2026-06-27,C0137,West,Online,P0019,Desk Organizer,Office Supplies,5,260.68,0.0,1303.4,854.75,448.65
O006348,2026-06-27,C0202,North,Wholesale,P0017,Standing Desk,Office Supplies,1,143.29,0.1,128.96,86.95,42.01
O006349,2026-06-27,C0287,North,Wholesale,P0007,Blender,Home & Kitchen,2,121.55,0.0,243.1,177.52,65.58
O006350,2026-06-27,C0005,North,Online,P0001,Wireless Earbuds,Electronics,3,46.85,0.0,140.55,72.54,68.01
O006351,2026-06-27,C0286,West,Online,P0001,Wireless Earbuds,Electronics,7,46.85,0.0,327.95,169.26,158.69
O006352,2026-06-27,C0025,West,Online,P0011,Running Shoes,Apparel,1,291.03,0.1,261.93,135.32,126.61
O006353,2026-06-27,C0400,South,Online,P0006,Air Fryer,Home & Kitchen,1,298.69,0.0,298.69,152.0,146.69
O006354,2026-06-27,C0363,West,Wholesale,P0017,Standing Desk,Office Supplies,4,143.29,0.05,544.5,347.8,196.7
O006355,2026-06-28,C0113,South,Retail,P0014,Sunglasses,Apparel,5,226.65,0.0,1133.25,594.8,538.45
O006356,2026-06-28,C0048,South,Online,P0012,Denim Jacket,Apparel,5,97.06,0.1,436.77,284.1,152.67
O006357,2026-06-28,C0194,North,Online,P0002,Smart Watch,Electronics,1,189.4,0.15,160.99,100.94,60.05
O006358,2026-06-28,C0193,West,Online,P0009,Vacuum Cleaner,Home & Kitchen,1,86.66,0.0,86.66,53.24,33.42
O006359,2026-06-28,C0112,North,Online,P0010,Coffee Maker,Home & Kitchen,1,276.64,0.15,235.14,205.42,29.72
O006360,2026-06-28,C0251,East,Online,P0010,Coffee Maker,Home & Kitchen,1,276.64,0.0,276.64,205.42,71.22
O006361,2026-06-28,C0228,East,Online,P0019,Desk Organizer,Office Supplies,5,260.68,0.1,1173.06,854.75,318.31
O006362,2026-06-28,C0209,South,Online,P0014,Sunglasses,Apparel,2,226.65,0.1,407.97,237.92,170.05
O006363,2026-06-29,C0213,West,Retail,P0005,Laptop Stand,Electronics,6,108.18,0.1,584.17,389.46,194.71
O006364,2026-06-29,C0321,South,Retail,P0015,Wallet,Apparel,2,245.76,0.15,417.79,299.66,118.13
O006365,2026-06-29,C0302,North,Online,P0009,Vacuum Cleaner,Home & Kitchen,7,86.66,0.0,606.62,372.68,233.94
O006366,2026-06-29,C0322,East,Retail,P0008,Cookware Set,Home & Kitchen,4,144.8,0.0,579.2,276.36,302.84
O006367,2026-06-29,C0254,West,Retail,P0005,Laptop Stand,Electronics,3,108.18,0.1,292.09,194.73,97.36
O006368,2026-06-30,C0284,North,Wholesale,P0003,Bluetooth Speaker,Electronics,2,365.93,0.05,695.27,430.66,264.61
O006369,2026-06-30,C0275,East,Online,P0011,Running Shoes,Apparel,4,291.03,0.15,989.5,541.28,448.22
O006370,2026-06-30,C0386,North,Online,P0013,Backpack,Apparel,1,282.71,0.0,282.71,200.74,81.97
O006371,2026-06-30,C0260,North,Retail,P0020,Monitor Arm,Office Supplies,1,193.94,0.2,155.15,129.4,25.75
O006372,2026-06-30,C0389,West,Online,P0012,Denim Jacket,Apparel,3,97.06,0.0,291.18,170.46,120.72
O006373,2026-06-30,C0259,North,Retail,P0010,Coffee Maker,Home & Kitchen,1,276.64,0.0,276.64,205.42,71.22
O006374,2026-06-30,C0124,East,Wholesale,P0008,Cookware Set,Home & Kitchen,2,144.8,0.05,275.12,138.18,136.94
O006375,2026-06-30,C0265,South,Retail,P0005,Laptop Stand,Electronics,5,108.18,0.2,432.72,324.55,108.17
O006376,2026-06-30,C0327,South,Online,P0001,Wireless Earbuds,Electronics,2,46.85,0.2,74.96,48.36,26.6
O006377,2026-07-01,C0081,West,Retail,P0007,Blender,Home & Kitchen,3,121.55,0.05,346.42,266.28,80.14
O006378,2026-07-01,C0242,North,Online,P0006,Air Fryer,Home & Kitchen,4,298.69,0.05,1135.02,608.0,527.02
O006379,2026-07-01,C0157,East,Online,P0016,Ergonomic Chair,Office Supplies,4,85.32,0.15,290.09,205.72,84.37
O006380,2026-07-01,C0391,South,Online,P0008,Cookware Set,Home & Kitchen,6,144.8,0.0,868.8,414.54,454.26
O006381,2026-07-01,C0188,South,Retail,P0010,Coffee Maker,Home & Kitchen,1,276.64,0.05,262.81,205.42,57.39
O006382,2026-07-01,C0086,West,Online,P0001,Wireless Earbuds,Electronics,1,46.85,0.1,42.16,24.18,17.98
O006383,2026-07-01,C0118,South,Retail,P0016,Ergonomic Chair,Office Supplies,7,85.32,0.0,597.24,360.01,237.23
O006384,2026-07-01,C0037,East,Wholesale,P0015,Wallet,Apparel,2,245.76,0.2,393.22,299.66,93.56
O006385,2026-07-01,C0201,North,Wholesale,P0016,Ergonomic Chair,Office Supplies,4,85.32,0.1,307.15,205.72,101.43
O006386,2026-07-01,C0061,North,Online,P0014,Sunglasses,Apparel,4,226.65,0.05,861.27,475.84,385.43
O006387,2026-07-01,C0054,North,Retail,P0008,Cookware Set,Home & Kitchen,6,144.8,0.0,868.8,414.54,454.26
O006388,2026-07-02,C0391,South,Online,P0010,Coffee Maker,Home & Kitchen,5,276.64,0.1,1244.88,1027.1,217.78
O006389,2026-07-02,C0154,West,Retail,P0017,Standing Desk,Office Supplies,4,143.29,0.2,458.53,347.8,110.73
O006390,2026-07-02,C0359,North,Retail,P0009,Vacuum Cleaner,Home & Kitchen,1,86.66,0.05,82.33,53.24,29.09
O006391,2026-07-02,C0256,North,Retail,P0014,Sunglasses,Apparel,4,226.65,0.0,906.6,475.84,430.76
O006392,2026-07-02,C0375,East,Retail,P0020,Monitor Arm,Office Supplies,4,193.94,0.1,698.18,517.6,180.58
O006393,2026-07-03,C0338,East,Retail,P0003,Bluetooth Speaker,Electronics,1,365.93,0.15,311.04,215.33,95.71
O006394,2026-07-03,C0082,West,Online,P0017,Standing Desk,Office Supplies,4,143.29,0.2,458.53,347.8,110.73
O006395,2026-07-03,C0147,North,Online,P0016,Ergonomic Chair,Office Supplies,7,85.32,0.0,597.24,360.01,237.23
O006396,2026-07-03,C0395,West,Wholesale,P0002,Smart Watch,Electronics,1,189.4,0.2,151.52,100.94,50.58
O006397,2026-07-03,C0342,North,Wholesale,P0003,Bluetooth Speaker,Electronics,2,365.93,0.1,658.67,430.66,228.01
O006398,2026-07-04,C0199,West,Retail,P0014,Sunglasses,Apparel,4,226.65,0.0,906.6,475.84,430.76
O006399,2026-07-04,C0131,West,Wholesale,P0017,Standing Desk,Office Supplies,4,143.29,0.15,487.19,347.8,139.39
O006400,2026-07-04,C0203,West,Online,P0011,Running Shoes,Apparel,7,291.03,0.0,2037.21,947.24,1089.97
O006401,2026-07-04,C0338,East,Retail,P0006,Air Fryer,Home & Kitchen,6,298.69,0.05,1702.53,912.0,790.53
O006402,2026-07-04,C0257,South,Retail,P0009,Vacuum Cleaner,Home & Kitchen,3,86.66,0.05,246.98,159.72,87.26
O006403,2026-07-04,C0267,West,Retail,P0003,Bluetooth Speaker,Electronics,6,365.93,0.05,2085.8,1291.98,793.82
O006404,2026-07-04,C0205,South,Wholesale,P0009,Vacuum Cleaner,Home & Kitchen,4,86.66,0.0,346.64,212.96,133.68
O006405,2026-07-05,C0223,West,Wholesale,P0009,Vacuum Cleaner,Home & Kitchen,7,86.66,0.05,576.29,372.68,203.61
O006406,2026-07-05,C0015,West,Wholesale,P0013,Backpack,Apparel,7,282.71,0.0,1978.97,1405.18,573.79
O006407,2026-07-05,C0147,North,Online,P0010,Coffee Maker,Home & Kitchen,5,276.64,0.1,1244.88,1027.1,217.78
O006408,2026-07-05,C0362,East,Online,P0008,Cookware Set,Home & Kitchen,7,144.8,0.0,1013.6,483.63,529.97
O006409,2026-07-05,C0169,South,Online,P0003,Bluetooth Speaker,Electronics,4,365.93,0.05,1390.53,861.32,529.21
O006410,2026-07-05,C0258,West,Retail,P0009,Vacuum Cleaner,Home & Kitchen,4,86.66,0.05,329.31,212.96,116.35
O006411,2026-07-05,C0244,East,Online,P0020,Monitor Arm,Office Supplies,6,193.94,0.0,1163.64,776.4,387.24
O006412,2026-07-05,C0336,South,Wholesale,P0010,Coffee Maker,Home & Kitchen,7,276.64,0.0,1936.48,1437.94,498.54
O006413,2026-07-05,C0145,West,Retail,P0012,Denim Jacket,Apparel,6,97.06,0.1,524.12,340.92,183.2
O006414,2026-07-05,C0239,West,Online,P0017,Standing Desk,Office Supplies,3,143.29,0.05,408.38,260.85,147.53
O006415,2026-07-05,C0219,North,Retail,P0001,Wireless Earbuds,Electronics,2,46.85,0.1,84.33,48.36,35.97
O006416,2026-07-06,C0189,South,Wholesale,P0015,Wallet,Apparel,3,245.76,0.1,663.55,449.49,214.06
O006417,2026-07-06,C0014,West,Online,P0005,Laptop Stand,Electronics,4,108.18,0.0,432.72,259.64,173.08
O006418,2026-07-06,C0107,East,Retail,P0018,Notebook Set,Office Supplies,5,171.61,0.0,858.05,427.85,430.2
O006419,2026-07-06,C0277,North,Retail,P0007,Blender,Home & Kitchen,6,121.55,0.05,692.83,532.56,160.27
O006420,2026-07-07,C0059,East,Online,P0007,Blender,Home & Kitchen,1,121.55,0.1,109.4,88.76,20.64
O006421,2026-07-07,C0008,South,Retail,P0015,Wallet,Apparel,2,245.76,0.05,466.94,299.66,167.28
O006422,2026-07-07,C0281,West,Retail,P0019,Desk Organizer,Office Supplies,6,260.68,0.05,1485.88,1025.7,460.18
O006423,2026-07-07,C0220,North,Retail,P0012,Denim Jacket,Apparel,1,97.06,0.15,82.5,56.82,25.68
O006424,2026-07-07,C0308,East,Retail,P0013,Backpack,Apparel,1,282.71,0.05,268.57,200.74,67.83
O006425,2026-07-08,C0138,East,Retail,P0001,Wireless Earbuds,Electronics,7,46.85,0.05,311.55,169.26,142.29
O006426,2026-07-08,C0111,West,Retail,P0016,Ergonomic Chair,Office Supplies,2,85.32,0.1,153.58,102.86,50.72
O006427,2026-07-08,C0170,North,Wholesale,P0006,Air Fryer,Home & Kitchen,6,298.69,0.0,1792.14,912.0,880.14
O006428,2026-07-09,C0014,West,Online,P0005,Laptop Stand,Electronics,6,108.18,0.1,584.17,389.46,194.71
O006429,2026-07-09,C0003,South,Online,P0009,Vacuum Cleaner,Home & Kitchen,4,86.66,0.0,346.64,212.96,133.68
O006430,2026-07-09,C0042,North,Online,P0015,Wallet,Apparel,1,245.76,0.1,221.18,149.83,71.35
O006431,2026-07-09,C0069,South,Retail,P0013,Backpack,Apparel,2,282.71,0.05,537.15,401.48,135.67
O006432,2026-07-10,C0375,East,Retail,P0009,Vacuum Cleaner,Home & Kitchen,3,86.66,0.0,259.98,159.72,100.26
O006433,2026-07-10,C0014,West,Online,P0004,Power Bank,Electronics,5,156.84,0.1,705.78,571.2,134.58
O006434,2026-07-11,C0231,West,Wholesale,P0009,Vacuum Cleaner,Home & Kitchen,1,86.66,0.0,86.66,53.24,33.42
O006435,2026-07-11,C0332,North,Wholesale,P0011,Running Shoes,Apparel,3,291.03,0.0,873.09,405.96,467.13
O006436,2026-07-11,C0039,North,Retail,P0010,Coffee Maker,Home & Kitchen,3,276.64,0.05,788.42,616.26,172.16
O006437,2026-07-11,C0084,East,Online,P0006,Air Fryer,Home & Kitchen,4,298.69,0.0,1194.76,608.0,586.76
O006438,2026-07-11,C0377,South,Retail,P0001,Wireless Earbuds,Electronics,6,46.85,0.1,252.99,145.08,107.91
O006439,2026-07-11,C0149,North,Online,P0013,Backpack,Apparel,5,282.71,0.0,1413.55,1003.7,409.85
O006440,2026-07-11,C0140,South,Online,P0006,Air Fryer,Home & Kitchen,4,298.69,0.2,955.81,608.0,347.81
O006441,2026-07-11,C0165,East,Retail,P0003,Bluetooth Speaker,Electronics,4,365.93,0.0,1463.72,861.32,602.4
O006442,2026-07-11,C0055,North,Retail,P0012,Denim Jacket,Apparel,2,97.06,0.05,184.41,113.64,70.77
O006443,2026-07-11,C0186,East,Online,P0010,Coffee Maker,Home & Kitchen,1,276.64,0.1,248.98,205.42,43.56
O006444,2026-07-12,C0081,West,Retail,P0019,Desk Organizer,Office Supplies,7,260.68,0.05,1733.52,1196.65,536.87
O006445,2026-07-12,C0290,North,Online,P0002,Smart Watch,Electronics,2,189.4,0.1,340.92,201.88,139.04
O006446,2026-07-12,C0202,North,Wholesale,P0005,Laptop Stand,Electronics,1,108.18,0.1,97.36,64.91,32.45
O006447,2026-07-12,C0022,South,Online,P0002,Smart Watch,Electronics,7,189.4,0.05,1259.51,706.58,552.93
O006448,2026-07-12,C0353,West,Wholesale,P0015,Wallet,Apparel,1,245.76,0.05,233.47,149.83,83.64
O006449,2026-07-12,C0202,North,Wholesale,P0011,Running Shoes,Apparel,1,291.03,0.05,276.48,135.32,141.16
O006450,2026-07-12,C0204,North,Retail,P0017,Standing Desk,Office Supplies,2,143.29,0.15,243.59,173.9,69.69
O006451,2026-07-12,C0077,North,Wholesale,P0008,Cookware Set,Home & Kitchen,1,144.8,0.0,144.8,69.09,75.71
O006452,2026-07-13,C0068,East,Retail,P0012,Denim Jacket,Apparel,7,97.06,0.05,645.45,397.74,247.71
O006453,2026-07-13,C0285,South,Retail,P0016,Ergonomic Chair,Office Supplies,5,85.32,0.1,383.94,257.15,126.79
O006454,2026-07-13,C0070,North,Wholesale,P0002,Smart Watch,Electronics,5,189.4,0.1,852.3,504.7,347.6
O006455,2026-07-14,C0017,South,Wholesale,P0009,Vacuum Cleaner,Home & Kitchen,5,86.66,0.0,433.3,266.2,167.1
O006456,2026-07-14,C0113,South,Retail,P0006,Air Fryer,Home & Kitchen,5,298.69,0.0,1493.45,760.0,733.45
O006457,2026-07-14,C0058,North,Retail,P0011,Running Shoes,Apparel,3,291.03,0.2,698.47,405.96,292.51
O006458,2026-07-14,C0311,North,Online,P0019,Desk Organizer,Office Supplies,1,260.68,0.0,260.68,170.95,89.73
O006459,2026-07-14,C0090,West,Retail,P0003,Bluetooth Speaker,Electronics,7,365.93,0.05,2433.43,1507.31,926.12
O006460,2026-07-14,C0036,South,Retail,P0016,Ergonomic Chair,Office Supplies,1,85.32,0.05,81.05,51.43,29.62
O006461,2026-07-14,C0073,North,Retail,P0009,Vacuum Cleaner,Home & Kitchen,5,86.66,0.0,433.3,266.2,167.1
O006462,2026-07-14,C0182,South,Retail,P0010,Coffee Maker,Home & Kitchen,1,276.64,0.05,262.81,205.42,57.39
O006463,2026-07-14,C0078,South,Wholesale,P0009,Vacuum Cleaner,Home & Kitchen,1,86.66,0.0,86.66,53.24,33.42
O006464,2026-07-14,C0149,North,Online,P0015,Wallet,Apparel,5,245.76,0.05,1167.36,749.15,418.21
O006465,2026-07-14,C0223,West,Wholesale,P0001,Wireless Earbuds,Electronics,3,46.85,0.0,140.55,72.54,68.01
O006466,2026-07-14,C0350,East,Online,P0016,Ergonomic Chair,Office Supplies,3,85.32,0.1,230.36,154.29,76.07
O006467,2026-07-15,C0338,East,Retail,P0014,Sunglasses,Apparel,2,226.65,0.0,453.3,237.92,215.38
O006468,2026-07-15,C0273,South,Wholesale,P0020,Monitor Arm,Office Supplies,6,193.94,0.15,989.09,776.4,212.69
O006469,2026-07-15,C0028,South,Wholesale,P0006,Air Fryer,Home & Kitchen,1,298.69,0.1,268.82,152.0,116.82
O006470,2026-07-15,C0196,South,Online,P0015,Wallet,Apparel,5,245.76,0.1,1105.92,749.15,356.77
O006471,2026-07-15,C0389,West,Online,P0007,Blender,Home & Kitchen,2,121.55,0.05,230.94,177.52,53.42
O006472,2026-07-15,C0101,West,Retail,P0017,Standing Desk,Office Supplies,5,143.29,0.0,716.45,434.75,281.7
O006473,2026-07-16,C0215,North,Retail,P0008,Cookware Set,Home & Kitchen,5,144.8,0.0,724.0,345.45,378.55
O006474,2026-07-16,C0030,North,Online,P0017,Standing Desk,Office Supplies,4,143.29,0.2,458.53,347.8,110.73
O006475,2026-07-16,C0173,South,Online,P0010,Coffee Maker,Home & Kitchen,6,276.64,0.0,1659.84,1232.52,427.32
O006476,2026-07-16,C0156,West,Retail,P0015,Wallet,Apparel,7,245.76,0.0,1720.32,1048.81,671.51
O006477,2026-07-16,C0073,North,Retail,P0008,Cookware Set,Home & Kitchen,2,144.8,0.15,246.16,138.18,107.98
O006478,2026-07-16,C0090,West,Retail,P0020,Monitor Arm,Office Supplies,7,193.94,0.05,1289.7,905.8,383.9
O006479,2026-07-16,C0279,North,Retail,P0011,Running Shoes,Apparel,6,291.03,0.1,1571.56,811.92,759.64
O006480,2026-07-16,C0250,South,Online,P0001,Wireless Earbuds,Electronics,2,46.85,0.05,89.02,48.36,40.66
O006481,2026-07-16,C0302,North,Online,P0007,Blender,Home & Kitchen,2,121.55,0.05,230.94,177.52,53.42
O006482,2026-07-17,C0352,West,Retail,P0004,Power Bank,Electronics,1,156.84,0.15,133.31,114.24,19.07
O006483,2026-07-17,C0051,East,Retail,P0007,Blender,Home & Kitchen,1,121.55,0.05,115.47,88.76,26.71
O006484,2026-07-18,C0395,West,Wholesale,P0018,Notebook Set,Office Supplies,6,171.61,0.0,1029.66,513.42,516.24
O006485,2026-07-18,C0071,East,Retail,P0018,Notebook Set,Office Supplies,5,171.61,0.0,858.05,427.85,430.2
O006486,2026-07-18,C0010,East,Online,P0008,Cookware Set,Home & Kitchen,5,144.8,0.1,651.6,345.45,306.15
O006487,2026-07-18,C0075,West,Online,P0015,Wallet,Apparel,7,245.76,0.1,1548.29,1048.81,499.48
O006488,2026-07-18,C0239,West,Online,P0002,Smart Watch,Electronics,3,189.4,0.05,539.79,302.82,236.97
O006489,2026-07-18,C0153,North,Online,P0019,Desk Organizer,Office Supplies,4,260.68,0.1,938.45,683.8,254.65
O006490,2026-07-18,C0187,West,Online,P0009,Vacuum Cleaner,Home & Kitchen,7,86.66,0.0,606.62,372.68,233.94
O006491,2026-07-18,C0306,South,Online,P0011,Running Shoes,Apparel,4,291.03,0.1,1047.71,541.28,506.43
O006492,2026-07-18,C0189,South,Wholesale,P0019,Desk Organizer,Office Supplies,3,260.68,0.1,703.84,512.85,190.99
O006493,2026-07-18,C0273,South,Wholesale,P0004,Power Bank,Electronics,4,156.84,0.0,627.36,456.96,170.4
O006494,2026-07-18,C0109,East,Online,P0004,Power Bank,Electronics,7,156.84,0.0,1097.88,799.68,298.2
O006495,2026-07-19,C0240,South,Retail,P0017,Standing Desk,Office Supplies,3,143.29,0.0,429.87,260.85,169.02
O006496,2026-07-19,C0375,East,Retail,P0009,Vacuum Cleaner,Home & Kitchen,2,86.66,0.1,155.99,106.48,49.51
O006497,2026-07-19,C0363,West,Wholesale,P0013,Backpack,Apparel,3,282.71,0.05,805.72,602.22,203.5
O006498,2026-07-19,C0273,South,Wholesale,P0003,Bluetooth Speaker,Electronics,4,365.93,0.0,1463.72,861.32,602.4
O006499,2026-07-19,C0226,East,Wholesale,P0008,Cookware Set,Home & Kitchen,7,144.8,0.0,1013.6,483.63,529.97
O006500,2026-07-19,C0081,West,Retail,P0008,Cookware Set,Home & Kitchen,7,144.8,0.0,1013.6,483.63,529.97
O006501,2026-07-19,C0253,North,Online,P0012,Denim Jacket,Apparel,1,97.06,0.05,92.21,56.82,35.39
O006502,2026-07-19,C0139,South,Wholesale,P0001,Wireless Earbuds,Electronics,3,46.85,0.05,133.52,72.54,60.98
O006503,2026-07-19,C0014,West,Online,P0010,Coffee Maker,Home & Kitchen,1,276.64,0.0,276.64,205.42,71.22
O006504,2026-07-19,C0194,North,Online,P0007,Blender,Home & Kitchen,1,121.55,0.1,109.4,88.76,20.64
O006505,2026-07-20,C0238,West,Wholesale,P0008,Cookware Set,Home & Kitchen,6,144.8,0.0,868.8,414.54,454.26
O006506,2026-07-20,C0184,West,Online,P0003,Bluetooth Speaker,Electronics,3,365.93,0.0,1097.79,645.99,451.8
O006507,2026-07-20,C0296,North,Wholesale,P0006,Air Fryer,Home & Kitchen,6,298.69,0.0,1792.14,912.0,880.14
O006508,2026-07-21,C0091,South,Retail,P0012,Denim Jacket,Apparel,3,97.06,0.1,262.06,170.46,91.6
O006509,2026-07-21,C0127,North,Retail,P0003,Bluetooth Speaker,Electronics,5,365.93,0.05,1738.17,1076.65,661.52
O006510,2026-07-21,C0386,North,Online,P0010,Coffee Maker,Home & Kitchen,6,276.64,0.0,1659.84,1232.52,427.32
O006511,2026-07-21,C0334,South,Retail,P0002,Smart Watch,Electronics,1,189.4,0.1,170.46,100.94,69.52
O006512,2026-07-21,C0339,West,Retail,P0004,Power Bank,Electronics,2,156.84,0.0,313.68,228.48,85.2
O006513,2026-07-21,C0154,West,Retail,P0007,Blender,Home & Kitchen,3,121.55,0.15,309.95,266.28,43.67
O006514,2026-07-21,C0019,North,Retail,P0001,Wireless Earbuds,Electronics,6,46.85,0.1,252.99,145.08,107.91
O006515,2026-07-21,C0182,South,Retail,P0019,Desk Organizer,Office Supplies,7,260.68,0.0,1824.76,1196.65,628.11
O006516,2026-07-21,C0015,West,Wholesale,P0007,Blender,Home & Kitchen,5,121.55,0.1,546.98,443.8,103.18
O006517,2026-07-21,C0236,North,Retail,P0013,Backpack,Apparel,3,282.71,0.05,805.72,602.22,203.5
O006518,2026-07-21,C0001,South,Retail,P0011,Running Shoes,Apparel,3,291.03,0.05,829.44,405.96,423.48
O006519,2026-07-21,C0146,West,Wholesale,P0006,Air Fryer,Home & Kitchen,7,298.69,0.0,2090.83,1064.0,1026.83
O006520,2026-07-22,C0267,West,Retail,P0008,Cookware Set,Home & Kitchen,7,144.8,0.0,1013.6,483.63,529.97
O006521,2026-07-22,C0220,North,Retail,P0004,Power Bank,Electronics,2,156.84,0.0,313.68,228.48,85.2
O006522,2026-07-22,C0145,West,Retail,P0012,Denim Jacket,Apparel,5,97.06,0.1,436.77,284.1,152.67
O006523,2026-07-22,C0182,South,Retail,P0010,Coffee Maker,Home & Kitchen,2,276.64,0.0,553.28,410.84,142.44
O006524,2026-07-22,C0278,East,Online,P0004,Power Bank,Electronics,7,156.84,0.2,878.3,799.68,78.62
O006525,2026-07-22,C0271,North,Online,P0014,Sunglasses,Apparel,7,226.65,0.1,1427.9,832.72,595.18
O006526,2026-07-23,C0177,South,Online,P0010,Coffee Maker,Home & Kitchen,7,276.64,0.0,1936.48,1437.94,498.54
O006527,2026-07-23,C0336,South,Wholesale,P0007,Blender,Home & Kitchen,5,121.55,0.0,607.75,443.8,163.95
O006528,2026-07-23,C0066,South,Retail,P0001,Wireless Earbuds,Electronics,5,46.85,0.0,234.25,120.9,113.35
O006529,2026-07-23,C0188,South,Retail,P0017,Standing Desk,Office Supplies,7,143.29,0.15,852.58,608.65,243.93
O006530,2026-07-23,C0041,North,Wholesale,P0014,Sunglasses,Apparel,1,226.65,0.0,226.65,118.96,107.69
O006531,2026-07-23,C0076,North,Retail,P0004,Power Bank,Electronics,7,156.84,0.05,1042.99,799.68,243.31
O006532,2026-07-24,C0164,North,Retail,P0016,Ergonomic Chair,Office Supplies,3,85.32,0.05,243.16,154.29,88.87
O006533,2026-07-24,C0185,North,Retail,P0003,Bluetooth Speaker,Electronics,2,365.93,0.1,658.67,430.66,228.01
O006534,2026-07-24,C0193,West,Online,P0002,Smart Watch,Electronics,7,189.4,0.05,1259.51,706.58,552.93
O006535,2026-07-24,C0191,East,Online,P0008,Cookware Set,Home & Kitchen,6,144.8,0.05,825.36,414.54,410.82
O006536,2026-07-24,C0126,North,Retail,P0009,Vacuum Cleaner,Home & Kitchen,5,86.66,0.0,433.3,266.2,167.1
O006537,2026-07-24,C0248,North,Retail,P0019,Desk Organizer,Office Supplies,5,260.68,0.1,1173.06,854.75,318.31
O006538,2026-07-24,C0390,West,Online,P0020,Monitor Arm,Office Supplies,7,193.94,0.0,1357.58,905.8,451.78
O006539,2026-07-24,C0360,East,Online,P0009,Vacuum Cleaner,Home & Kitchen,3,86.66,0.1,233.98,159.72,74.26
O006540,2026-07-24,C0036,South,Retail,P0019,Desk Organizer,Office Supplies,3,260.68,0.1,703.84,512.85,190.99
O006541,2026-07-25,C0288,West,Online,P0003,Bluetooth Speaker,Electronics,5,365.93,0.15,1555.2,1076.65,478.55
O006542,2026-07-25,C0150,North,Retail,P0015,Wallet,Apparel,4,245.76,0.0,983.04,599.32,383.72
O006543,2026-07-25,C0062,West,Wholesale,P0003,Bluetooth Speaker,Electronics,5,365.93,0.05,1738.17,1076.65,661.52
O006544,2026-07-25,C0122,East,Retail,P0008,Cookware Set,Home & Kitchen,6,144.8,0.0,868.8,414.54,454.26
O006545,2026-07-25,C0037,East,Wholesale,P0008,Cookware Set,Home & Kitchen,5,144.8,0.1,651.6,345.45,306.15
O006546,2026-07-25,C0058,North,Retail,P0008,Cookware Set,Home & Kitchen,1,144.8,0.0,144.8,69.09,75.71
O006547,2026-07-26,C0258,West,Retail,P0007,Blender,Home & Kitchen,3,121.55,0.05,346.42,266.28,80.14
O006548,2026-07-26,C0303,West,Retail,P0014,Sunglasses,Apparel,7,226.65,0.0,1586.55,832.72,753.83
O006549,2026-07-26,C0203,West,Online,P0016,Ergonomic Chair,Office Supplies,7,85.32,0.1,537.52,360.01,177.51
O006550,2026-07-26,C0278,East,Online,P0013,Backpack,Apparel,4,282.71,0.15,961.21,802.96,158.25
O006551,2026-07-26,C0336,South,Wholesale,P0004,Power Bank,Electronics,3,156.84,0.15,399.94,342.72,57.22
O006552,2026-07-26,C0325,West,Wholesale,P0008,Cookware Set,Home & Kitchen,4,144.8,0.0,579.2,276.36,302.84
O006553,2026-07-26,C0130,North,Online,P0011,Running Shoes,Apparel,7,291.03,0.15,1731.63,947.24,784.39
O006554,2026-07-26,C0321,South,Retail,P0003,Bluetooth Speaker,Electronics,2,365.93,0.0,731.86,430.66,301.2
O006555,2026-07-27,C0112,North,Online,P0005,Laptop Stand,Electronics,2,108.18,0.05,205.54,129.82,75.72
O006556,2026-07-27,C0205,South,Wholesale,P0013,Backpack,Apparel,4,282.71,0.0,1130.84,802.96,327.88
O006557,2026-07-27,C0282,South,Wholesale,P0012,Denim Jacket,Apparel,2,97.06,0.05,184.41,113.64,70.77
O006558,2026-07-27,C0144,North,Retail,P0006,Air Fryer,Home & Kitchen,7,298.69,0.1,1881.75,1064.0,817.75
O006559,2026-07-27,C0332,North,Wholesale,P0013,Backpack,Apparel,4,282.71,0.1,1017.76,802.96,214.8
O006560,2026-07-27,C0375,East,Retail,P0017,Standing Desk,Office Supplies,5,143.29,0.05,680.63,434.75,245.88
O006561,2026-07-27,C0117,North,Online,P0001,Wireless Earbuds,Electronics,1,46.85,0.0,46.85,24.18,22.67
O006562,2026-07-27,C0020,South,Retail,P0001,Wireless Earbuds,Electronics,7,46.85,0.05,311.55,169.26,142.29
O006563,2026-07-27,C0207,South,Retail,P0003,Bluetooth Speaker,Electronics,1,365.93,0.05,347.63,215.33,132.3
O006564,2026-07-27,C0342,North,Wholesale,P0010,Coffee Maker,Home & Kitchen,4,276.64,0.05,1051.23,821.68,229.55
O006565,2026-07-27,C0177,South,Online,P0006,Air Fryer,Home & Kitchen,2,298.69,0.0,597.38,304.0,293.38
O006566,2026-07-27,C0331,North,Online,P0018,Notebook Set,Office Supplies,7,171.61,0.05,1141.21,598.99,542.22
O006567,2026-07-28,C0091,South,Retail,P0008,Cookware Set,Home & Kitchen,2,144.8,0.0,289.6,138.18,151.42
O006568,2026-07-28,C0067,West,Retail,P0015,Wallet,Apparel,3,245.76,0.0,737.28,449.49,287.79
O006569,2026-07-28,C0325,West,Wholesale,P0002,Smart Watch,Electronics,7,189.4,0.15,1126.93,706.58,420.35
O006570,2026-07-28,C0362,East,Online,P0019,Desk Organizer,Office Supplies,4,260.68,0.05,990.58,683.8,306.78
O006571,2026-07-28,C0268,West,Retail,P0017,Standing Desk,Office Supplies,4,143.29,0.1,515.84,347.8,168.04
O006572,2026-07-28,C0133,North,Retail,P0019,Desk Organizer,Office Supplies,1,260.68,0.0,260.68,170.95,89.73
O006573,2026-07-29,C0084,East,Online,P0019,Desk Organizer,Office Supplies,1,260.68,0.05,247.65,170.95,76.7
O006574,2026-07-29,C0228,East,Online,P0013,Backpack,Apparel,7,282.71,0.0,1978.97,1405.18,573.79
O006575,2026-07-29,C0386,North,Online,P0020,Monitor Arm,Office Supplies,6,193.94,0.0,1163.64,776.4,387.24
O006576,2026-07-29,C0074,South,Retail,P0009,Vacuum Cleaner,Home & Kitchen,6,86.66,0.0,519.96,319.44,200.52
O006577,2026-07-29,C0133,North,Retail,P0002,Smart Watch,Electronics,5,189.4,0.05,899.65,504.7,394.95
O006578,2026-07-30,C0126,North,Retail,P0009,Vacuum Cleaner,Home & Kitchen,5,86.66,0.05,411.63,266.2,145.43
O006579,2026-07-30,C0359,North,Retail,P0007,Blender,Home & Kitchen,7,121.55,0.0,850.85,621.32,229.53
O006580,2026-07-30,C0210,East,Wholesale,P0015,Wallet,Apparel,7,245.76,0.05,1634.3,1048.81,585.49
O006581,2026-07-30,C0019,North,Retail,P0011,Running Shoes,Apparel,3,291.03,0.05,829.44,405.96,423.48
O006582,2026-07-30,C0054,North,Retail,P0005,Laptop Stand,Electronics,1,108.18,0.15,91.95,64.91,27.04
O006583,2026-07-30,C0115,West,Wholesale,P0008,Cookware Set,Home & Kitchen,5,144.8,0.0,724.0,345.45,378.55
